ID,TimeInterval,UpdateTime
0,tick05,09:30:00
1,tick05,09:30:01
2,tick05,09:30:01
3,tick05,09:30:02
4,tick05,09:30:02
5,tick05,09:30:03
6,tick05,09:30:03
7,tick05,09:30:04
8,tick05,09:30:04
9,tick05,09:30:05
10,tick05,09:30:05
11,tick05,09:30:06
12,tick05,09:30:06
13,tick05,09:30:07
14,tick05,09:30:07
15,tick05,09:30:08
16,tick05,09:30:08
17,tick05,09:30:09
18,tick05,09:30:09
19,tick05,09:30:10
20,tick05,09:30:10
21,tick05,09:30:11
22,tick05,09:30:11
23,tick05,09:30:12
24,tick05,09:30:12
25,tick05,09:30:13
26,tick05,09:30:13
27,tick05,09:30:14
28,tick05,09:30:14
29,tick05,09:30:15
30,tick05,09:30:15
31,tick05,09:30:16
32,tick05,09:30:16
33,tick05,09:30:17
34,tick05,09:30:17
35,tick05,09:30:18
36,tick05,09:30:18
37,tick05,09:30:19
38,tick05,09:30:19
39,tick05,09:30:20
40,tick05,09:30:20
41,tick05,09:30:21
42,tick05,09:30:21
43,tick05,09:30:22
44,tick05,09:30:22
45,tick05,09:30:23
46,tick05,09:30:23
47,tick05,09:30:24
48,tick05,09:30:24
49,tick05,09:30:25
50,tick05,09:30:25
51,tick05,09:30:26
52,tick05,09:30:26
53,tick05,09:30:27
54,tick05,09:30:27
55,tick05,09:30:28
56,tick05,09:30:28
57,tick05,09:30:29
58,tick05,09:30:29
59,tick05,09:30:30
60,tick05,09:30:30
61,tick05,09:30:31
62,tick05,09:30:31
63,tick05,09:30:32
64,tick05,09:30:32
65,tick05,09:30:33
66,tick05,09:30:33
67,tick05,09:30:34
68,tick05,09:30:34
69,tick05,09:30:35
70,tick05,09:30:35
71,tick05,09:30:36
72,tick05,09:30:36
73,tick05,09:30:37
74,tick05,09:30:37
75,tick05,09:30:38
76,tick05,09:30:38
77,tick05,09:30:39
78,tick05,09:30:39
79,tick05,09:30:40
80,tick05,09:30:40
81,tick05,09:30:41
82,tick05,09:30:41
83,tick05,09:30:42
84,tick05,09:30:42
85,tick05,09:30:43
86,tick05,09:30:43
87,tick05,09:30:44
88,tick05,09:30:44
89,tick05,09:30:45
90,tick05,09:30:45
91,tick05,09:30:46
92,tick05,09:30:46
93,tick05,09:30:47
94,tick05,09:30:47
95,tick05,09:30:48
96,tick05,09:30:48
97,tick05,09:30:49
98,tick05,09:30:49
99,tick05,09:30:50
100,tick05,09:30:50
101,tick05,09:30:51
102,tick05,09:30:51
103,tick05,09:30:52
104,tick05,09:30:52
105,tick05,09:30:53
106,tick05,09:30:53
107,tick05,09:30:54
108,tick05,09:30:54
109,tick05,09:30:55
110,tick05,09:30:55
111,tick05,09:30:56
112,tick05,09:30:56
113,tick05,09:30:57
114,tick05,09:30:57
115,tick05,09:30:58
116,tick05,09:30:58
117,tick05,09:30:59
118,tick05,09:30:59
119,tick05,09:31:00
120,tick05,09:31:00
121,tick05,09:31:01
122,tick05,09:31:01
123,tick05,09:31:02
124,tick05,09:31:02
125,tick05,09:31:03
126,tick05,09:31:03
127,tick05,09:31:04
128,tick05,09:31:04
129,tick05,09:31:05
130,tick05,09:31:05
131,tick05,09:31:06
132,tick05,09:31:06
133,tick05,09:31:07
134,tick05,09:31:07
135,tick05,09:31:08
136,tick05,09:31:08
137,tick05,09:31:09
138,tick05,09:31:09
139,tick05,09:31:10
140,tick05,09:31:10
141,tick05,09:31:11
142,tick05,09:31:11
143,tick05,09:31:12
144,tick05,09:31:12
145,tick05,09:31:13
146,tick05,09:31:13
147,tick05,09:31:14
148,tick05,09:31:14
149,tick05,09:31:15
150,tick05,09:31:15
151,tick05,09:31:16
152,tick05,09:31:16
153,tick05,09:31:17
154,tick05,09:31:17
155,tick05,09:31:18
156,tick05,09:31:18
157,tick05,09:31:19
158,tick05,09:31:19
159,tick05,09:31:20
160,tick05,09:31:20
161,tick05,09:31:21
162,tick05,09:31:21
163,tick05,09:31:22
164,tick05,09:31:22
165,tick05,09:31:23
166,tick05,09:31:23
167,tick05,09:31:24
168,tick05,09:31:24
169,tick05,09:31:25
170,tick05,09:31:25
171,tick05,09:31:26
172,tick05,09:31:26
173,tick05,09:31:27
174,tick05,09:31:27
175,tick05,09:31:28
176,tick05,09:31:28
177,tick05,09:31:29
178,tick05,09:31:29
179,tick05,09:31:30
180,tick05,09:31:30
181,tick05,09:31:31
182,tick05,09:31:31
183,tick05,09:31:32
184,tick05,09:31:32
185,tick05,09:31:33
186,tick05,09:31:33
187,tick05,09:31:34
188,tick05,09:31:34
189,tick05,09:31:35
190,tick05,09:31:35
191,tick05,09:31:36
192,tick05,09:31:36
193,tick05,09:31:37
194,tick05,09:31:37
195,tick05,09:31:38
196,tick05,09:31:38
197,tick05,09:31:39
198,tick05,09:31:39
199,tick05,09:31:40
200,tick05,09:31:40
201,tick05,09:31:41
202,tick05,09:31:41
203,tick05,09:31:42
204,tick05,09:31:42
205,tick05,09:31:43
206,tick05,09:31:43
207,tick05,09:31:44
208,tick05,09:31:44
209,tick05,09:31:45
210,tick05,09:31:45
211,tick05,09:31:46
212,tick05,09:31:46
213,tick05,09:31:47
214,tick05,09:31:47
215,tick05,09:31:48
216,tick05,09:31:48
217,tick05,09:31:49
218,tick05,09:31:49
219,tick05,09:31:50
220,tick05,09:31:50
221,tick05,09:31:51
222,tick05,09:31:51
223,tick05,09:31:52
224,tick05,09:31:52
225,tick05,09:31:53
226,tick05,09:31:53
227,tick05,09:31:54
228,tick05,09:31:54
229,tick05,09:31:55
230,tick05,09:31:55
231,tick05,09:31:56
232,tick05,09:31:56
233,tick05,09:31:57
234,tick05,09:31:57
235,tick05,09:31:58
236,tick05,09:31:58
237,tick05,09:31:59
238,tick05,09:31:59
239,tick05,09:32:00
240,tick05,09:32:00
241,tick05,09:32:01
242,tick05,09:32:01
243,tick05,09:32:02
244,tick05,09:32:02
245,tick05,09:32:03
246,tick05,09:32:03
247,tick05,09:32:04
248,tick05,09:32:04
249,tick05,09:32:05
250,tick05,09:32:05
251,tick05,09:32:06
252,tick05,09:32:06
253,tick05,09:32:07
254,tick05,09:32:07
255,tick05,09:32:08
256,tick05,09:32:08
257,tick05,09:32:09
258,tick05,09:32:09
259,tick05,09:32:10
260,tick05,09:32:10
261,tick05,09:32:11
262,tick05,09:32:11
263,tick05,09:32:12
264,tick05,09:32:12
265,tick05,09:32:13
266,tick05,09:32:13
267,tick05,09:32:14
268,tick05,09:32:14
269,tick05,09:32:15
270,tick05,09:32:15
271,tick05,09:32:16
272,tick05,09:32:16
273,tick05,09:32:17
274,tick05,09:32:17
275,tick05,09:32:18
276,tick05,09:32:18
277,tick05,09:32:19
278,tick05,09:32:19
279,tick05,09:32:20
280,tick05,09:32:20
281,tick05,09:32:21
282,tick05,09:32:21
283,tick05,09:32:22
284,tick05,09:32:22
285,tick05,09:32:23
286,tick05,09:32:23
287,tick05,09:32:24
288,tick05,09:32:24
289,tick05,09:32:25
290,tick05,09:32:25
291,tick05,09:32:26
292,tick05,09:32:26
293,tick05,09:32:27
294,tick05,09:32:27
295,tick05,09:32:28
296,tick05,09:32:28
297,tick05,09:32:29
298,tick05,09:32:29
299,tick05,09:32:30
300,tick05,09:32:30
301,tick05,09:32:31
302,tick05,09:32:31
303,tick05,09:32:32
304,tick05,09:32:32
305,tick05,09:32:33
306,tick05,09:32:33
307,tick05,09:32:34
308,tick05,09:32:34
309,tick05,09:32:35
310,tick05,09:32:35
311,tick05,09:32:36
312,tick05,09:32:36
313,tick05,09:32:37
314,tick05,09:32:37
315,tick05,09:32:38
316,tick05,09:32:38
317,tick05,09:32:39
318,tick05,09:32:39
319,tick05,09:32:40
320,tick05,09:32:40
321,tick05,09:32:41
322,tick05,09:32:41
323,tick05,09:32:42
324,tick05,09:32:42
325,tick05,09:32:43
326,tick05,09:32:43
327,tick05,09:32:44
328,tick05,09:32:44
329,tick05,09:32:45
330,tick05,09:32:45
331,tick05,09:32:46
332,tick05,09:32:46
333,tick05,09:32:47
334,tick05,09:32:47
335,tick05,09:32:48
336,tick05,09:32:48
337,tick05,09:32:49
338,tick05,09:32:49
339,tick05,09:32:50
340,tick05,09:32:50
341,tick05,09:32:51
342,tick05,09:32:51
343,tick05,09:32:52
344,tick05,09:32:52
345,tick05,09:32:53
346,tick05,09:32:53
347,tick05,09:32:54
348,tick05,09:32:54
349,tick05,09:32:55
350,tick05,09:32:55
351,tick05,09:32:56
352,tick05,09:32:56
353,tick05,09:32:57
354,tick05,09:32:57
355,tick05,09:32:58
356,tick05,09:32:58
357,tick05,09:32:59
358,tick05,09:32:59
359,tick05,09:33:00
360,tick05,09:33:00
361,tick05,09:33:01
362,tick05,09:33:01
363,tick05,09:33:02
364,tick05,09:33:02
365,tick05,09:33:03
366,tick05,09:33:03
367,tick05,09:33:04
368,tick05,09:33:04
369,tick05,09:33:05
370,tick05,09:33:05
371,tick05,09:33:06
372,tick05,09:33:06
373,tick05,09:33:07
374,tick05,09:33:07
375,tick05,09:33:08
376,tick05,09:33:08
377,tick05,09:33:09
378,tick05,09:33:09
379,tick05,09:33:10
380,tick05,09:33:10
381,tick05,09:33:11
382,tick05,09:33:11
383,tick05,09:33:12
384,tick05,09:33:12
385,tick05,09:33:13
386,tick05,09:33:13
387,tick05,09:33:14
388,tick05,09:33:14
389,tick05,09:33:15
390,tick05,09:33:15
391,tick05,09:33:16
392,tick05,09:33:16
393,tick05,09:33:17
394,tick05,09:33:17
395,tick05,09:33:18
396,tick05,09:33:18
397,tick05,09:33:19
398,tick05,09:33:19
399,tick05,09:33:20
400,tick05,09:33:20
401,tick05,09:33:21
402,tick05,09:33:21
403,tick05,09:33:22
404,tick05,09:33:22
405,tick05,09:33:23
406,tick05,09:33:23
407,tick05,09:33:24
408,tick05,09:33:24
409,tick05,09:33:25
410,tick05,09:33:25
411,tick05,09:33:26
412,tick05,09:33:26
413,tick05,09:33:27
414,tick05,09:33:27
415,tick05,09:33:28
416,tick05,09:33:28
417,tick05,09:33:29
418,tick05,09:33:29
419,tick05,09:33:30
420,tick05,09:33:30
421,tick05,09:33:31
422,tick05,09:33:31
423,tick05,09:33:32
424,tick05,09:33:32
425,tick05,09:33:33
426,tick05,09:33:33
427,tick05,09:33:34
428,tick05,09:33:34
429,tick05,09:33:35
430,tick05,09:33:35
431,tick05,09:33:36
432,tick05,09:33:36
433,tick05,09:33:37
434,tick05,09:33:37
435,tick05,09:33:38
436,tick05,09:33:38
437,tick05,09:33:39
438,tick05,09:33:39
439,tick05,09:33:40
440,tick05,09:33:40
441,tick05,09:33:41
442,tick05,09:33:41
443,tick05,09:33:42
444,tick05,09:33:42
445,tick05,09:33:43
446,tick05,09:33:43
447,tick05,09:33:44
448,tick05,09:33:44
449,tick05,09:33:45
450,tick05,09:33:45
451,tick05,09:33:46
452,tick05,09:33:46
453,tick05,09:33:47
454,tick05,09:33:47
455,tick05,09:33:48
456,tick05,09:33:48
457,tick05,09:33:49
458,tick05,09:33:49
459,tick05,09:33:50
460,tick05,09:33:50
461,tick05,09:33:51
462,tick05,09:33:51
463,tick05,09:33:52
464,tick05,09:33:52
465,tick05,09:33:53
466,tick05,09:33:53
467,tick05,09:33:54
468,tick05,09:33:54
469,tick05,09:33:55
470,tick05,09:33:55
471,tick05,09:33:56
472,tick05,09:33:56
473,tick05,09:33:57
474,tick05,09:33:57
475,tick05,09:33:58
476,tick05,09:33:58
477,tick05,09:33:59
478,tick05,09:33:59
479,tick05,09:34:00
480,tick05,09:34:00
481,tick05,09:34:01
482,tick05,09:34:01
483,tick05,09:34:02
484,tick05,09:34:02
485,tick05,09:34:03
486,tick05,09:34:03
487,tick05,09:34:04
488,tick05,09:34:04
489,tick05,09:34:05
490,tick05,09:34:05
491,tick05,09:34:06
492,tick05,09:34:06
493,tick05,09:34:07
494,tick05,09:34:07
495,tick05,09:34:08
496,tick05,09:34:08
497,tick05,09:34:09
498,tick05,09:34:09
499,tick05,09:34:10
500,tick05,09:34:10
501,tick05,09:34:11
502,tick05,09:34:11
503,tick05,09:34:12
504,tick05,09:34:12
505,tick05,09:34:13
506,tick05,09:34:13
507,tick05,09:34:14
508,tick05,09:34:14
509,tick05,09:34:15
510,tick05,09:34:15
511,tick05,09:34:16
512,tick05,09:34:16
513,tick05,09:34:17
514,tick05,09:34:17
515,tick05,09:34:18
516,tick05,09:34:18
517,tick05,09:34:19
518,tick05,09:34:19
519,tick05,09:34:20
520,tick05,09:34:20
521,tick05,09:34:21
522,tick05,09:34:21
523,tick05,09:34:22
524,tick05,09:34:22
525,tick05,09:34:23
526,tick05,09:34:23
527,tick05,09:34:24
528,tick05,09:34:24
529,tick05,09:34:25
530,tick05,09:34:25
531,tick05,09:34:26
532,tick05,09:34:26
533,tick05,09:34:27
534,tick05,09:34:27
535,tick05,09:34:28
536,tick05,09:34:28
537,tick05,09:34:29
538,tick05,09:34:29
539,tick05,09:34:30
540,tick05,09:34:30
541,tick05,09:34:31
542,tick05,09:34:31
543,tick05,09:34:32
544,tick05,09:34:32
545,tick05,09:34:33
546,tick05,09:34:33
547,tick05,09:34:34
548,tick05,09:34:34
549,tick05,09:34:35
550,tick05,09:34:35
551,tick05,09:34:36
552,tick05,09:34:36
553,tick05,09:34:37
554,tick05,09:34:37
555,tick05,09:34:38
556,tick05,09:34:38
557,tick05,09:34:39
558,tick05,09:34:39
559,tick05,09:34:40
560,tick05,09:34:40
561,tick05,09:34:41
562,tick05,09:34:41
563,tick05,09:34:42
564,tick05,09:34:42
565,tick05,09:34:43
566,tick05,09:34:43
567,tick05,09:34:44
568,tick05,09:34:44
569,tick05,09:34:45
570,tick05,09:34:45
571,tick05,09:34:46
572,tick05,09:34:46
573,tick05,09:34:47
574,tick05,09:34:47
575,tick05,09:34:48
576,tick05,09:34:48
577,tick05,09:34:49
578,tick05,09:34:49
579,tick05,09:34:50
580,tick05,09:34:50
581,tick05,09:34:51
582,tick05,09:34:51
583,tick05,09:34:52
584,tick05,09:34:52
585,tick05,09:34:53
586,tick05,09:34:53
587,tick05,09:34:54
588,tick05,09:34:54
589,tick05,09:34:55
590,tick05,09:34:55
591,tick05,09:34:56
592,tick05,09:34:56
593,tick05,09:34:57
594,tick05,09:34:57
595,tick05,09:34:58
596,tick05,09:34:58
597,tick05,09:34:59
598,tick05,09:34:59
599,tick05,09:35:00
600,tick05,09:35:00
601,tick05,09:35:01
602,tick05,09:35:01
603,tick05,09:35:02
604,tick05,09:35:02
605,tick05,09:35:03
606,tick05,09:35:03
607,tick05,09:35:04
608,tick05,09:35:04
609,tick05,09:35:05
610,tick05,09:35:05
611,tick05,09:35:06
612,tick05,09:35:06
613,tick05,09:35:07
614,tick05,09:35:07
615,tick05,09:35:08
616,tick05,09:35:08
617,tick05,09:35:09
618,tick05,09:35:09
619,tick05,09:35:10
620,tick05,09:35:10
621,tick05,09:35:11
622,tick05,09:35:11
623,tick05,09:35:12
624,tick05,09:35:12
625,tick05,09:35:13
626,tick05,09:35:13
627,tick05,09:35:14
628,tick05,09:35:14
629,tick05,09:35:15
630,tick05,09:35:15
631,tick05,09:35:16
632,tick05,09:35:16
633,tick05,09:35:17
634,tick05,09:35:17
635,tick05,09:35:18
636,tick05,09:35:18
637,tick05,09:35:19
638,tick05,09:35:19
639,tick05,09:35:20
640,tick05,09:35:20
641,tick05,09:35:21
642,tick05,09:35:21
643,tick05,09:35:22
644,tick05,09:35:22
645,tick05,09:35:23
646,tick05,09:35:23
647,tick05,09:35:24
648,tick05,09:35:24
649,tick05,09:35:25
650,tick05,09:35:25
651,tick05,09:35:26
652,tick05,09:35:26
653,tick05,09:35:27
654,tick05,09:35:27
655,tick05,09:35:28
656,tick05,09:35:28
657,tick05,09:35:29
658,tick05,09:35:29
659,tick05,09:35:30
660,tick05,09:35:30
661,tick05,09:35:31
662,tick05,09:35:31
663,tick05,09:35:32
664,tick05,09:35:32
665,tick05,09:35:33
666,tick05,09:35:33
667,tick05,09:35:34
668,tick05,09:35:34
669,tick05,09:35:35
670,tick05,09:35:35
671,tick05,09:35:36
672,tick05,09:35:36
673,tick05,09:35:37
674,tick05,09:35:37
675,tick05,09:35:38
676,tick05,09:35:38
677,tick05,09:35:39
678,tick05,09:35:39
679,tick05,09:35:40
680,tick05,09:35:40
681,tick05,09:35:41
682,tick05,09:35:41
683,tick05,09:35:42
684,tick05,09:35:42
685,tick05,09:35:43
686,tick05,09:35:43
687,tick05,09:35:44
688,tick05,09:35:44
689,tick05,09:35:45
690,tick05,09:35:45
691,tick05,09:35:46
692,tick05,09:35:46
693,tick05,09:35:47
694,tick05,09:35:47
695,tick05,09:35:48
696,tick05,09:35:48
697,tick05,09:35:49
698,tick05,09:35:49
699,tick05,09:35:50
700,tick05,09:35:50
701,tick05,09:35:51
702,tick05,09:35:51
703,tick05,09:35:52
704,tick05,09:35:52
705,tick05,09:35:53
706,tick05,09:35:53
707,tick05,09:35:54
708,tick05,09:35:54
709,tick05,09:35:55
710,tick05,09:35:55
711,tick05,09:35:56
712,tick05,09:35:56
713,tick05,09:35:57
714,tick05,09:35:57
715,tick05,09:35:58
716,tick05,09:35:58
717,tick05,09:35:59
718,tick05,09:35:59
719,tick05,09:36:00
720,tick05,09:36:00
721,tick05,09:36:01
722,tick05,09:36:01
723,tick05,09:36:02
724,tick05,09:36:02
725,tick05,09:36:03
726,tick05,09:36:03
727,tick05,09:36:04
728,tick05,09:36:04
729,tick05,09:36:05
730,tick05,09:36:05
731,tick05,09:36:06
732,tick05,09:36:06
733,tick05,09:36:07
734,tick05,09:36:07
735,tick05,09:36:08
736,tick05,09:36:08
737,tick05,09:36:09
738,tick05,09:36:09
739,tick05,09:36:10
740,tick05,09:36:10
741,tick05,09:36:11
742,tick05,09:36:11
743,tick05,09:36:12
744,tick05,09:36:12
745,tick05,09:36:13
746,tick05,09:36:13
747,tick05,09:36:14
748,tick05,09:36:14
749,tick05,09:36:15
750,tick05,09:36:15
751,tick05,09:36:16
752,tick05,09:36:16
753,tick05,09:36:17
754,tick05,09:36:17
755,tick05,09:36:18
756,tick05,09:36:18
757,tick05,09:36:19
758,tick05,09:36:19
759,tick05,09:36:20
760,tick05,09:36:20
761,tick05,09:36:21
762,tick05,09:36:21
763,tick05,09:36:22
764,tick05,09:36:22
765,tick05,09:36:23
766,tick05,09:36:23
767,tick05,09:36:24
768,tick05,09:36:24
769,tick05,09:36:25
770,tick05,09:36:25
771,tick05,09:36:26
772,tick05,09:36:26
773,tick05,09:36:27
774,tick05,09:36:27
775,tick05,09:36:28
776,tick05,09:36:28
777,tick05,09:36:29
778,tick05,09:36:29
779,tick05,09:36:30
780,tick05,09:36:30
781,tick05,09:36:31
782,tick05,09:36:31
783,tick05,09:36:32
784,tick05,09:36:32
785,tick05,09:36:33
786,tick05,09:36:33
787,tick05,09:36:34
788,tick05,09:36:34
789,tick05,09:36:35
790,tick05,09:36:35
791,tick05,09:36:36
792,tick05,09:36:36
793,tick05,09:36:37
794,tick05,09:36:37
795,tick05,09:36:38
796,tick05,09:36:38
797,tick05,09:36:39
798,tick05,09:36:39
799,tick05,09:36:40
800,tick05,09:36:40
801,tick05,09:36:41
802,tick05,09:36:41
803,tick05,09:36:42
804,tick05,09:36:42
805,tick05,09:36:43
806,tick05,09:36:43
807,tick05,09:36:44
808,tick05,09:36:44
809,tick05,09:36:45
810,tick05,09:36:45
811,tick05,09:36:46
812,tick05,09:36:46
813,tick05,09:36:47
814,tick05,09:36:47
815,tick05,09:36:48
816,tick05,09:36:48
817,tick05,09:36:49
818,tick05,09:36:49
819,tick05,09:36:50
820,tick05,09:36:50
821,tick05,09:36:51
822,tick05,09:36:51
823,tick05,09:36:52
824,tick05,09:36:52
825,tick05,09:36:53
826,tick05,09:36:53
827,tick05,09:36:54
828,tick05,09:36:54
829,tick05,09:36:55
830,tick05,09:36:55
831,tick05,09:36:56
832,tick05,09:36:56
833,tick05,09:36:57
834,tick05,09:36:57
835,tick05,09:36:58
836,tick05,09:36:58
837,tick05,09:36:59
838,tick05,09:36:59
839,tick05,09:37:00
840,tick05,09:37:00
841,tick05,09:37:01
842,tick05,09:37:01
843,tick05,09:37:02
844,tick05,09:37:02
845,tick05,09:37:03
846,tick05,09:37:03
847,tick05,09:37:04
848,tick05,09:37:04
849,tick05,09:37:05
850,tick05,09:37:05
851,tick05,09:37:06
852,tick05,09:37:06
853,tick05,09:37:07
854,tick05,09:37:07
855,tick05,09:37:08
856,tick05,09:37:08
857,tick05,09:37:09
858,tick05,09:37:09
859,tick05,09:37:10
860,tick05,09:37:10
861,tick05,09:37:11
862,tick05,09:37:11
863,tick05,09:37:12
864,tick05,09:37:12
865,tick05,09:37:13
866,tick05,09:37:13
867,tick05,09:37:14
868,tick05,09:37:14
869,tick05,09:37:15
870,tick05,09:37:15
871,tick05,09:37:16
872,tick05,09:37:16
873,tick05,09:37:17
874,tick05,09:37:17
875,tick05,09:37:18
876,tick05,09:37:18
877,tick05,09:37:19
878,tick05,09:37:19
879,tick05,09:37:20
880,tick05,09:37:20
881,tick05,09:37:21
882,tick05,09:37:21
883,tick05,09:37:22
884,tick05,09:37:22
885,tick05,09:37:23
886,tick05,09:37:23
887,tick05,09:37:24
888,tick05,09:37:24
889,tick05,09:37:25
890,tick05,09:37:25
891,tick05,09:37:26
892,tick05,09:37:26
893,tick05,09:37:27
894,tick05,09:37:27
895,tick05,09:37:28
896,tick05,09:37:28
897,tick05,09:37:29
898,tick05,09:37:29
899,tick05,09:37:30
900,tick05,09:37:30
901,tick05,09:37:31
902,tick05,09:37:31
903,tick05,09:37:32
904,tick05,09:37:32
905,tick05,09:37:33
906,tick05,09:37:33
907,tick05,09:37:34
908,tick05,09:37:34
909,tick05,09:37:35
910,tick05,09:37:35
911,tick05,09:37:36
912,tick05,09:37:36
913,tick05,09:37:37
914,tick05,09:37:37
915,tick05,09:37:38
916,tick05,09:37:38
917,tick05,09:37:39
918,tick05,09:37:39
919,tick05,09:37:40
920,tick05,09:37:40
921,tick05,09:37:41
922,tick05,09:37:41
923,tick05,09:37:42
924,tick05,09:37:42
925,tick05,09:37:43
926,tick05,09:37:43
927,tick05,09:37:44
928,tick05,09:37:44
929,tick05,09:37:45
930,tick05,09:37:45
931,tick05,09:37:46
932,tick05,09:37:46
933,tick05,09:37:47
934,tick05,09:37:47
935,tick05,09:37:48
936,tick05,09:37:48
937,tick05,09:37:49
938,tick05,09:37:49
939,tick05,09:37:50
940,tick05,09:37:50
941,tick05,09:37:51
942,tick05,09:37:51
943,tick05,09:37:52
944,tick05,09:37:52
945,tick05,09:37:53
946,tick05,09:37:53
947,tick05,09:37:54
948,tick05,09:37:54
949,tick05,09:37:55
950,tick05,09:37:55
951,tick05,09:37:56
952,tick05,09:37:56
953,tick05,09:37:57
954,tick05,09:37:57
955,tick05,09:37:58
956,tick05,09:37:58
957,tick05,09:37:59
958,tick05,09:37:59
959,tick05,09:38:00
960,tick05,09:38:00
961,tick05,09:38:01
962,tick05,09:38:01
963,tick05,09:38:02
964,tick05,09:38:02
965,tick05,09:38:03
966,tick05,09:38:03
967,tick05,09:38:04
968,tick05,09:38:04
969,tick05,09:38:05
970,tick05,09:38:05
971,tick05,09:38:06
972,tick05,09:38:06
973,tick05,09:38:07
974,tick05,09:38:07
975,tick05,09:38:08
976,tick05,09:38:08
977,tick05,09:38:09
978,tick05,09:38:09
979,tick05,09:38:10
980,tick05,09:38:10
981,tick05,09:38:11
982,tick05,09:38:11
983,tick05,09:38:12
984,tick05,09:38:12
985,tick05,09:38:13
986,tick05,09:38:13
987,tick05,09:38:14
988,tick05,09:38:14
989,tick05,09:38:15
990,tick05,09:38:15
991,tick05,09:38:16
992,tick05,09:38:16
993,tick05,09:38:17
994,tick05,09:38:17
995,tick05,09:38:18
996,tick05,09:38:18
997,tick05,09:38:19
998,tick05,09:38:19
999,tick05,09:38:20
1000,tick05,09:38:20
1001,tick05,09:38:21
1002,tick05,09:38:21
1003,tick05,09:38:22
1004,tick05,09:38:22
1005,tick05,09:38:23
1006,tick05,09:38:23
1007,tick05,09:38:24
1008,tick05,09:38:24
1009,tick05,09:38:25
1010,tick05,09:38:25
1011,tick05,09:38:26
1012,tick05,09:38:26
1013,tick05,09:38:27
1014,tick05,09:38:27
1015,tick05,09:38:28
1016,tick05,09:38:28
1017,tick05,09:38:29
1018,tick05,09:38:29
1019,tick05,09:38:30
1020,tick05,09:38:30
1021,tick05,09:38:31
1022,tick05,09:38:31
1023,tick05,09:38:32
1024,tick05,09:38:32
1025,tick05,09:38:33
1026,tick05,09:38:33
1027,tick05,09:38:34
1028,tick05,09:38:34
1029,tick05,09:38:35
1030,tick05,09:38:35
1031,tick05,09:38:36
1032,tick05,09:38:36
1033,tick05,09:38:37
1034,tick05,09:38:37
1035,tick05,09:38:38
1036,tick05,09:38:38
1037,tick05,09:38:39
1038,tick05,09:38:39
1039,tick05,09:38:40
1040,tick05,09:38:40
1041,tick05,09:38:41
1042,tick05,09:38:41
1043,tick05,09:38:42
1044,tick05,09:38:42
1045,tick05,09:38:43
1046,tick05,09:38:43
1047,tick05,09:38:44
1048,tick05,09:38:44
1049,tick05,09:38:45
1050,tick05,09:38:45
1051,tick05,09:38:46
1052,tick05,09:38:46
1053,tick05,09:38:47
1054,tick05,09:38:47
1055,tick05,09:38:48
1056,tick05,09:38:48
1057,tick05,09:38:49
1058,tick05,09:38:49
1059,tick05,09:38:50
1060,tick05,09:38:50
1061,tick05,09:38:51
1062,tick05,09:38:51
1063,tick05,09:38:52
1064,tick05,09:38:52
1065,tick05,09:38:53
1066,tick05,09:38:53
1067,tick05,09:38:54
1068,tick05,09:38:54
1069,tick05,09:38:55
1070,tick05,09:38:55
1071,tick05,09:38:56
1072,tick05,09:38:56
1073,tick05,09:38:57
1074,tick05,09:38:57
1075,tick05,09:38:58
1076,tick05,09:38:58
1077,tick05,09:38:59
1078,tick05,09:38:59
1079,tick05,09:39:00
1080,tick05,09:39:00
1081,tick05,09:39:01
1082,tick05,09:39:01
1083,tick05,09:39:02
1084,tick05,09:39:02
1085,tick05,09:39:03
1086,tick05,09:39:03
1087,tick05,09:39:04
1088,tick05,09:39:04
1089,tick05,09:39:05
1090,tick05,09:39:05
1091,tick05,09:39:06
1092,tick05,09:39:06
1093,tick05,09:39:07
1094,tick05,09:39:07
1095,tick05,09:39:08
1096,tick05,09:39:08
1097,tick05,09:39:09
1098,tick05,09:39:09
1099,tick05,09:39:10
1100,tick05,09:39:10
1101,tick05,09:39:11
1102,tick05,09:39:11
1103,tick05,09:39:12
1104,tick05,09:39:12
1105,tick05,09:39:13
1106,tick05,09:39:13
1107,tick05,09:39:14
1108,tick05,09:39:14
1109,tick05,09:39:15
1110,tick05,09:39:15
1111,tick05,09:39:16
1112,tick05,09:39:16
1113,tick05,09:39:17
1114,tick05,09:39:17
1115,tick05,09:39:18
1116,tick05,09:39:18
1117,tick05,09:39:19
1118,tick05,09:39:19
1119,tick05,09:39:20
1120,tick05,09:39:20
1121,tick05,09:39:21
1122,tick05,09:39:21
1123,tick05,09:39:22
1124,tick05,09:39:22
1125,tick05,09:39:23
1126,tick05,09:39:23
1127,tick05,09:39:24
1128,tick05,09:39:24
1129,tick05,09:39:25
1130,tick05,09:39:25
1131,tick05,09:39:26
1132,tick05,09:39:26
1133,tick05,09:39:27
1134,tick05,09:39:27
1135,tick05,09:39:28
1136,tick05,09:39:28
1137,tick05,09:39:29
1138,tick05,09:39:29
1139,tick05,09:39:30
1140,tick05,09:39:30
1141,tick05,09:39:31
1142,tick05,09:39:31
1143,tick05,09:39:32
1144,tick05,09:39:32
1145,tick05,09:39:33
1146,tick05,09:39:33
1147,tick05,09:39:34
1148,tick05,09:39:34
1149,tick05,09:39:35
1150,tick05,09:39:35
1151,tick05,09:39:36
1152,tick05,09:39:36
1153,tick05,09:39:37
1154,tick05,09:39:37
1155,tick05,09:39:38
1156,tick05,09:39:38
1157,tick05,09:39:39
1158,tick05,09:39:39
1159,tick05,09:39:40
1160,tick05,09:39:40
1161,tick05,09:39:41
1162,tick05,09:39:41
1163,tick05,09:39:42
1164,tick05,09:39:42
1165,tick05,09:39:43
1166,tick05,09:39:43
1167,tick05,09:39:44
1168,tick05,09:39:44
1169,tick05,09:39:45
1170,tick05,09:39:45
1171,tick05,09:39:46
1172,tick05,09:39:46
1173,tick05,09:39:47
1174,tick05,09:39:47
1175,tick05,09:39:48
1176,tick05,09:39:48
1177,tick05,09:39:49
1178,tick05,09:39:49
1179,tick05,09:39:50
1180,tick05,09:39:50
1181,tick05,09:39:51
1182,tick05,09:39:51
1183,tick05,09:39:52
1184,tick05,09:39:52
1185,tick05,09:39:53
1186,tick05,09:39:53
1187,tick05,09:39:54
1188,tick05,09:39:54
1189,tick05,09:39:55
1190,tick05,09:39:55
1191,tick05,09:39:56
1192,tick05,09:39:56
1193,tick05,09:39:57
1194,tick05,09:39:57
1195,tick05,09:39:58
1196,tick05,09:39:58
1197,tick05,09:39:59
1198,tick05,09:39:59
1199,tick05,09:40:00
1200,tick05,09:40:00
1201,tick05,09:40:01
1202,tick05,09:40:01
1203,tick05,09:40:02
1204,tick05,09:40:02
1205,tick05,09:40:03
1206,tick05,09:40:03
1207,tick05,09:40:04
1208,tick05,09:40:04
1209,tick05,09:40:05
1210,tick05,09:40:05
1211,tick05,09:40:06
1212,tick05,09:40:06
1213,tick05,09:40:07
1214,tick05,09:40:07
1215,tick05,09:40:08
1216,tick05,09:40:08
1217,tick05,09:40:09
1218,tick05,09:40:09
1219,tick05,09:40:10
1220,tick05,09:40:10
1221,tick05,09:40:11
1222,tick05,09:40:11
1223,tick05,09:40:12
1224,tick05,09:40:12
1225,tick05,09:40:13
1226,tick05,09:40:13
1227,tick05,09:40:14
1228,tick05,09:40:14
1229,tick05,09:40:15
1230,tick05,09:40:15
1231,tick05,09:40:16
1232,tick05,09:40:16
1233,tick05,09:40:17
1234,tick05,09:40:17
1235,tick05,09:40:18
1236,tick05,09:40:18
1237,tick05,09:40:19
1238,tick05,09:40:19
1239,tick05,09:40:20
1240,tick05,09:40:20
1241,tick05,09:40:21
1242,tick05,09:40:21
1243,tick05,09:40:22
1244,tick05,09:40:22
1245,tick05,09:40:23
1246,tick05,09:40:23
1247,tick05,09:40:24
1248,tick05,09:40:24
1249,tick05,09:40:25
1250,tick05,09:40:25
1251,tick05,09:40:26
1252,tick05,09:40:26
1253,tick05,09:40:27
1254,tick05,09:40:27
1255,tick05,09:40:28
1256,tick05,09:40:28
1257,tick05,09:40:29
1258,tick05,09:40:29
1259,tick05,09:40:30
1260,tick05,09:40:30
1261,tick05,09:40:31
1262,tick05,09:40:31
1263,tick05,09:40:32
1264,tick05,09:40:32
1265,tick05,09:40:33
1266,tick05,09:40:33
1267,tick05,09:40:34
1268,tick05,09:40:34
1269,tick05,09:40:35
1270,tick05,09:40:35
1271,tick05,09:40:36
1272,tick05,09:40:36
1273,tick05,09:40:37
1274,tick05,09:40:37
1275,tick05,09:40:38
1276,tick05,09:40:38
1277,tick05,09:40:39
1278,tick05,09:40:39
1279,tick05,09:40:40
1280,tick05,09:40:40
1281,tick05,09:40:41
1282,tick05,09:40:41
1283,tick05,09:40:42
1284,tick05,09:40:42
1285,tick05,09:40:43
1286,tick05,09:40:43
1287,tick05,09:40:44
1288,tick05,09:40:44
1289,tick05,09:40:45
1290,tick05,09:40:45
1291,tick05,09:40:46
1292,tick05,09:40:46
1293,tick05,09:40:47
1294,tick05,09:40:47
1295,tick05,09:40:48
1296,tick05,09:40:48
1297,tick05,09:40:49
1298,tick05,09:40:49
1299,tick05,09:40:50
1300,tick05,09:40:50
1301,tick05,09:40:51
1302,tick05,09:40:51
1303,tick05,09:40:52
1304,tick05,09:40:52
1305,tick05,09:40:53
1306,tick05,09:40:53
1307,tick05,09:40:54
1308,tick05,09:40:54
1309,tick05,09:40:55
1310,tick05,09:40:55
1311,tick05,09:40:56
1312,tick05,09:40:56
1313,tick05,09:40:57
1314,tick05,09:40:57
1315,tick05,09:40:58
1316,tick05,09:40:58
1317,tick05,09:40:59
1318,tick05,09:40:59
1319,tick05,09:41:00
1320,tick05,09:41:00
1321,tick05,09:41:01
1322,tick05,09:41:01
1323,tick05,09:41:02
1324,tick05,09:41:02
1325,tick05,09:41:03
1326,tick05,09:41:03
1327,tick05,09:41:04
1328,tick05,09:41:04
1329,tick05,09:41:05
1330,tick05,09:41:05
1331,tick05,09:41:06
1332,tick05,09:41:06
1333,tick05,09:41:07
1334,tick05,09:41:07
1335,tick05,09:41:08
1336,tick05,09:41:08
1337,tick05,09:41:09
1338,tick05,09:41:09
1339,tick05,09:41:10
1340,tick05,09:41:10
1341,tick05,09:41:11
1342,tick05,09:41:11
1343,tick05,09:41:12
1344,tick05,09:41:12
1345,tick05,09:41:13
1346,tick05,09:41:13
1347,tick05,09:41:14
1348,tick05,09:41:14
1349,tick05,09:41:15
1350,tick05,09:41:15
1351,tick05,09:41:16
1352,tick05,09:41:16
1353,tick05,09:41:17
1354,tick05,09:41:17
1355,tick05,09:41:18
1356,tick05,09:41:18
1357,tick05,09:41:19
1358,tick05,09:41:19
1359,tick05,09:41:20
1360,tick05,09:41:20
1361,tick05,09:41:21
1362,tick05,09:41:21
1363,tick05,09:41:22
1364,tick05,09:41:22
1365,tick05,09:41:23
1366,tick05,09:41:23
1367,tick05,09:41:24
1368,tick05,09:41:24
1369,tick05,09:41:25
1370,tick05,09:41:25
1371,tick05,09:41:26
1372,tick05,09:41:26
1373,tick05,09:41:27
1374,tick05,09:41:27
1375,tick05,09:41:28
1376,tick05,09:41:28
1377,tick05,09:41:29
1378,tick05,09:41:29
1379,tick05,09:41:30
1380,tick05,09:41:30
1381,tick05,09:41:31
1382,tick05,09:41:31
1383,tick05,09:41:32
1384,tick05,09:41:32
1385,tick05,09:41:33
1386,tick05,09:41:33
1387,tick05,09:41:34
1388,tick05,09:41:34
1389,tick05,09:41:35
1390,tick05,09:41:35
1391,tick05,09:41:36
1392,tick05,09:41:36
1393,tick05,09:41:37
1394,tick05,09:41:37
1395,tick05,09:41:38
1396,tick05,09:41:38
1397,tick05,09:41:39
1398,tick05,09:41:39
1399,tick05,09:41:40
1400,tick05,09:41:40
1401,tick05,09:41:41
1402,tick05,09:41:41
1403,tick05,09:41:42
1404,tick05,09:41:42
1405,tick05,09:41:43
1406,tick05,09:41:43
1407,tick05,09:41:44
1408,tick05,09:41:44
1409,tick05,09:41:45
1410,tick05,09:41:45
1411,tick05,09:41:46
1412,tick05,09:41:46
1413,tick05,09:41:47
1414,tick05,09:41:47
1415,tick05,09:41:48
1416,tick05,09:41:48
1417,tick05,09:41:49
1418,tick05,09:41:49
1419,tick05,09:41:50
1420,tick05,09:41:50
1421,tick05,09:41:51
1422,tick05,09:41:51
1423,tick05,09:41:52
1424,tick05,09:41:52
1425,tick05,09:41:53
1426,tick05,09:41:53
1427,tick05,09:41:54
1428,tick05,09:41:54
1429,tick05,09:41:55
1430,tick05,09:41:55
1431,tick05,09:41:56
1432,tick05,09:41:56
1433,tick05,09:41:57
1434,tick05,09:41:57
1435,tick05,09:41:58
1436,tick05,09:41:58
1437,tick05,09:41:59
1438,tick05,09:41:59
1439,tick05,09:42:00
1440,tick05,09:42:00
1441,tick05,09:42:01
1442,tick05,09:42:01
1443,tick05,09:42:02
1444,tick05,09:42:02
1445,tick05,09:42:03
1446,tick05,09:42:03
1447,tick05,09:42:04
1448,tick05,09:42:04
1449,tick05,09:42:05
1450,tick05,09:42:05
1451,tick05,09:42:06
1452,tick05,09:42:06
1453,tick05,09:42:07
1454,tick05,09:42:07
1455,tick05,09:42:08
1456,tick05,09:42:08
1457,tick05,09:42:09
1458,tick05,09:42:09
1459,tick05,09:42:10
1460,tick05,09:42:10
1461,tick05,09:42:11
1462,tick05,09:42:11
1463,tick05,09:42:12
1464,tick05,09:42:12
1465,tick05,09:42:13
1466,tick05,09:42:13
1467,tick05,09:42:14
1468,tick05,09:42:14
1469,tick05,09:42:15
1470,tick05,09:42:15
1471,tick05,09:42:16
1472,tick05,09:42:16
1473,tick05,09:42:17
1474,tick05,09:42:17
1475,tick05,09:42:18
1476,tick05,09:42:18
1477,tick05,09:42:19
1478,tick05,09:42:19
1479,tick05,09:42:20
1480,tick05,09:42:20
1481,tick05,09:42:21
1482,tick05,09:42:21
1483,tick05,09:42:22
1484,tick05,09:42:22
1485,tick05,09:42:23
1486,tick05,09:42:23
1487,tick05,09:42:24
1488,tick05,09:42:24
1489,tick05,09:42:25
1490,tick05,09:42:25
1491,tick05,09:42:26
1492,tick05,09:42:26
1493,tick05,09:42:27
1494,tick05,09:42:27
1495,tick05,09:42:28
1496,tick05,09:42:28
1497,tick05,09:42:29
1498,tick05,09:42:29
1499,tick05,09:42:30
1500,tick05,09:42:30
1501,tick05,09:42:31
1502,tick05,09:42:31
1503,tick05,09:42:32
1504,tick05,09:42:32
1505,tick05,09:42:33
1506,tick05,09:42:33
1507,tick05,09:42:34
1508,tick05,09:42:34
1509,tick05,09:42:35
1510,tick05,09:42:35
1511,tick05,09:42:36
1512,tick05,09:42:36
1513,tick05,09:42:37
1514,tick05,09:42:37
1515,tick05,09:42:38
1516,tick05,09:42:38
1517,tick05,09:42:39
1518,tick05,09:42:39
1519,tick05,09:42:40
1520,tick05,09:42:40
1521,tick05,09:42:41
1522,tick05,09:42:41
1523,tick05,09:42:42
1524,tick05,09:42:42
1525,tick05,09:42:43
1526,tick05,09:42:43
1527,tick05,09:42:44
1528,tick05,09:42:44
1529,tick05,09:42:45
1530,tick05,09:42:45
1531,tick05,09:42:46
1532,tick05,09:42:46
1533,tick05,09:42:47
1534,tick05,09:42:47
1535,tick05,09:42:48
1536,tick05,09:42:48
1537,tick05,09:42:49
1538,tick05,09:42:49
1539,tick05,09:42:50
1540,tick05,09:42:50
1541,tick05,09:42:51
1542,tick05,09:42:51
1543,tick05,09:42:52
1544,tick05,09:42:52
1545,tick05,09:42:53
1546,tick05,09:42:53
1547,tick05,09:42:54
1548,tick05,09:42:54
1549,tick05,09:42:55
1550,tick05,09:42:55
1551,tick05,09:42:56
1552,tick05,09:42:56
1553,tick05,09:42:57
1554,tick05,09:42:57
1555,tick05,09:42:58
1556,tick05,09:42:58
1557,tick05,09:42:59
1558,tick05,09:42:59
1559,tick05,09:43:00
1560,tick05,09:43:00
1561,tick05,09:43:01
1562,tick05,09:43:01
1563,tick05,09:43:02
1564,tick05,09:43:02
1565,tick05,09:43:03
1566,tick05,09:43:03
1567,tick05,09:43:04
1568,tick05,09:43:04
1569,tick05,09:43:05
1570,tick05,09:43:05
1571,tick05,09:43:06
1572,tick05,09:43:06
1573,tick05,09:43:07
1574,tick05,09:43:07
1575,tick05,09:43:08
1576,tick05,09:43:08
1577,tick05,09:43:09
1578,tick05,09:43:09
1579,tick05,09:43:10
1580,tick05,09:43:10
1581,tick05,09:43:11
1582,tick05,09:43:11
1583,tick05,09:43:12
1584,tick05,09:43:12
1585,tick05,09:43:13
1586,tick05,09:43:13
1587,tick05,09:43:14
1588,tick05,09:43:14
1589,tick05,09:43:15
1590,tick05,09:43:15
1591,tick05,09:43:16
1592,tick05,09:43:16
1593,tick05,09:43:17
1594,tick05,09:43:17
1595,tick05,09:43:18
1596,tick05,09:43:18
1597,tick05,09:43:19
1598,tick05,09:43:19
1599,tick05,09:43:20
1600,tick05,09:43:20
1601,tick05,09:43:21
1602,tick05,09:43:21
1603,tick05,09:43:22
1604,tick05,09:43:22
1605,tick05,09:43:23
1606,tick05,09:43:23
1607,tick05,09:43:24
1608,tick05,09:43:24
1609,tick05,09:43:25
1610,tick05,09:43:25
1611,tick05,09:43:26
1612,tick05,09:43:26
1613,tick05,09:43:27
1614,tick05,09:43:27
1615,tick05,09:43:28
1616,tick05,09:43:28
1617,tick05,09:43:29
1618,tick05,09:43:29
1619,tick05,09:43:30
1620,tick05,09:43:30
1621,tick05,09:43:31
1622,tick05,09:43:31
1623,tick05,09:43:32
1624,tick05,09:43:32
1625,tick05,09:43:33
1626,tick05,09:43:33
1627,tick05,09:43:34
1628,tick05,09:43:34
1629,tick05,09:43:35
1630,tick05,09:43:35
1631,tick05,09:43:36
1632,tick05,09:43:36
1633,tick05,09:43:37
1634,tick05,09:43:37
1635,tick05,09:43:38
1636,tick05,09:43:38
1637,tick05,09:43:39
1638,tick05,09:43:39
1639,tick05,09:43:40
1640,tick05,09:43:40
1641,tick05,09:43:41
1642,tick05,09:43:41
1643,tick05,09:43:42
1644,tick05,09:43:42
1645,tick05,09:43:43
1646,tick05,09:43:43
1647,tick05,09:43:44
1648,tick05,09:43:44
1649,tick05,09:43:45
1650,tick05,09:43:45
1651,tick05,09:43:46
1652,tick05,09:43:46
1653,tick05,09:43:47
1654,tick05,09:43:47
1655,tick05,09:43:48
1656,tick05,09:43:48
1657,tick05,09:43:49
1658,tick05,09:43:49
1659,tick05,09:43:50
1660,tick05,09:43:50
1661,tick05,09:43:51
1662,tick05,09:43:51
1663,tick05,09:43:52
1664,tick05,09:43:52
1665,tick05,09:43:53
1666,tick05,09:43:53
1667,tick05,09:43:54
1668,tick05,09:43:54
1669,tick05,09:43:55
1670,tick05,09:43:55
1671,tick05,09:43:56
1672,tick05,09:43:56
1673,tick05,09:43:57
1674,tick05,09:43:57
1675,tick05,09:43:58
1676,tick05,09:43:58
1677,tick05,09:43:59
1678,tick05,09:43:59
1679,tick05,09:44:00
1680,tick05,09:44:00
1681,tick05,09:44:01
1682,tick05,09:44:01
1683,tick05,09:44:02
1684,tick05,09:44:02
1685,tick05,09:44:03
1686,tick05,09:44:03
1687,tick05,09:44:04
1688,tick05,09:44:04
1689,tick05,09:44:05
1690,tick05,09:44:05
1691,tick05,09:44:06
1692,tick05,09:44:06
1693,tick05,09:44:07
1694,tick05,09:44:07
1695,tick05,09:44:08
1696,tick05,09:44:08
1697,tick05,09:44:09
1698,tick05,09:44:09
1699,tick05,09:44:10
1700,tick05,09:44:10
1701,tick05,09:44:11
1702,tick05,09:44:11
1703,tick05,09:44:12
1704,tick05,09:44:12
1705,tick05,09:44:13
1706,tick05,09:44:13
1707,tick05,09:44:14
1708,tick05,09:44:14
1709,tick05,09:44:15
1710,tick05,09:44:15
1711,tick05,09:44:16
1712,tick05,09:44:16
1713,tick05,09:44:17
1714,tick05,09:44:17
1715,tick05,09:44:18
1716,tick05,09:44:18
1717,tick05,09:44:19
1718,tick05,09:44:19
1719,tick05,09:44:20
1720,tick05,09:44:20
1721,tick05,09:44:21
1722,tick05,09:44:21
1723,tick05,09:44:22
1724,tick05,09:44:22
1725,tick05,09:44:23
1726,tick05,09:44:23
1727,tick05,09:44:24
1728,tick05,09:44:24
1729,tick05,09:44:25
1730,tick05,09:44:25
1731,tick05,09:44:26
1732,tick05,09:44:26
1733,tick05,09:44:27
1734,tick05,09:44:27
1735,tick05,09:44:28
1736,tick05,09:44:28
1737,tick05,09:44:29
1738,tick05,09:44:29
1739,tick05,09:44:30
1740,tick05,09:44:30
1741,tick05,09:44:31
1742,tick05,09:44:31
1743,tick05,09:44:32
1744,tick05,09:44:32
1745,tick05,09:44:33
1746,tick05,09:44:33
1747,tick05,09:44:34
1748,tick05,09:44:34
1749,tick05,09:44:35
1750,tick05,09:44:35
1751,tick05,09:44:36
1752,tick05,09:44:36
1753,tick05,09:44:37
1754,tick05,09:44:37
1755,tick05,09:44:38
1756,tick05,09:44:38
1757,tick05,09:44:39
1758,tick05,09:44:39
1759,tick05,09:44:40
1760,tick05,09:44:40
1761,tick05,09:44:41
1762,tick05,09:44:41
1763,tick05,09:44:42
1764,tick05,09:44:42
1765,tick05,09:44:43
1766,tick05,09:44:43
1767,tick05,09:44:44
1768,tick05,09:44:44
1769,tick05,09:44:45
1770,tick05,09:44:45
1771,tick05,09:44:46
1772,tick05,09:44:46
1773,tick05,09:44:47
1774,tick05,09:44:47
1775,tick05,09:44:48
1776,tick05,09:44:48
1777,tick05,09:44:49
1778,tick05,09:44:49
1779,tick05,09:44:50
1780,tick05,09:44:50
1781,tick05,09:44:51
1782,tick05,09:44:51
1783,tick05,09:44:52
1784,tick05,09:44:52
1785,tick05,09:44:53
1786,tick05,09:44:53
1787,tick05,09:44:54
1788,tick05,09:44:54
1789,tick05,09:44:55
1790,tick05,09:44:55
1791,tick05,09:44:56
1792,tick05,09:44:56
1793,tick05,09:44:57
1794,tick05,09:44:57
1795,tick05,09:44:58
1796,tick05,09:44:58
1797,tick05,09:44:59
1798,tick05,09:44:59
1799,tick05,09:45:00
1800,tick05,09:45:00
1801,tick05,09:45:01
1802,tick05,09:45:01
1803,tick05,09:45:02
1804,tick05,09:45:02
1805,tick05,09:45:03
1806,tick05,09:45:03
1807,tick05,09:45:04
1808,tick05,09:45:04
1809,tick05,09:45:05
1810,tick05,09:45:05
1811,tick05,09:45:06
1812,tick05,09:45:06
1813,tick05,09:45:07
1814,tick05,09:45:07
1815,tick05,09:45:08
1816,tick05,09:45:08
1817,tick05,09:45:09
1818,tick05,09:45:09
1819,tick05,09:45:10
1820,tick05,09:45:10
1821,tick05,09:45:11
1822,tick05,09:45:11
1823,tick05,09:45:12
1824,tick05,09:45:12
1825,tick05,09:45:13
1826,tick05,09:45:13
1827,tick05,09:45:14
1828,tick05,09:45:14
1829,tick05,09:45:15
1830,tick05,09:45:15
1831,tick05,09:45:16
1832,tick05,09:45:16
1833,tick05,09:45:17
1834,tick05,09:45:17
1835,tick05,09:45:18
1836,tick05,09:45:18
1837,tick05,09:45:19
1838,tick05,09:45:19
1839,tick05,09:45:20
1840,tick05,09:45:20
1841,tick05,09:45:21
1842,tick05,09:45:21
1843,tick05,09:45:22
1844,tick05,09:45:22
1845,tick05,09:45:23
1846,tick05,09:45:23
1847,tick05,09:45:24
1848,tick05,09:45:24
1849,tick05,09:45:25
1850,tick05,09:45:25
1851,tick05,09:45:26
1852,tick05,09:45:26
1853,tick05,09:45:27
1854,tick05,09:45:27
1855,tick05,09:45:28
1856,tick05,09:45:28
1857,tick05,09:45:29
1858,tick05,09:45:29
1859,tick05,09:45:30
1860,tick05,09:45:30
1861,tick05,09:45:31
1862,tick05,09:45:31
1863,tick05,09:45:32
1864,tick05,09:45:32
1865,tick05,09:45:33
1866,tick05,09:45:33
1867,tick05,09:45:34
1868,tick05,09:45:34
1869,tick05,09:45:35
1870,tick05,09:45:35
1871,tick05,09:45:36
1872,tick05,09:45:36
1873,tick05,09:45:37
1874,tick05,09:45:37
1875,tick05,09:45:38
1876,tick05,09:45:38
1877,tick05,09:45:39
1878,tick05,09:45:39
1879,tick05,09:45:40
1880,tick05,09:45:40
1881,tick05,09:45:41
1882,tick05,09:45:41
1883,tick05,09:45:42
1884,tick05,09:45:42
1885,tick05,09:45:43
1886,tick05,09:45:43
1887,tick05,09:45:44
1888,tick05,09:45:44
1889,tick05,09:45:45
1890,tick05,09:45:45
1891,tick05,09:45:46
1892,tick05,09:45:46
1893,tick05,09:45:47
1894,tick05,09:45:47
1895,tick05,09:45:48
1896,tick05,09:45:48
1897,tick05,09:45:49
1898,tick05,09:45:49
1899,tick05,09:45:50
1900,tick05,09:45:50
1901,tick05,09:45:51
1902,tick05,09:45:51
1903,tick05,09:45:52
1904,tick05,09:45:52
1905,tick05,09:45:53
1906,tick05,09:45:53
1907,tick05,09:45:54
1908,tick05,09:45:54
1909,tick05,09:45:55
1910,tick05,09:45:55
1911,tick05,09:45:56
1912,tick05,09:45:56
1913,tick05,09:45:57
1914,tick05,09:45:57
1915,tick05,09:45:58
1916,tick05,09:45:58
1917,tick05,09:45:59
1918,tick05,09:45:59
1919,tick05,09:46:00
1920,tick05,09:46:00
1921,tick05,09:46:01
1922,tick05,09:46:01
1923,tick05,09:46:02
1924,tick05,09:46:02
1925,tick05,09:46:03
1926,tick05,09:46:03
1927,tick05,09:46:04
1928,tick05,09:46:04
1929,tick05,09:46:05
1930,tick05,09:46:05
1931,tick05,09:46:06
1932,tick05,09:46:06
1933,tick05,09:46:07
1934,tick05,09:46:07
1935,tick05,09:46:08
1936,tick05,09:46:08
1937,tick05,09:46:09
1938,tick05,09:46:09
1939,tick05,09:46:10
1940,tick05,09:46:10
1941,tick05,09:46:11
1942,tick05,09:46:11
1943,tick05,09:46:12
1944,tick05,09:46:12
1945,tick05,09:46:13
1946,tick05,09:46:13
1947,tick05,09:46:14
1948,tick05,09:46:14
1949,tick05,09:46:15
1950,tick05,09:46:15
1951,tick05,09:46:16
1952,tick05,09:46:16
1953,tick05,09:46:17
1954,tick05,09:46:17
1955,tick05,09:46:18
1956,tick05,09:46:18
1957,tick05,09:46:19
1958,tick05,09:46:19
1959,tick05,09:46:20
1960,tick05,09:46:20
1961,tick05,09:46:21
1962,tick05,09:46:21
1963,tick05,09:46:22
1964,tick05,09:46:22
1965,tick05,09:46:23
1966,tick05,09:46:23
1967,tick05,09:46:24
1968,tick05,09:46:24
1969,tick05,09:46:25
1970,tick05,09:46:25
1971,tick05,09:46:26
1972,tick05,09:46:26
1973,tick05,09:46:27
1974,tick05,09:46:27
1975,tick05,09:46:28
1976,tick05,09:46:28
1977,tick05,09:46:29
1978,tick05,09:46:29
1979,tick05,09:46:30
1980,tick05,09:46:30
1981,tick05,09:46:31
1982,tick05,09:46:31
1983,tick05,09:46:32
1984,tick05,09:46:32
1985,tick05,09:46:33
1986,tick05,09:46:33
1987,tick05,09:46:34
1988,tick05,09:46:34
1989,tick05,09:46:35
1990,tick05,09:46:35
1991,tick05,09:46:36
1992,tick05,09:46:36
1993,tick05,09:46:37
1994,tick05,09:46:37
1995,tick05,09:46:38
1996,tick05,09:46:38
1997,tick05,09:46:39
1998,tick05,09:46:39
1999,tick05,09:46:40
2000,tick05,09:46:40
2001,tick05,09:46:41
2002,tick05,09:46:41
2003,tick05,09:46:42
2004,tick05,09:46:42
2005,tick05,09:46:43
2006,tick05,09:46:43
2007,tick05,09:46:44
2008,tick05,09:46:44
2009,tick05,09:46:45
2010,tick05,09:46:45
2011,tick05,09:46:46
2012,tick05,09:46:46
2013,tick05,09:46:47
2014,tick05,09:46:47
2015,tick05,09:46:48
2016,tick05,09:46:48
2017,tick05,09:46:49
2018,tick05,09:46:49
2019,tick05,09:46:50
2020,tick05,09:46:50
2021,tick05,09:46:51
2022,tick05,09:46:51
2023,tick05,09:46:52
2024,tick05,09:46:52
2025,tick05,09:46:53
2026,tick05,09:46:53
2027,tick05,09:46:54
2028,tick05,09:46:54
2029,tick05,09:46:55
2030,tick05,09:46:55
2031,tick05,09:46:56
2032,tick05,09:46:56
2033,tick05,09:46:57
2034,tick05,09:46:57
2035,tick05,09:46:58
2036,tick05,09:46:58
2037,tick05,09:46:59
2038,tick05,09:46:59
2039,tick05,09:47:00
2040,tick05,09:47:00
2041,tick05,09:47:01
2042,tick05,09:47:01
2043,tick05,09:47:02
2044,tick05,09:47:02
2045,tick05,09:47:03
2046,tick05,09:47:03
2047,tick05,09:47:04
2048,tick05,09:47:04
2049,tick05,09:47:05
2050,tick05,09:47:05
2051,tick05,09:47:06
2052,tick05,09:47:06
2053,tick05,09:47:07
2054,tick05,09:47:07
2055,tick05,09:47:08
2056,tick05,09:47:08
2057,tick05,09:47:09
2058,tick05,09:47:09
2059,tick05,09:47:10
2060,tick05,09:47:10
2061,tick05,09:47:11
2062,tick05,09:47:11
2063,tick05,09:47:12
2064,tick05,09:47:12
2065,tick05,09:47:13
2066,tick05,09:47:13
2067,tick05,09:47:14
2068,tick05,09:47:14
2069,tick05,09:47:15
2070,tick05,09:47:15
2071,tick05,09:47:16
2072,tick05,09:47:16
2073,tick05,09:47:17
2074,tick05,09:47:17
2075,tick05,09:47:18
2076,tick05,09:47:18
2077,tick05,09:47:19
2078,tick05,09:47:19
2079,tick05,09:47:20
2080,tick05,09:47:20
2081,tick05,09:47:21
2082,tick05,09:47:21
2083,tick05,09:47:22
2084,tick05,09:47:22
2085,tick05,09:47:23
2086,tick05,09:47:23
2087,tick05,09:47:24
2088,tick05,09:47:24
2089,tick05,09:47:25
2090,tick05,09:47:25
2091,tick05,09:47:26
2092,tick05,09:47:26
2093,tick05,09:47:27
2094,tick05,09:47:27
2095,tick05,09:47:28
2096,tick05,09:47:28
2097,tick05,09:47:29
2098,tick05,09:47:29
2099,tick05,09:47:30
2100,tick05,09:47:30
2101,tick05,09:47:31
2102,tick05,09:47:31
2103,tick05,09:47:32
2104,tick05,09:47:32
2105,tick05,09:47:33
2106,tick05,09:47:33
2107,tick05,09:47:34
2108,tick05,09:47:34
2109,tick05,09:47:35
2110,tick05,09:47:35
2111,tick05,09:47:36
2112,tick05,09:47:36
2113,tick05,09:47:37
2114,tick05,09:47:37
2115,tick05,09:47:38
2116,tick05,09:47:38
2117,tick05,09:47:39
2118,tick05,09:47:39
2119,tick05,09:47:40
2120,tick05,09:47:40
2121,tick05,09:47:41
2122,tick05,09:47:41
2123,tick05,09:47:42
2124,tick05,09:47:42
2125,tick05,09:47:43
2126,tick05,09:47:43
2127,tick05,09:47:44
2128,tick05,09:47:44
2129,tick05,09:47:45
2130,tick05,09:47:45
2131,tick05,09:47:46
2132,tick05,09:47:46
2133,tick05,09:47:47
2134,tick05,09:47:47
2135,tick05,09:47:48
2136,tick05,09:47:48
2137,tick05,09:47:49
2138,tick05,09:47:49
2139,tick05,09:47:50
2140,tick05,09:47:50
2141,tick05,09:47:51
2142,tick05,09:47:51
2143,tick05,09:47:52
2144,tick05,09:47:52
2145,tick05,09:47:53
2146,tick05,09:47:53
2147,tick05,09:47:54
2148,tick05,09:47:54
2149,tick05,09:47:55
2150,tick05,09:47:55
2151,tick05,09:47:56
2152,tick05,09:47:56
2153,tick05,09:47:57
2154,tick05,09:47:57
2155,tick05,09:47:58
2156,tick05,09:47:58
2157,tick05,09:47:59
2158,tick05,09:47:59
2159,tick05,09:48:00
2160,tick05,09:48:00
2161,tick05,09:48:01
2162,tick05,09:48:01
2163,tick05,09:48:02
2164,tick05,09:48:02
2165,tick05,09:48:03
2166,tick05,09:48:03
2167,tick05,09:48:04
2168,tick05,09:48:04
2169,tick05,09:48:05
2170,tick05,09:48:05
2171,tick05,09:48:06
2172,tick05,09:48:06
2173,tick05,09:48:07
2174,tick05,09:48:07
2175,tick05,09:48:08
2176,tick05,09:48:08
2177,tick05,09:48:09
2178,tick05,09:48:09
2179,tick05,09:48:10
2180,tick05,09:48:10
2181,tick05,09:48:11
2182,tick05,09:48:11
2183,tick05,09:48:12
2184,tick05,09:48:12
2185,tick05,09:48:13
2186,tick05,09:48:13
2187,tick05,09:48:14
2188,tick05,09:48:14
2189,tick05,09:48:15
2190,tick05,09:48:15
2191,tick05,09:48:16
2192,tick05,09:48:16
2193,tick05,09:48:17
2194,tick05,09:48:17
2195,tick05,09:48:18
2196,tick05,09:48:18
2197,tick05,09:48:19
2198,tick05,09:48:19
2199,tick05,09:48:20
2200,tick05,09:48:20
2201,tick05,09:48:21
2202,tick05,09:48:21
2203,tick05,09:48:22
2204,tick05,09:48:22
2205,tick05,09:48:23
2206,tick05,09:48:23
2207,tick05,09:48:24
2208,tick05,09:48:24
2209,tick05,09:48:25
2210,tick05,09:48:25
2211,tick05,09:48:26
2212,tick05,09:48:26
2213,tick05,09:48:27
2214,tick05,09:48:27
2215,tick05,09:48:28
2216,tick05,09:48:28
2217,tick05,09:48:29
2218,tick05,09:48:29
2219,tick05,09:48:30
2220,tick05,09:48:30
2221,tick05,09:48:31
2222,tick05,09:48:31
2223,tick05,09:48:32
2224,tick05,09:48:32
2225,tick05,09:48:33
2226,tick05,09:48:33
2227,tick05,09:48:34
2228,tick05,09:48:34
2229,tick05,09:48:35
2230,tick05,09:48:35
2231,tick05,09:48:36
2232,tick05,09:48:36
2233,tick05,09:48:37
2234,tick05,09:48:37
2235,tick05,09:48:38
2236,tick05,09:48:38
2237,tick05,09:48:39
2238,tick05,09:48:39
2239,tick05,09:48:40
2240,tick05,09:48:40
2241,tick05,09:48:41
2242,tick05,09:48:41
2243,tick05,09:48:42
2244,tick05,09:48:42
2245,tick05,09:48:43
2246,tick05,09:48:43
2247,tick05,09:48:44
2248,tick05,09:48:44
2249,tick05,09:48:45
2250,tick05,09:48:45
2251,tick05,09:48:46
2252,tick05,09:48:46
2253,tick05,09:48:47
2254,tick05,09:48:47
2255,tick05,09:48:48
2256,tick05,09:48:48
2257,tick05,09:48:49
2258,tick05,09:48:49
2259,tick05,09:48:50
2260,tick05,09:48:50
2261,tick05,09:48:51
2262,tick05,09:48:51
2263,tick05,09:48:52
2264,tick05,09:48:52
2265,tick05,09:48:53
2266,tick05,09:48:53
2267,tick05,09:48:54
2268,tick05,09:48:54
2269,tick05,09:48:55
2270,tick05,09:48:55
2271,tick05,09:48:56
2272,tick05,09:48:56
2273,tick05,09:48:57
2274,tick05,09:48:57
2275,tick05,09:48:58
2276,tick05,09:48:58
2277,tick05,09:48:59
2278,tick05,09:48:59
2279,tick05,09:49:00
2280,tick05,09:49:00
2281,tick05,09:49:01
2282,tick05,09:49:01
2283,tick05,09:49:02
2284,tick05,09:49:02
2285,tick05,09:49:03
2286,tick05,09:49:03
2287,tick05,09:49:04
2288,tick05,09:49:04
2289,tick05,09:49:05
2290,tick05,09:49:05
2291,tick05,09:49:06
2292,tick05,09:49:06
2293,tick05,09:49:07
2294,tick05,09:49:07
2295,tick05,09:49:08
2296,tick05,09:49:08
2297,tick05,09:49:09
2298,tick05,09:49:09
2299,tick05,09:49:10
2300,tick05,09:49:10
2301,tick05,09:49:11
2302,tick05,09:49:11
2303,tick05,09:49:12
2304,tick05,09:49:12
2305,tick05,09:49:13
2306,tick05,09:49:13
2307,tick05,09:49:14
2308,tick05,09:49:14
2309,tick05,09:49:15
2310,tick05,09:49:15
2311,tick05,09:49:16
2312,tick05,09:49:16
2313,tick05,09:49:17
2314,tick05,09:49:17
2315,tick05,09:49:18
2316,tick05,09:49:18
2317,tick05,09:49:19
2318,tick05,09:49:19
2319,tick05,09:49:20
2320,tick05,09:49:20
2321,tick05,09:49:21
2322,tick05,09:49:21
2323,tick05,09:49:22
2324,tick05,09:49:22
2325,tick05,09:49:23
2326,tick05,09:49:23
2327,tick05,09:49:24
2328,tick05,09:49:24
2329,tick05,09:49:25
2330,tick05,09:49:25
2331,tick05,09:49:26
2332,tick05,09:49:26
2333,tick05,09:49:27
2334,tick05,09:49:27
2335,tick05,09:49:28
2336,tick05,09:49:28
2337,tick05,09:49:29
2338,tick05,09:49:29
2339,tick05,09:49:30
2340,tick05,09:49:30
2341,tick05,09:49:31
2342,tick05,09:49:31
2343,tick05,09:49:32
2344,tick05,09:49:32
2345,tick05,09:49:33
2346,tick05,09:49:33
2347,tick05,09:49:34
2348,tick05,09:49:34
2349,tick05,09:49:35
2350,tick05,09:49:35
2351,tick05,09:49:36
2352,tick05,09:49:36
2353,tick05,09:49:37
2354,tick05,09:49:37
2355,tick05,09:49:38
2356,tick05,09:49:38
2357,tick05,09:49:39
2358,tick05,09:49:39
2359,tick05,09:49:40
2360,tick05,09:49:40
2361,tick05,09:49:41
2362,tick05,09:49:41
2363,tick05,09:49:42
2364,tick05,09:49:42
2365,tick05,09:49:43
2366,tick05,09:49:43
2367,tick05,09:49:44
2368,tick05,09:49:44
2369,tick05,09:49:45
2370,tick05,09:49:45
2371,tick05,09:49:46
2372,tick05,09:49:46
2373,tick05,09:49:47
2374,tick05,09:49:47
2375,tick05,09:49:48
2376,tick05,09:49:48
2377,tick05,09:49:49
2378,tick05,09:49:49
2379,tick05,09:49:50
2380,tick05,09:49:50
2381,tick05,09:49:51
2382,tick05,09:49:51
2383,tick05,09:49:52
2384,tick05,09:49:52
2385,tick05,09:49:53
2386,tick05,09:49:53
2387,tick05,09:49:54
2388,tick05,09:49:54
2389,tick05,09:49:55
2390,tick05,09:49:55
2391,tick05,09:49:56
2392,tick05,09:49:56
2393,tick05,09:49:57
2394,tick05,09:49:57
2395,tick05,09:49:58
2396,tick05,09:49:58
2397,tick05,09:49:59
2398,tick05,09:49:59
2399,tick05,09:50:00
2400,tick05,09:50:00
2401,tick05,09:50:01
2402,tick05,09:50:01
2403,tick05,09:50:02
2404,tick05,09:50:02
2405,tick05,09:50:03
2406,tick05,09:50:03
2407,tick05,09:50:04
2408,tick05,09:50:04
2409,tick05,09:50:05
2410,tick05,09:50:05
2411,tick05,09:50:06
2412,tick05,09:50:06
2413,tick05,09:50:07
2414,tick05,09:50:07
2415,tick05,09:50:08
2416,tick05,09:50:08
2417,tick05,09:50:09
2418,tick05,09:50:09
2419,tick05,09:50:10
2420,tick05,09:50:10
2421,tick05,09:50:11
2422,tick05,09:50:11
2423,tick05,09:50:12
2424,tick05,09:50:12
2425,tick05,09:50:13
2426,tick05,09:50:13
2427,tick05,09:50:14
2428,tick05,09:50:14
2429,tick05,09:50:15
2430,tick05,09:50:15
2431,tick05,09:50:16
2432,tick05,09:50:16
2433,tick05,09:50:17
2434,tick05,09:50:17
2435,tick05,09:50:18
2436,tick05,09:50:18
2437,tick05,09:50:19
2438,tick05,09:50:19
2439,tick05,09:50:20
2440,tick05,09:50:20
2441,tick05,09:50:21
2442,tick05,09:50:21
2443,tick05,09:50:22
2444,tick05,09:50:22
2445,tick05,09:50:23
2446,tick05,09:50:23
2447,tick05,09:50:24
2448,tick05,09:50:24
2449,tick05,09:50:25
2450,tick05,09:50:25
2451,tick05,09:50:26
2452,tick05,09:50:26
2453,tick05,09:50:27
2454,tick05,09:50:27
2455,tick05,09:50:28
2456,tick05,09:50:28
2457,tick05,09:50:29
2458,tick05,09:50:29
2459,tick05,09:50:30
2460,tick05,09:50:30
2461,tick05,09:50:31
2462,tick05,09:50:31
2463,tick05,09:50:32
2464,tick05,09:50:32
2465,tick05,09:50:33
2466,tick05,09:50:33
2467,tick05,09:50:34
2468,tick05,09:50:34
2469,tick05,09:50:35
2470,tick05,09:50:35
2471,tick05,09:50:36
2472,tick05,09:50:36
2473,tick05,09:50:37
2474,tick05,09:50:37
2475,tick05,09:50:38
2476,tick05,09:50:38
2477,tick05,09:50:39
2478,tick05,09:50:39
2479,tick05,09:50:40
2480,tick05,09:50:40
2481,tick05,09:50:41
2482,tick05,09:50:41
2483,tick05,09:50:42
2484,tick05,09:50:42
2485,tick05,09:50:43
2486,tick05,09:50:43
2487,tick05,09:50:44
2488,tick05,09:50:44
2489,tick05,09:50:45
2490,tick05,09:50:45
2491,tick05,09:50:46
2492,tick05,09:50:46
2493,tick05,09:50:47
2494,tick05,09:50:47
2495,tick05,09:50:48
2496,tick05,09:50:48
2497,tick05,09:50:49
2498,tick05,09:50:49
2499,tick05,09:50:50
2500,tick05,09:50:50
2501,tick05,09:50:51
2502,tick05,09:50:51
2503,tick05,09:50:52
2504,tick05,09:50:52
2505,tick05,09:50:53
2506,tick05,09:50:53
2507,tick05,09:50:54
2508,tick05,09:50:54
2509,tick05,09:50:55
2510,tick05,09:50:55
2511,tick05,09:50:56
2512,tick05,09:50:56
2513,tick05,09:50:57
2514,tick05,09:50:57
2515,tick05,09:50:58
2516,tick05,09:50:58
2517,tick05,09:50:59
2518,tick05,09:50:59
2519,tick05,09:51:00
2520,tick05,09:51:00
2521,tick05,09:51:01
2522,tick05,09:51:01
2523,tick05,09:51:02
2524,tick05,09:51:02
2525,tick05,09:51:03
2526,tick05,09:51:03
2527,tick05,09:51:04
2528,tick05,09:51:04
2529,tick05,09:51:05
2530,tick05,09:51:05
2531,tick05,09:51:06
2532,tick05,09:51:06
2533,tick05,09:51:07
2534,tick05,09:51:07
2535,tick05,09:51:08
2536,tick05,09:51:08
2537,tick05,09:51:09
2538,tick05,09:51:09
2539,tick05,09:51:10
2540,tick05,09:51:10
2541,tick05,09:51:11
2542,tick05,09:51:11
2543,tick05,09:51:12
2544,tick05,09:51:12
2545,tick05,09:51:13
2546,tick05,09:51:13
2547,tick05,09:51:14
2548,tick05,09:51:14
2549,tick05,09:51:15
2550,tick05,09:51:15
2551,tick05,09:51:16
2552,tick05,09:51:16
2553,tick05,09:51:17
2554,tick05,09:51:17
2555,tick05,09:51:18
2556,tick05,09:51:18
2557,tick05,09:51:19
2558,tick05,09:51:19
2559,tick05,09:51:20
2560,tick05,09:51:20
2561,tick05,09:51:21
2562,tick05,09:51:21
2563,tick05,09:51:22
2564,tick05,09:51:22
2565,tick05,09:51:23
2566,tick05,09:51:23
2567,tick05,09:51:24
2568,tick05,09:51:24
2569,tick05,09:51:25
2570,tick05,09:51:25
2571,tick05,09:51:26
2572,tick05,09:51:26
2573,tick05,09:51:27
2574,tick05,09:51:27
2575,tick05,09:51:28
2576,tick05,09:51:28
2577,tick05,09:51:29
2578,tick05,09:51:29
2579,tick05,09:51:30
2580,tick05,09:51:30
2581,tick05,09:51:31
2582,tick05,09:51:31
2583,tick05,09:51:32
2584,tick05,09:51:32
2585,tick05,09:51:33
2586,tick05,09:51:33
2587,tick05,09:51:34
2588,tick05,09:51:34
2589,tick05,09:51:35
2590,tick05,09:51:35
2591,tick05,09:51:36
2592,tick05,09:51:36
2593,tick05,09:51:37
2594,tick05,09:51:37
2595,tick05,09:51:38
2596,tick05,09:51:38
2597,tick05,09:51:39
2598,tick05,09:51:39
2599,tick05,09:51:40
2600,tick05,09:51:40
2601,tick05,09:51:41
2602,tick05,09:51:41
2603,tick05,09:51:42
2604,tick05,09:51:42
2605,tick05,09:51:43
2606,tick05,09:51:43
2607,tick05,09:51:44
2608,tick05,09:51:44
2609,tick05,09:51:45
2610,tick05,09:51:45
2611,tick05,09:51:46
2612,tick05,09:51:46
2613,tick05,09:51:47
2614,tick05,09:51:47
2615,tick05,09:51:48
2616,tick05,09:51:48
2617,tick05,09:51:49
2618,tick05,09:51:49
2619,tick05,09:51:50
2620,tick05,09:51:50
2621,tick05,09:51:51
2622,tick05,09:51:51
2623,tick05,09:51:52
2624,tick05,09:51:52
2625,tick05,09:51:53
2626,tick05,09:51:53
2627,tick05,09:51:54
2628,tick05,09:51:54
2629,tick05,09:51:55
2630,tick05,09:51:55
2631,tick05,09:51:56
2632,tick05,09:51:56
2633,tick05,09:51:57
2634,tick05,09:51:57
2635,tick05,09:51:58
2636,tick05,09:51:58
2637,tick05,09:51:59
2638,tick05,09:51:59
2639,tick05,09:52:00
2640,tick05,09:52:00
2641,tick05,09:52:01
2642,tick05,09:52:01
2643,tick05,09:52:02
2644,tick05,09:52:02
2645,tick05,09:52:03
2646,tick05,09:52:03
2647,tick05,09:52:04
2648,tick05,09:52:04
2649,tick05,09:52:05
2650,tick05,09:52:05
2651,tick05,09:52:06
2652,tick05,09:52:06
2653,tick05,09:52:07
2654,tick05,09:52:07
2655,tick05,09:52:08
2656,tick05,09:52:08
2657,tick05,09:52:09
2658,tick05,09:52:09
2659,tick05,09:52:10
2660,tick05,09:52:10
2661,tick05,09:52:11
2662,tick05,09:52:11
2663,tick05,09:52:12
2664,tick05,09:52:12
2665,tick05,09:52:13
2666,tick05,09:52:13
2667,tick05,09:52:14
2668,tick05,09:52:14
2669,tick05,09:52:15
2670,tick05,09:52:15
2671,tick05,09:52:16
2672,tick05,09:52:16
2673,tick05,09:52:17
2674,tick05,09:52:17
2675,tick05,09:52:18
2676,tick05,09:52:18
2677,tick05,09:52:19
2678,tick05,09:52:19
2679,tick05,09:52:20
2680,tick05,09:52:20
2681,tick05,09:52:21
2682,tick05,09:52:21
2683,tick05,09:52:22
2684,tick05,09:52:22
2685,tick05,09:52:23
2686,tick05,09:52:23
2687,tick05,09:52:24
2688,tick05,09:52:24
2689,tick05,09:52:25
2690,tick05,09:52:25
2691,tick05,09:52:26
2692,tick05,09:52:26
2693,tick05,09:52:27
2694,tick05,09:52:27
2695,tick05,09:52:28
2696,tick05,09:52:28
2697,tick05,09:52:29
2698,tick05,09:52:29
2699,tick05,09:52:30
2700,tick05,09:52:30
2701,tick05,09:52:31
2702,tick05,09:52:31
2703,tick05,09:52:32
2704,tick05,09:52:32
2705,tick05,09:52:33
2706,tick05,09:52:33
2707,tick05,09:52:34
2708,tick05,09:52:34
2709,tick05,09:52:35
2710,tick05,09:52:35
2711,tick05,09:52:36
2712,tick05,09:52:36
2713,tick05,09:52:37
2714,tick05,09:52:37
2715,tick05,09:52:38
2716,tick05,09:52:38
2717,tick05,09:52:39
2718,tick05,09:52:39
2719,tick05,09:52:40
2720,tick05,09:52:40
2721,tick05,09:52:41
2722,tick05,09:52:41
2723,tick05,09:52:42
2724,tick05,09:52:42
2725,tick05,09:52:43
2726,tick05,09:52:43
2727,tick05,09:52:44
2728,tick05,09:52:44
2729,tick05,09:52:45
2730,tick05,09:52:45
2731,tick05,09:52:46
2732,tick05,09:52:46
2733,tick05,09:52:47
2734,tick05,09:52:47
2735,tick05,09:52:48
2736,tick05,09:52:48
2737,tick05,09:52:49
2738,tick05,09:52:49
2739,tick05,09:52:50
2740,tick05,09:52:50
2741,tick05,09:52:51
2742,tick05,09:52:51
2743,tick05,09:52:52
2744,tick05,09:52:52
2745,tick05,09:52:53
2746,tick05,09:52:53
2747,tick05,09:52:54
2748,tick05,09:52:54
2749,tick05,09:52:55
2750,tick05,09:52:55
2751,tick05,09:52:56
2752,tick05,09:52:56
2753,tick05,09:52:57
2754,tick05,09:52:57
2755,tick05,09:52:58
2756,tick05,09:52:58
2757,tick05,09:52:59
2758,tick05,09:52:59
2759,tick05,09:53:00
2760,tick05,09:53:00
2761,tick05,09:53:01
2762,tick05,09:53:01
2763,tick05,09:53:02
2764,tick05,09:53:02
2765,tick05,09:53:03
2766,tick05,09:53:03
2767,tick05,09:53:04
2768,tick05,09:53:04
2769,tick05,09:53:05
2770,tick05,09:53:05
2771,tick05,09:53:06
2772,tick05,09:53:06
2773,tick05,09:53:07
2774,tick05,09:53:07
2775,tick05,09:53:08
2776,tick05,09:53:08
2777,tick05,09:53:09
2778,tick05,09:53:09
2779,tick05,09:53:10
2780,tick05,09:53:10
2781,tick05,09:53:11
2782,tick05,09:53:11
2783,tick05,09:53:12
2784,tick05,09:53:12
2785,tick05,09:53:13
2786,tick05,09:53:13
2787,tick05,09:53:14
2788,tick05,09:53:14
2789,tick05,09:53:15
2790,tick05,09:53:15
2791,tick05,09:53:16
2792,tick05,09:53:16
2793,tick05,09:53:17
2794,tick05,09:53:17
2795,tick05,09:53:18
2796,tick05,09:53:18
2797,tick05,09:53:19
2798,tick05,09:53:19
2799,tick05,09:53:20
2800,tick05,09:53:20
2801,tick05,09:53:21
2802,tick05,09:53:21
2803,tick05,09:53:22
2804,tick05,09:53:22
2805,tick05,09:53:23
2806,tick05,09:53:23
2807,tick05,09:53:24
2808,tick05,09:53:24
2809,tick05,09:53:25
2810,tick05,09:53:25
2811,tick05,09:53:26
2812,tick05,09:53:26
2813,tick05,09:53:27
2814,tick05,09:53:27
2815,tick05,09:53:28
2816,tick05,09:53:28
2817,tick05,09:53:29
2818,tick05,09:53:29
2819,tick05,09:53:30
2820,tick05,09:53:30
2821,tick05,09:53:31
2822,tick05,09:53:31
2823,tick05,09:53:32
2824,tick05,09:53:32
2825,tick05,09:53:33
2826,tick05,09:53:33
2827,tick05,09:53:34
2828,tick05,09:53:34
2829,tick05,09:53:35
2830,tick05,09:53:35
2831,tick05,09:53:36
2832,tick05,09:53:36
2833,tick05,09:53:37
2834,tick05,09:53:37
2835,tick05,09:53:38
2836,tick05,09:53:38
2837,tick05,09:53:39
2838,tick05,09:53:39
2839,tick05,09:53:40
2840,tick05,09:53:40
2841,tick05,09:53:41
2842,tick05,09:53:41
2843,tick05,09:53:42
2844,tick05,09:53:42
2845,tick05,09:53:43
2846,tick05,09:53:43
2847,tick05,09:53:44
2848,tick05,09:53:44
2849,tick05,09:53:45
2850,tick05,09:53:45
2851,tick05,09:53:46
2852,tick05,09:53:46
2853,tick05,09:53:47
2854,tick05,09:53:47
2855,tick05,09:53:48
2856,tick05,09:53:48
2857,tick05,09:53:49
2858,tick05,09:53:49
2859,tick05,09:53:50
2860,tick05,09:53:50
2861,tick05,09:53:51
2862,tick05,09:53:51
2863,tick05,09:53:52
2864,tick05,09:53:52
2865,tick05,09:53:53
2866,tick05,09:53:53
2867,tick05,09:53:54
2868,tick05,09:53:54
2869,tick05,09:53:55
2870,tick05,09:53:55
2871,tick05,09:53:56
2872,tick05,09:53:56
2873,tick05,09:53:57
2874,tick05,09:53:57
2875,tick05,09:53:58
2876,tick05,09:53:58
2877,tick05,09:53:59
2878,tick05,09:53:59
2879,tick05,09:54:00
2880,tick05,09:54:00
2881,tick05,09:54:01
2882,tick05,09:54:01
2883,tick05,09:54:02
2884,tick05,09:54:02
2885,tick05,09:54:03
2886,tick05,09:54:03
2887,tick05,09:54:04
2888,tick05,09:54:04
2889,tick05,09:54:05
2890,tick05,09:54:05
2891,tick05,09:54:06
2892,tick05,09:54:06
2893,tick05,09:54:07
2894,tick05,09:54:07
2895,tick05,09:54:08
2896,tick05,09:54:08
2897,tick05,09:54:09
2898,tick05,09:54:09
2899,tick05,09:54:10
2900,tick05,09:54:10
2901,tick05,09:54:11
2902,tick05,09:54:11
2903,tick05,09:54:12
2904,tick05,09:54:12
2905,tick05,09:54:13
2906,tick05,09:54:13
2907,tick05,09:54:14
2908,tick05,09:54:14
2909,tick05,09:54:15
2910,tick05,09:54:15
2911,tick05,09:54:16
2912,tick05,09:54:16
2913,tick05,09:54:17
2914,tick05,09:54:17
2915,tick05,09:54:18
2916,tick05,09:54:18
2917,tick05,09:54:19
2918,tick05,09:54:19
2919,tick05,09:54:20
2920,tick05,09:54:20
2921,tick05,09:54:21
2922,tick05,09:54:21
2923,tick05,09:54:22
2924,tick05,09:54:22
2925,tick05,09:54:23
2926,tick05,09:54:23
2927,tick05,09:54:24
2928,tick05,09:54:24
2929,tick05,09:54:25
2930,tick05,09:54:25
2931,tick05,09:54:26
2932,tick05,09:54:26
2933,tick05,09:54:27
2934,tick05,09:54:27
2935,tick05,09:54:28
2936,tick05,09:54:28
2937,tick05,09:54:29
2938,tick05,09:54:29
2939,tick05,09:54:30
2940,tick05,09:54:30
2941,tick05,09:54:31
2942,tick05,09:54:31
2943,tick05,09:54:32
2944,tick05,09:54:32
2945,tick05,09:54:33
2946,tick05,09:54:33
2947,tick05,09:54:34
2948,tick05,09:54:34
2949,tick05,09:54:35
2950,tick05,09:54:35
2951,tick05,09:54:36
2952,tick05,09:54:36
2953,tick05,09:54:37
2954,tick05,09:54:37
2955,tick05,09:54:38
2956,tick05,09:54:38
2957,tick05,09:54:39
2958,tick05,09:54:39
2959,tick05,09:54:40
2960,tick05,09:54:40
2961,tick05,09:54:41
2962,tick05,09:54:41
2963,tick05,09:54:42
2964,tick05,09:54:42
2965,tick05,09:54:43
2966,tick05,09:54:43
2967,tick05,09:54:44
2968,tick05,09:54:44
2969,tick05,09:54:45
2970,tick05,09:54:45
2971,tick05,09:54:46
2972,tick05,09:54:46
2973,tick05,09:54:47
2974,tick05,09:54:47
2975,tick05,09:54:48
2976,tick05,09:54:48
2977,tick05,09:54:49
2978,tick05,09:54:49
2979,tick05,09:54:50
2980,tick05,09:54:50
2981,tick05,09:54:51
2982,tick05,09:54:51
2983,tick05,09:54:52
2984,tick05,09:54:52
2985,tick05,09:54:53
2986,tick05,09:54:53
2987,tick05,09:54:54
2988,tick05,09:54:54
2989,tick05,09:54:55
2990,tick05,09:54:55
2991,tick05,09:54:56
2992,tick05,09:54:56
2993,tick05,09:54:57
2994,tick05,09:54:57
2995,tick05,09:54:58
2996,tick05,09:54:58
2997,tick05,09:54:59
2998,tick05,09:54:59
2999,tick05,09:55:00
3000,tick05,09:55:00
3001,tick05,09:55:01
3002,tick05,09:55:01
3003,tick05,09:55:02
3004,tick05,09:55:02
3005,tick05,09:55:03
3006,tick05,09:55:03
3007,tick05,09:55:04
3008,tick05,09:55:04
3009,tick05,09:55:05
3010,tick05,09:55:05
3011,tick05,09:55:06
3012,tick05,09:55:06
3013,tick05,09:55:07
3014,tick05,09:55:07
3015,tick05,09:55:08
3016,tick05,09:55:08
3017,tick05,09:55:09
3018,tick05,09:55:09
3019,tick05,09:55:10
3020,tick05,09:55:10
3021,tick05,09:55:11
3022,tick05,09:55:11
3023,tick05,09:55:12
3024,tick05,09:55:12
3025,tick05,09:55:13
3026,tick05,09:55:13
3027,tick05,09:55:14
3028,tick05,09:55:14
3029,tick05,09:55:15
3030,tick05,09:55:15
3031,tick05,09:55:16
3032,tick05,09:55:16
3033,tick05,09:55:17
3034,tick05,09:55:17
3035,tick05,09:55:18
3036,tick05,09:55:18
3037,tick05,09:55:19
3038,tick05,09:55:19
3039,tick05,09:55:20
3040,tick05,09:55:20
3041,tick05,09:55:21
3042,tick05,09:55:21
3043,tick05,09:55:22
3044,tick05,09:55:22
3045,tick05,09:55:23
3046,tick05,09:55:23
3047,tick05,09:55:24
3048,tick05,09:55:24
3049,tick05,09:55:25
3050,tick05,09:55:25
3051,tick05,09:55:26
3052,tick05,09:55:26
3053,tick05,09:55:27
3054,tick05,09:55:27
3055,tick05,09:55:28
3056,tick05,09:55:28
3057,tick05,09:55:29
3058,tick05,09:55:29
3059,tick05,09:55:30
3060,tick05,09:55:30
3061,tick05,09:55:31
3062,tick05,09:55:31
3063,tick05,09:55:32
3064,tick05,09:55:32
3065,tick05,09:55:33
3066,tick05,09:55:33
3067,tick05,09:55:34
3068,tick05,09:55:34
3069,tick05,09:55:35
3070,tick05,09:55:35
3071,tick05,09:55:36
3072,tick05,09:55:36
3073,tick05,09:55:37
3074,tick05,09:55:37
3075,tick05,09:55:38
3076,tick05,09:55:38
3077,tick05,09:55:39
3078,tick05,09:55:39
3079,tick05,09:55:40
3080,tick05,09:55:40
3081,tick05,09:55:41
3082,tick05,09:55:41
3083,tick05,09:55:42
3084,tick05,09:55:42
3085,tick05,09:55:43
3086,tick05,09:55:43
3087,tick05,09:55:44
3088,tick05,09:55:44
3089,tick05,09:55:45
3090,tick05,09:55:45
3091,tick05,09:55:46
3092,tick05,09:55:46
3093,tick05,09:55:47
3094,tick05,09:55:47
3095,tick05,09:55:48
3096,tick05,09:55:48
3097,tick05,09:55:49
3098,tick05,09:55:49
3099,tick05,09:55:50
3100,tick05,09:55:50
3101,tick05,09:55:51
3102,tick05,09:55:51
3103,tick05,09:55:52
3104,tick05,09:55:52
3105,tick05,09:55:53
3106,tick05,09:55:53
3107,tick05,09:55:54
3108,tick05,09:55:54
3109,tick05,09:55:55
3110,tick05,09:55:55
3111,tick05,09:55:56
3112,tick05,09:55:56
3113,tick05,09:55:57
3114,tick05,09:55:57
3115,tick05,09:55:58
3116,tick05,09:55:58
3117,tick05,09:55:59
3118,tick05,09:55:59
3119,tick05,09:56:00
3120,tick05,09:56:00
3121,tick05,09:56:01
3122,tick05,09:56:01
3123,tick05,09:56:02
3124,tick05,09:56:02
3125,tick05,09:56:03
3126,tick05,09:56:03
3127,tick05,09:56:04
3128,tick05,09:56:04
3129,tick05,09:56:05
3130,tick05,09:56:05
3131,tick05,09:56:06
3132,tick05,09:56:06
3133,tick05,09:56:07
3134,tick05,09:56:07
3135,tick05,09:56:08
3136,tick05,09:56:08
3137,tick05,09:56:09
3138,tick05,09:56:09
3139,tick05,09:56:10
3140,tick05,09:56:10
3141,tick05,09:56:11
3142,tick05,09:56:11
3143,tick05,09:56:12
3144,tick05,09:56:12
3145,tick05,09:56:13
3146,tick05,09:56:13
3147,tick05,09:56:14
3148,tick05,09:56:14
3149,tick05,09:56:15
3150,tick05,09:56:15
3151,tick05,09:56:16
3152,tick05,09:56:16
3153,tick05,09:56:17
3154,tick05,09:56:17
3155,tick05,09:56:18
3156,tick05,09:56:18
3157,tick05,09:56:19
3158,tick05,09:56:19
3159,tick05,09:56:20
3160,tick05,09:56:20
3161,tick05,09:56:21
3162,tick05,09:56:21
3163,tick05,09:56:22
3164,tick05,09:56:22
3165,tick05,09:56:23
3166,tick05,09:56:23
3167,tick05,09:56:24
3168,tick05,09:56:24
3169,tick05,09:56:25
3170,tick05,09:56:25
3171,tick05,09:56:26
3172,tick05,09:56:26
3173,tick05,09:56:27
3174,tick05,09:56:27
3175,tick05,09:56:28
3176,tick05,09:56:28
3177,tick05,09:56:29
3178,tick05,09:56:29
3179,tick05,09:56:30
3180,tick05,09:56:30
3181,tick05,09:56:31
3182,tick05,09:56:31
3183,tick05,09:56:32
3184,tick05,09:56:32
3185,tick05,09:56:33
3186,tick05,09:56:33
3187,tick05,09:56:34
3188,tick05,09:56:34
3189,tick05,09:56:35
3190,tick05,09:56:35
3191,tick05,09:56:36
3192,tick05,09:56:36
3193,tick05,09:56:37
3194,tick05,09:56:37
3195,tick05,09:56:38
3196,tick05,09:56:38
3197,tick05,09:56:39
3198,tick05,09:56:39
3199,tick05,09:56:40
3200,tick05,09:56:40
3201,tick05,09:56:41
3202,tick05,09:56:41
3203,tick05,09:56:42
3204,tick05,09:56:42
3205,tick05,09:56:43
3206,tick05,09:56:43
3207,tick05,09:56:44
3208,tick05,09:56:44
3209,tick05,09:56:45
3210,tick05,09:56:45
3211,tick05,09:56:46
3212,tick05,09:56:46
3213,tick05,09:56:47
3214,tick05,09:56:47
3215,tick05,09:56:48
3216,tick05,09:56:48
3217,tick05,09:56:49
3218,tick05,09:56:49
3219,tick05,09:56:50
3220,tick05,09:56:50
3221,tick05,09:56:51
3222,tick05,09:56:51
3223,tick05,09:56:52
3224,tick05,09:56:52
3225,tick05,09:56:53
3226,tick05,09:56:53
3227,tick05,09:56:54
3228,tick05,09:56:54
3229,tick05,09:56:55
3230,tick05,09:56:55
3231,tick05,09:56:56
3232,tick05,09:56:56
3233,tick05,09:56:57
3234,tick05,09:56:57
3235,tick05,09:56:58
3236,tick05,09:56:58
3237,tick05,09:56:59
3238,tick05,09:56:59
3239,tick05,09:57:00
3240,tick05,09:57:00
3241,tick05,09:57:01
3242,tick05,09:57:01
3243,tick05,09:57:02
3244,tick05,09:57:02
3245,tick05,09:57:03
3246,tick05,09:57:03
3247,tick05,09:57:04
3248,tick05,09:57:04
3249,tick05,09:57:05
3250,tick05,09:57:05
3251,tick05,09:57:06
3252,tick05,09:57:06
3253,tick05,09:57:07
3254,tick05,09:57:07
3255,tick05,09:57:08
3256,tick05,09:57:08
3257,tick05,09:57:09
3258,tick05,09:57:09
3259,tick05,09:57:10
3260,tick05,09:57:10
3261,tick05,09:57:11
3262,tick05,09:57:11
3263,tick05,09:57:12
3264,tick05,09:57:12
3265,tick05,09:57:13
3266,tick05,09:57:13
3267,tick05,09:57:14
3268,tick05,09:57:14
3269,tick05,09:57:15
3270,tick05,09:57:15
3271,tick05,09:57:16
3272,tick05,09:57:16
3273,tick05,09:57:17
3274,tick05,09:57:17
3275,tick05,09:57:18
3276,tick05,09:57:18
3277,tick05,09:57:19
3278,tick05,09:57:19
3279,tick05,09:57:20
3280,tick05,09:57:20
3281,tick05,09:57:21
3282,tick05,09:57:21
3283,tick05,09:57:22
3284,tick05,09:57:22
3285,tick05,09:57:23
3286,tick05,09:57:23
3287,tick05,09:57:24
3288,tick05,09:57:24
3289,tick05,09:57:25
3290,tick05,09:57:25
3291,tick05,09:57:26
3292,tick05,09:57:26
3293,tick05,09:57:27
3294,tick05,09:57:27
3295,tick05,09:57:28
3296,tick05,09:57:28
3297,tick05,09:57:29
3298,tick05,09:57:29
3299,tick05,09:57:30
3300,tick05,09:57:30
3301,tick05,09:57:31
3302,tick05,09:57:31
3303,tick05,09:57:32
3304,tick05,09:57:32
3305,tick05,09:57:33
3306,tick05,09:57:33
3307,tick05,09:57:34
3308,tick05,09:57:34
3309,tick05,09:57:35
3310,tick05,09:57:35
3311,tick05,09:57:36
3312,tick05,09:57:36
3313,tick05,09:57:37
3314,tick05,09:57:37
3315,tick05,09:57:38
3316,tick05,09:57:38
3317,tick05,09:57:39
3318,tick05,09:57:39
3319,tick05,09:57:40
3320,tick05,09:57:40
3321,tick05,09:57:41
3322,tick05,09:57:41
3323,tick05,09:57:42
3324,tick05,09:57:42
3325,tick05,09:57:43
3326,tick05,09:57:43
3327,tick05,09:57:44
3328,tick05,09:57:44
3329,tick05,09:57:45
3330,tick05,09:57:45
3331,tick05,09:57:46
3332,tick05,09:57:46
3333,tick05,09:57:47
3334,tick05,09:57:47
3335,tick05,09:57:48
3336,tick05,09:57:48
3337,tick05,09:57:49
3338,tick05,09:57:49
3339,tick05,09:57:50
3340,tick05,09:57:50
3341,tick05,09:57:51
3342,tick05,09:57:51
3343,tick05,09:57:52
3344,tick05,09:57:52
3345,tick05,09:57:53
3346,tick05,09:57:53
3347,tick05,09:57:54
3348,tick05,09:57:54
3349,tick05,09:57:55
3350,tick05,09:57:55
3351,tick05,09:57:56
3352,tick05,09:57:56
3353,tick05,09:57:57
3354,tick05,09:57:57
3355,tick05,09:57:58
3356,tick05,09:57:58
3357,tick05,09:57:59
3358,tick05,09:57:59
3359,tick05,09:58:00
3360,tick05,09:58:00
3361,tick05,09:58:01
3362,tick05,09:58:01
3363,tick05,09:58:02
3364,tick05,09:58:02
3365,tick05,09:58:03
3366,tick05,09:58:03
3367,tick05,09:58:04
3368,tick05,09:58:04
3369,tick05,09:58:05
3370,tick05,09:58:05
3371,tick05,09:58:06
3372,tick05,09:58:06
3373,tick05,09:58:07
3374,tick05,09:58:07
3375,tick05,09:58:08
3376,tick05,09:58:08
3377,tick05,09:58:09
3378,tick05,09:58:09
3379,tick05,09:58:10
3380,tick05,09:58:10
3381,tick05,09:58:11
3382,tick05,09:58:11
3383,tick05,09:58:12
3384,tick05,09:58:12
3385,tick05,09:58:13
3386,tick05,09:58:13
3387,tick05,09:58:14
3388,tick05,09:58:14
3389,tick05,09:58:15
3390,tick05,09:58:15
3391,tick05,09:58:16
3392,tick05,09:58:16
3393,tick05,09:58:17
3394,tick05,09:58:17
3395,tick05,09:58:18
3396,tick05,09:58:18
3397,tick05,09:58:19
3398,tick05,09:58:19
3399,tick05,09:58:20
3400,tick05,09:58:20
3401,tick05,09:58:21
3402,tick05,09:58:21
3403,tick05,09:58:22
3404,tick05,09:58:22
3405,tick05,09:58:23
3406,tick05,09:58:23
3407,tick05,09:58:24
3408,tick05,09:58:24
3409,tick05,09:58:25
3410,tick05,09:58:25
3411,tick05,09:58:26
3412,tick05,09:58:26
3413,tick05,09:58:27
3414,tick05,09:58:27
3415,tick05,09:58:28
3416,tick05,09:58:28
3417,tick05,09:58:29
3418,tick05,09:58:29
3419,tick05,09:58:30
3420,tick05,09:58:30
3421,tick05,09:58:31
3422,tick05,09:58:31
3423,tick05,09:58:32
3424,tick05,09:58:32
3425,tick05,09:58:33
3426,tick05,09:58:33
3427,tick05,09:58:34
3428,tick05,09:58:34
3429,tick05,09:58:35
3430,tick05,09:58:35
3431,tick05,09:58:36
3432,tick05,09:58:36
3433,tick05,09:58:37
3434,tick05,09:58:37
3435,tick05,09:58:38
3436,tick05,09:58:38
3437,tick05,09:58:39
3438,tick05,09:58:39
3439,tick05,09:58:40
3440,tick05,09:58:40
3441,tick05,09:58:41
3442,tick05,09:58:41
3443,tick05,09:58:42
3444,tick05,09:58:42
3445,tick05,09:58:43
3446,tick05,09:58:43
3447,tick05,09:58:44
3448,tick05,09:58:44
3449,tick05,09:58:45
3450,tick05,09:58:45
3451,tick05,09:58:46
3452,tick05,09:58:46
3453,tick05,09:58:47
3454,tick05,09:58:47
3455,tick05,09:58:48
3456,tick05,09:58:48
3457,tick05,09:58:49
3458,tick05,09:58:49
3459,tick05,09:58:50
3460,tick05,09:58:50
3461,tick05,09:58:51
3462,tick05,09:58:51
3463,tick05,09:58:52
3464,tick05,09:58:52
3465,tick05,09:58:53
3466,tick05,09:58:53
3467,tick05,09:58:54
3468,tick05,09:58:54
3469,tick05,09:58:55
3470,tick05,09:58:55
3471,tick05,09:58:56
3472,tick05,09:58:56
3473,tick05,09:58:57
3474,tick05,09:58:57
3475,tick05,09:58:58
3476,tick05,09:58:58
3477,tick05,09:58:59
3478,tick05,09:58:59
3479,tick05,09:59:00
3480,tick05,09:59:00
3481,tick05,09:59:01
3482,tick05,09:59:01
3483,tick05,09:59:02
3484,tick05,09:59:02
3485,tick05,09:59:03
3486,tick05,09:59:03
3487,tick05,09:59:04
3488,tick05,09:59:04
3489,tick05,09:59:05
3490,tick05,09:59:05
3491,tick05,09:59:06
3492,tick05,09:59:06
3493,tick05,09:59:07
3494,tick05,09:59:07
3495,tick05,09:59:08
3496,tick05,09:59:08
3497,tick05,09:59:09
3498,tick05,09:59:09
3499,tick05,09:59:10
3500,tick05,09:59:10
3501,tick05,09:59:11
3502,tick05,09:59:11
3503,tick05,09:59:12
3504,tick05,09:59:12
3505,tick05,09:59:13
3506,tick05,09:59:13
3507,tick05,09:59:14
3508,tick05,09:59:14
3509,tick05,09:59:15
3510,tick05,09:59:15
3511,tick05,09:59:16
3512,tick05,09:59:16
3513,tick05,09:59:17
3514,tick05,09:59:17
3515,tick05,09:59:18
3516,tick05,09:59:18
3517,tick05,09:59:19
3518,tick05,09:59:19
3519,tick05,09:59:20
3520,tick05,09:59:20
3521,tick05,09:59:21
3522,tick05,09:59:21
3523,tick05,09:59:22
3524,tick05,09:59:22
3525,tick05,09:59:23
3526,tick05,09:59:23
3527,tick05,09:59:24
3528,tick05,09:59:24
3529,tick05,09:59:25
3530,tick05,09:59:25
3531,tick05,09:59:26
3532,tick05,09:59:26
3533,tick05,09:59:27
3534,tick05,09:59:27
3535,tick05,09:59:28
3536,tick05,09:59:28
3537,tick05,09:59:29
3538,tick05,09:59:29
3539,tick05,09:59:30
3540,tick05,09:59:30
3541,tick05,09:59:31
3542,tick05,09:59:31
3543,tick05,09:59:32
3544,tick05,09:59:32
3545,tick05,09:59:33
3546,tick05,09:59:33
3547,tick05,09:59:34
3548,tick05,09:59:34
3549,tick05,09:59:35
3550,tick05,09:59:35
3551,tick05,09:59:36
3552,tick05,09:59:36
3553,tick05,09:59:37
3554,tick05,09:59:37
3555,tick05,09:59:38
3556,tick05,09:59:38
3557,tick05,09:59:39
3558,tick05,09:59:39
3559,tick05,09:59:40
3560,tick05,09:59:40
3561,tick05,09:59:41
3562,tick05,09:59:41
3563,tick05,09:59:42
3564,tick05,09:59:42
3565,tick05,09:59:43
3566,tick05,09:59:43
3567,tick05,09:59:44
3568,tick05,09:59:44
3569,tick05,09:59:45
3570,tick05,09:59:45
3571,tick05,09:59:46
3572,tick05,09:59:46
3573,tick05,09:59:47
3574,tick05,09:59:47
3575,tick05,09:59:48
3576,tick05,09:59:48
3577,tick05,09:59:49
3578,tick05,09:59:49
3579,tick05,09:59:50
3580,tick05,09:59:50
3581,tick05,09:59:51
3582,tick05,09:59:51
3583,tick05,09:59:52
3584,tick05,09:59:52
3585,tick05,09:59:53
3586,tick05,09:59:53
3587,tick05,09:59:54
3588,tick05,09:59:54
3589,tick05,09:59:55
3590,tick05,09:59:55
3591,tick05,09:59:56
3592,tick05,09:59:56
3593,tick05,09:59:57
3594,tick05,09:59:57
3595,tick05,09:59:58
3596,tick05,09:59:58
3597,tick05,09:59:59
3598,tick05,09:59:59
3599,tick05,10:00:00
3600,tick05,10:00:00
3601,tick05,10:00:01
3602,tick05,10:00:01
3603,tick05,10:00:02
3604,tick05,10:00:02
3605,tick05,10:00:03
3606,tick05,10:00:03
3607,tick05,10:00:04
3608,tick05,10:00:04
3609,tick05,10:00:05
3610,tick05,10:00:05
3611,tick05,10:00:06
3612,tick05,10:00:06
3613,tick05,10:00:07
3614,tick05,10:00:07
3615,tick05,10:00:08
3616,tick05,10:00:08
3617,tick05,10:00:09
3618,tick05,10:00:09
3619,tick05,10:00:10
3620,tick05,10:00:10
3621,tick05,10:00:11
3622,tick05,10:00:11
3623,tick05,10:00:12
3624,tick05,10:00:12
3625,tick05,10:00:13
3626,tick05,10:00:13
3627,tick05,10:00:14
3628,tick05,10:00:14
3629,tick05,10:00:15
3630,tick05,10:00:15
3631,tick05,10:00:16
3632,tick05,10:00:16
3633,tick05,10:00:17
3634,tick05,10:00:17
3635,tick05,10:00:18
3636,tick05,10:00:18
3637,tick05,10:00:19
3638,tick05,10:00:19
3639,tick05,10:00:20
3640,tick05,10:00:20
3641,tick05,10:00:21
3642,tick05,10:00:21
3643,tick05,10:00:22
3644,tick05,10:00:22
3645,tick05,10:00:23
3646,tick05,10:00:23
3647,tick05,10:00:24
3648,tick05,10:00:24
3649,tick05,10:00:25
3650,tick05,10:00:25
3651,tick05,10:00:26
3652,tick05,10:00:26
3653,tick05,10:00:27
3654,tick05,10:00:27
3655,tick05,10:00:28
3656,tick05,10:00:28
3657,tick05,10:00:29
3658,tick05,10:00:29
3659,tick05,10:00:30
3660,tick05,10:00:30
3661,tick05,10:00:31
3662,tick05,10:00:31
3663,tick05,10:00:32
3664,tick05,10:00:32
3665,tick05,10:00:33
3666,tick05,10:00:33
3667,tick05,10:00:34
3668,tick05,10:00:34
3669,tick05,10:00:35
3670,tick05,10:00:35
3671,tick05,10:00:36
3672,tick05,10:00:36
3673,tick05,10:00:37
3674,tick05,10:00:37
3675,tick05,10:00:38
3676,tick05,10:00:38
3677,tick05,10:00:39
3678,tick05,10:00:39
3679,tick05,10:00:40
3680,tick05,10:00:40
3681,tick05,10:00:41
3682,tick05,10:00:41
3683,tick05,10:00:42
3684,tick05,10:00:42
3685,tick05,10:00:43
3686,tick05,10:00:43
3687,tick05,10:00:44
3688,tick05,10:00:44
3689,tick05,10:00:45
3690,tick05,10:00:45
3691,tick05,10:00:46
3692,tick05,10:00:46
3693,tick05,10:00:47
3694,tick05,10:00:47
3695,tick05,10:00:48
3696,tick05,10:00:48
3697,tick05,10:00:49
3698,tick05,10:00:49
3699,tick05,10:00:50
3700,tick05,10:00:50
3701,tick05,10:00:51
3702,tick05,10:00:51
3703,tick05,10:00:52
3704,tick05,10:00:52
3705,tick05,10:00:53
3706,tick05,10:00:53
3707,tick05,10:00:54
3708,tick05,10:00:54
3709,tick05,10:00:55
3710,tick05,10:00:55
3711,tick05,10:00:56
3712,tick05,10:00:56
3713,tick05,10:00:57
3714,tick05,10:00:57
3715,tick05,10:00:58
3716,tick05,10:00:58
3717,tick05,10:00:59
3718,tick05,10:00:59
3719,tick05,10:01:00
3720,tick05,10:01:00
3721,tick05,10:01:01
3722,tick05,10:01:01
3723,tick05,10:01:02
3724,tick05,10:01:02
3725,tick05,10:01:03
3726,tick05,10:01:03
3727,tick05,10:01:04
3728,tick05,10:01:04
3729,tick05,10:01:05
3730,tick05,10:01:05
3731,tick05,10:01:06
3732,tick05,10:01:06
3733,tick05,10:01:07
3734,tick05,10:01:07
3735,tick05,10:01:08
3736,tick05,10:01:08
3737,tick05,10:01:09
3738,tick05,10:01:09
3739,tick05,10:01:10
3740,tick05,10:01:10
3741,tick05,10:01:11
3742,tick05,10:01:11
3743,tick05,10:01:12
3744,tick05,10:01:12
3745,tick05,10:01:13
3746,tick05,10:01:13
3747,tick05,10:01:14
3748,tick05,10:01:14
3749,tick05,10:01:15
3750,tick05,10:01:15
3751,tick05,10:01:16
3752,tick05,10:01:16
3753,tick05,10:01:17
3754,tick05,10:01:17
3755,tick05,10:01:18
3756,tick05,10:01:18
3757,tick05,10:01:19
3758,tick05,10:01:19
3759,tick05,10:01:20
3760,tick05,10:01:20
3761,tick05,10:01:21
3762,tick05,10:01:21
3763,tick05,10:01:22
3764,tick05,10:01:22
3765,tick05,10:01:23
3766,tick05,10:01:23
3767,tick05,10:01:24
3768,tick05,10:01:24
3769,tick05,10:01:25
3770,tick05,10:01:25
3771,tick05,10:01:26
3772,tick05,10:01:26
3773,tick05,10:01:27
3774,tick05,10:01:27
3775,tick05,10:01:28
3776,tick05,10:01:28
3777,tick05,10:01:29
3778,tick05,10:01:29
3779,tick05,10:01:30
3780,tick05,10:01:30
3781,tick05,10:01:31
3782,tick05,10:01:31
3783,tick05,10:01:32
3784,tick05,10:01:32
3785,tick05,10:01:33
3786,tick05,10:01:33
3787,tick05,10:01:34
3788,tick05,10:01:34
3789,tick05,10:01:35
3790,tick05,10:01:35
3791,tick05,10:01:36
3792,tick05,10:01:36
3793,tick05,10:01:37
3794,tick05,10:01:37
3795,tick05,10:01:38
3796,tick05,10:01:38
3797,tick05,10:01:39
3798,tick05,10:01:39
3799,tick05,10:01:40
3800,tick05,10:01:40
3801,tick05,10:01:41
3802,tick05,10:01:41
3803,tick05,10:01:42
3804,tick05,10:01:42
3805,tick05,10:01:43
3806,tick05,10:01:43
3807,tick05,10:01:44
3808,tick05,10:01:44
3809,tick05,10:01:45
3810,tick05,10:01:45
3811,tick05,10:01:46
3812,tick05,10:01:46
3813,tick05,10:01:47
3814,tick05,10:01:47
3815,tick05,10:01:48
3816,tick05,10:01:48
3817,tick05,10:01:49
3818,tick05,10:01:49
3819,tick05,10:01:50
3820,tick05,10:01:50
3821,tick05,10:01:51
3822,tick05,10:01:51
3823,tick05,10:01:52
3824,tick05,10:01:52
3825,tick05,10:01:53
3826,tick05,10:01:53
3827,tick05,10:01:54
3828,tick05,10:01:54
3829,tick05,10:01:55
3830,tick05,10:01:55
3831,tick05,10:01:56
3832,tick05,10:01:56
3833,tick05,10:01:57
3834,tick05,10:01:57
3835,tick05,10:01:58
3836,tick05,10:01:58
3837,tick05,10:01:59
3838,tick05,10:01:59
3839,tick05,10:02:00
3840,tick05,10:02:00
3841,tick05,10:02:01
3842,tick05,10:02:01
3843,tick05,10:02:02
3844,tick05,10:02:02
3845,tick05,10:02:03
3846,tick05,10:02:03
3847,tick05,10:02:04
3848,tick05,10:02:04
3849,tick05,10:02:05
3850,tick05,10:02:05
3851,tick05,10:02:06
3852,tick05,10:02:06
3853,tick05,10:02:07
3854,tick05,10:02:07
3855,tick05,10:02:08
3856,tick05,10:02:08
3857,tick05,10:02:09
3858,tick05,10:02:09
3859,tick05,10:02:10
3860,tick05,10:02:10
3861,tick05,10:02:11
3862,tick05,10:02:11
3863,tick05,10:02:12
3864,tick05,10:02:12
3865,tick05,10:02:13
3866,tick05,10:02:13
3867,tick05,10:02:14
3868,tick05,10:02:14
3869,tick05,10:02:15
3870,tick05,10:02:15
3871,tick05,10:02:16
3872,tick05,10:02:16
3873,tick05,10:02:17
3874,tick05,10:02:17
3875,tick05,10:02:18
3876,tick05,10:02:18
3877,tick05,10:02:19
3878,tick05,10:02:19
3879,tick05,10:02:20
3880,tick05,10:02:20
3881,tick05,10:02:21
3882,tick05,10:02:21
3883,tick05,10:02:22
3884,tick05,10:02:22
3885,tick05,10:02:23
3886,tick05,10:02:23
3887,tick05,10:02:24
3888,tick05,10:02:24
3889,tick05,10:02:25
3890,tick05,10:02:25
3891,tick05,10:02:26
3892,tick05,10:02:26
3893,tick05,10:02:27
3894,tick05,10:02:27
3895,tick05,10:02:28
3896,tick05,10:02:28
3897,tick05,10:02:29
3898,tick05,10:02:29
3899,tick05,10:02:30
3900,tick05,10:02:30
3901,tick05,10:02:31
3902,tick05,10:02:31
3903,tick05,10:02:32
3904,tick05,10:02:32
3905,tick05,10:02:33
3906,tick05,10:02:33
3907,tick05,10:02:34
3908,tick05,10:02:34
3909,tick05,10:02:35
3910,tick05,10:02:35
3911,tick05,10:02:36
3912,tick05,10:02:36
3913,tick05,10:02:37
3914,tick05,10:02:37
3915,tick05,10:02:38
3916,tick05,10:02:38
3917,tick05,10:02:39
3918,tick05,10:02:39
3919,tick05,10:02:40
3920,tick05,10:02:40
3921,tick05,10:02:41
3922,tick05,10:02:41
3923,tick05,10:02:42
3924,tick05,10:02:42
3925,tick05,10:02:43
3926,tick05,10:02:43
3927,tick05,10:02:44
3928,tick05,10:02:44
3929,tick05,10:02:45
3930,tick05,10:02:45
3931,tick05,10:02:46
3932,tick05,10:02:46
3933,tick05,10:02:47
3934,tick05,10:02:47
3935,tick05,10:02:48
3936,tick05,10:02:48
3937,tick05,10:02:49
3938,tick05,10:02:49
3939,tick05,10:02:50
3940,tick05,10:02:50
3941,tick05,10:02:51
3942,tick05,10:02:51
3943,tick05,10:02:52
3944,tick05,10:02:52
3945,tick05,10:02:53
3946,tick05,10:02:53
3947,tick05,10:02:54
3948,tick05,10:02:54
3949,tick05,10:02:55
3950,tick05,10:02:55
3951,tick05,10:02:56
3952,tick05,10:02:56
3953,tick05,10:02:57
3954,tick05,10:02:57
3955,tick05,10:02:58
3956,tick05,10:02:58
3957,tick05,10:02:59
3958,tick05,10:02:59
3959,tick05,10:03:00
3960,tick05,10:03:00
3961,tick05,10:03:01
3962,tick05,10:03:01
3963,tick05,10:03:02
3964,tick05,10:03:02
3965,tick05,10:03:03
3966,tick05,10:03:03
3967,tick05,10:03:04
3968,tick05,10:03:04
3969,tick05,10:03:05
3970,tick05,10:03:05
3971,tick05,10:03:06
3972,tick05,10:03:06
3973,tick05,10:03:07
3974,tick05,10:03:07
3975,tick05,10:03:08
3976,tick05,10:03:08
3977,tick05,10:03:09
3978,tick05,10:03:09
3979,tick05,10:03:10
3980,tick05,10:03:10
3981,tick05,10:03:11
3982,tick05,10:03:11
3983,tick05,10:03:12
3984,tick05,10:03:12
3985,tick05,10:03:13
3986,tick05,10:03:13
3987,tick05,10:03:14
3988,tick05,10:03:14
3989,tick05,10:03:15
3990,tick05,10:03:15
3991,tick05,10:03:16
3992,tick05,10:03:16
3993,tick05,10:03:17
3994,tick05,10:03:17
3995,tick05,10:03:18
3996,tick05,10:03:18
3997,tick05,10:03:19
3998,tick05,10:03:19
3999,tick05,10:03:20
4000,tick05,10:03:20
4001,tick05,10:03:21
4002,tick05,10:03:21
4003,tick05,10:03:22
4004,tick05,10:03:22
4005,tick05,10:03:23
4006,tick05,10:03:23
4007,tick05,10:03:24
4008,tick05,10:03:24
4009,tick05,10:03:25
4010,tick05,10:03:25
4011,tick05,10:03:26
4012,tick05,10:03:26
4013,tick05,10:03:27
4014,tick05,10:03:27
4015,tick05,10:03:28
4016,tick05,10:03:28
4017,tick05,10:03:29
4018,tick05,10:03:29
4019,tick05,10:03:30
4020,tick05,10:03:30
4021,tick05,10:03:31
4022,tick05,10:03:31
4023,tick05,10:03:32
4024,tick05,10:03:32
4025,tick05,10:03:33
4026,tick05,10:03:33
4027,tick05,10:03:34
4028,tick05,10:03:34
4029,tick05,10:03:35
4030,tick05,10:03:35
4031,tick05,10:03:36
4032,tick05,10:03:36
4033,tick05,10:03:37
4034,tick05,10:03:37
4035,tick05,10:03:38
4036,tick05,10:03:38
4037,tick05,10:03:39
4038,tick05,10:03:39
4039,tick05,10:03:40
4040,tick05,10:03:40
4041,tick05,10:03:41
4042,tick05,10:03:41
4043,tick05,10:03:42
4044,tick05,10:03:42
4045,tick05,10:03:43
4046,tick05,10:03:43
4047,tick05,10:03:44
4048,tick05,10:03:44
4049,tick05,10:03:45
4050,tick05,10:03:45
4051,tick05,10:03:46
4052,tick05,10:03:46
4053,tick05,10:03:47
4054,tick05,10:03:47
4055,tick05,10:03:48
4056,tick05,10:03:48
4057,tick05,10:03:49
4058,tick05,10:03:49
4059,tick05,10:03:50
4060,tick05,10:03:50
4061,tick05,10:03:51
4062,tick05,10:03:51
4063,tick05,10:03:52
4064,tick05,10:03:52
4065,tick05,10:03:53
4066,tick05,10:03:53
4067,tick05,10:03:54
4068,tick05,10:03:54
4069,tick05,10:03:55
4070,tick05,10:03:55
4071,tick05,10:03:56
4072,tick05,10:03:56
4073,tick05,10:03:57
4074,tick05,10:03:57
4075,tick05,10:03:58
4076,tick05,10:03:58
4077,tick05,10:03:59
4078,tick05,10:03:59
4079,tick05,10:04:00
4080,tick05,10:04:00
4081,tick05,10:04:01
4082,tick05,10:04:01
4083,tick05,10:04:02
4084,tick05,10:04:02
4085,tick05,10:04:03
4086,tick05,10:04:03
4087,tick05,10:04:04
4088,tick05,10:04:04
4089,tick05,10:04:05
4090,tick05,10:04:05
4091,tick05,10:04:06
4092,tick05,10:04:06
4093,tick05,10:04:07
4094,tick05,10:04:07
4095,tick05,10:04:08
4096,tick05,10:04:08
4097,tick05,10:04:09
4098,tick05,10:04:09
4099,tick05,10:04:10
4100,tick05,10:04:10
4101,tick05,10:04:11
4102,tick05,10:04:11
4103,tick05,10:04:12
4104,tick05,10:04:12
4105,tick05,10:04:13
4106,tick05,10:04:13
4107,tick05,10:04:14
4108,tick05,10:04:14
4109,tick05,10:04:15
4110,tick05,10:04:15
4111,tick05,10:04:16
4112,tick05,10:04:16
4113,tick05,10:04:17
4114,tick05,10:04:17
4115,tick05,10:04:18
4116,tick05,10:04:18
4117,tick05,10:04:19
4118,tick05,10:04:19
4119,tick05,10:04:20
4120,tick05,10:04:20
4121,tick05,10:04:21
4122,tick05,10:04:21
4123,tick05,10:04:22
4124,tick05,10:04:22
4125,tick05,10:04:23
4126,tick05,10:04:23
4127,tick05,10:04:24
4128,tick05,10:04:24
4129,tick05,10:04:25
4130,tick05,10:04:25
4131,tick05,10:04:26
4132,tick05,10:04:26
4133,tick05,10:04:27
4134,tick05,10:04:27
4135,tick05,10:04:28
4136,tick05,10:04:28
4137,tick05,10:04:29
4138,tick05,10:04:29
4139,tick05,10:04:30
4140,tick05,10:04:30
4141,tick05,10:04:31
4142,tick05,10:04:31
4143,tick05,10:04:32
4144,tick05,10:04:32
4145,tick05,10:04:33
4146,tick05,10:04:33
4147,tick05,10:04:34
4148,tick05,10:04:34
4149,tick05,10:04:35
4150,tick05,10:04:35
4151,tick05,10:04:36
4152,tick05,10:04:36
4153,tick05,10:04:37
4154,tick05,10:04:37
4155,tick05,10:04:38
4156,tick05,10:04:38
4157,tick05,10:04:39
4158,tick05,10:04:39
4159,tick05,10:04:40
4160,tick05,10:04:40
4161,tick05,10:04:41
4162,tick05,10:04:41
4163,tick05,10:04:42
4164,tick05,10:04:42
4165,tick05,10:04:43
4166,tick05,10:04:43
4167,tick05,10:04:44
4168,tick05,10:04:44
4169,tick05,10:04:45
4170,tick05,10:04:45
4171,tick05,10:04:46
4172,tick05,10:04:46
4173,tick05,10:04:47
4174,tick05,10:04:47
4175,tick05,10:04:48
4176,tick05,10:04:48
4177,tick05,10:04:49
4178,tick05,10:04:49
4179,tick05,10:04:50
4180,tick05,10:04:50
4181,tick05,10:04:51
4182,tick05,10:04:51
4183,tick05,10:04:52
4184,tick05,10:04:52
4185,tick05,10:04:53
4186,tick05,10:04:53
4187,tick05,10:04:54
4188,tick05,10:04:54
4189,tick05,10:04:55
4190,tick05,10:04:55
4191,tick05,10:04:56
4192,tick05,10:04:56
4193,tick05,10:04:57
4194,tick05,10:04:57
4195,tick05,10:04:58
4196,tick05,10:04:58
4197,tick05,10:04:59
4198,tick05,10:04:59
4199,tick05,10:05:00
4200,tick05,10:05:00
4201,tick05,10:05:01
4202,tick05,10:05:01
4203,tick05,10:05:02
4204,tick05,10:05:02
4205,tick05,10:05:03
4206,tick05,10:05:03
4207,tick05,10:05:04
4208,tick05,10:05:04
4209,tick05,10:05:05
4210,tick05,10:05:05
4211,tick05,10:05:06
4212,tick05,10:05:06
4213,tick05,10:05:07
4214,tick05,10:05:07
4215,tick05,10:05:08
4216,tick05,10:05:08
4217,tick05,10:05:09
4218,tick05,10:05:09
4219,tick05,10:05:10
4220,tick05,10:05:10
4221,tick05,10:05:11
4222,tick05,10:05:11
4223,tick05,10:05:12
4224,tick05,10:05:12
4225,tick05,10:05:13
4226,tick05,10:05:13
4227,tick05,10:05:14
4228,tick05,10:05:14
4229,tick05,10:05:15
4230,tick05,10:05:15
4231,tick05,10:05:16
4232,tick05,10:05:16
4233,tick05,10:05:17
4234,tick05,10:05:17
4235,tick05,10:05:18
4236,tick05,10:05:18
4237,tick05,10:05:19
4238,tick05,10:05:19
4239,tick05,10:05:20
4240,tick05,10:05:20
4241,tick05,10:05:21
4242,tick05,10:05:21
4243,tick05,10:05:22
4244,tick05,10:05:22
4245,tick05,10:05:23
4246,tick05,10:05:23
4247,tick05,10:05:24
4248,tick05,10:05:24
4249,tick05,10:05:25
4250,tick05,10:05:25
4251,tick05,10:05:26
4252,tick05,10:05:26
4253,tick05,10:05:27
4254,tick05,10:05:27
4255,tick05,10:05:28
4256,tick05,10:05:28
4257,tick05,10:05:29
4258,tick05,10:05:29
4259,tick05,10:05:30
4260,tick05,10:05:30
4261,tick05,10:05:31
4262,tick05,10:05:31
4263,tick05,10:05:32
4264,tick05,10:05:32
4265,tick05,10:05:33
4266,tick05,10:05:33
4267,tick05,10:05:34
4268,tick05,10:05:34
4269,tick05,10:05:35
4270,tick05,10:05:35
4271,tick05,10:05:36
4272,tick05,10:05:36
4273,tick05,10:05:37
4274,tick05,10:05:37
4275,tick05,10:05:38
4276,tick05,10:05:38
4277,tick05,10:05:39
4278,tick05,10:05:39
4279,tick05,10:05:40
4280,tick05,10:05:40
4281,tick05,10:05:41
4282,tick05,10:05:41
4283,tick05,10:05:42
4284,tick05,10:05:42
4285,tick05,10:05:43
4286,tick05,10:05:43
4287,tick05,10:05:44
4288,tick05,10:05:44
4289,tick05,10:05:45
4290,tick05,10:05:45
4291,tick05,10:05:46
4292,tick05,10:05:46
4293,tick05,10:05:47
4294,tick05,10:05:47
4295,tick05,10:05:48
4296,tick05,10:05:48
4297,tick05,10:05:49
4298,tick05,10:05:49
4299,tick05,10:05:50
4300,tick05,10:05:50
4301,tick05,10:05:51
4302,tick05,10:05:51
4303,tick05,10:05:52
4304,tick05,10:05:52
4305,tick05,10:05:53
4306,tick05,10:05:53
4307,tick05,10:05:54
4308,tick05,10:05:54
4309,tick05,10:05:55
4310,tick05,10:05:55
4311,tick05,10:05:56
4312,tick05,10:05:56
4313,tick05,10:05:57
4314,tick05,10:05:57
4315,tick05,10:05:58
4316,tick05,10:05:58
4317,tick05,10:05:59
4318,tick05,10:05:59
4319,tick05,10:06:00
4320,tick05,10:06:00
4321,tick05,10:06:01
4322,tick05,10:06:01
4323,tick05,10:06:02
4324,tick05,10:06:02
4325,tick05,10:06:03
4326,tick05,10:06:03
4327,tick05,10:06:04
4328,tick05,10:06:04
4329,tick05,10:06:05
4330,tick05,10:06:05
4331,tick05,10:06:06
4332,tick05,10:06:06
4333,tick05,10:06:07
4334,tick05,10:06:07
4335,tick05,10:06:08
4336,tick05,10:06:08
4337,tick05,10:06:09
4338,tick05,10:06:09
4339,tick05,10:06:10
4340,tick05,10:06:10
4341,tick05,10:06:11
4342,tick05,10:06:11
4343,tick05,10:06:12
4344,tick05,10:06:12
4345,tick05,10:06:13
4346,tick05,10:06:13
4347,tick05,10:06:14
4348,tick05,10:06:14
4349,tick05,10:06:15
4350,tick05,10:06:15
4351,tick05,10:06:16
4352,tick05,10:06:16
4353,tick05,10:06:17
4354,tick05,10:06:17
4355,tick05,10:06:18
4356,tick05,10:06:18
4357,tick05,10:06:19
4358,tick05,10:06:19
4359,tick05,10:06:20
4360,tick05,10:06:20
4361,tick05,10:06:21
4362,tick05,10:06:21
4363,tick05,10:06:22
4364,tick05,10:06:22
4365,tick05,10:06:23
4366,tick05,10:06:23
4367,tick05,10:06:24
4368,tick05,10:06:24
4369,tick05,10:06:25
4370,tick05,10:06:25
4371,tick05,10:06:26
4372,tick05,10:06:26
4373,tick05,10:06:27
4374,tick05,10:06:27
4375,tick05,10:06:28
4376,tick05,10:06:28
4377,tick05,10:06:29
4378,tick05,10:06:29
4379,tick05,10:06:30
4380,tick05,10:06:30
4381,tick05,10:06:31
4382,tick05,10:06:31
4383,tick05,10:06:32
4384,tick05,10:06:32
4385,tick05,10:06:33
4386,tick05,10:06:33
4387,tick05,10:06:34
4388,tick05,10:06:34
4389,tick05,10:06:35
4390,tick05,10:06:35
4391,tick05,10:06:36
4392,tick05,10:06:36
4393,tick05,10:06:37
4394,tick05,10:06:37
4395,tick05,10:06:38
4396,tick05,10:06:38
4397,tick05,10:06:39
4398,tick05,10:06:39
4399,tick05,10:06:40
4400,tick05,10:06:40
4401,tick05,10:06:41
4402,tick05,10:06:41
4403,tick05,10:06:42
4404,tick05,10:06:42
4405,tick05,10:06:43
4406,tick05,10:06:43
4407,tick05,10:06:44
4408,tick05,10:06:44
4409,tick05,10:06:45
4410,tick05,10:06:45
4411,tick05,10:06:46
4412,tick05,10:06:46
4413,tick05,10:06:47
4414,tick05,10:06:47
4415,tick05,10:06:48
4416,tick05,10:06:48
4417,tick05,10:06:49
4418,tick05,10:06:49
4419,tick05,10:06:50
4420,tick05,10:06:50
4421,tick05,10:06:51
4422,tick05,10:06:51
4423,tick05,10:06:52
4424,tick05,10:06:52
4425,tick05,10:06:53
4426,tick05,10:06:53
4427,tick05,10:06:54
4428,tick05,10:06:54
4429,tick05,10:06:55
4430,tick05,10:06:55
4431,tick05,10:06:56
4432,tick05,10:06:56
4433,tick05,10:06:57
4434,tick05,10:06:57
4435,tick05,10:06:58
4436,tick05,10:06:58
4437,tick05,10:06:59
4438,tick05,10:06:59
4439,tick05,10:07:00
4440,tick05,10:07:00
4441,tick05,10:07:01
4442,tick05,10:07:01
4443,tick05,10:07:02
4444,tick05,10:07:02
4445,tick05,10:07:03
4446,tick05,10:07:03
4447,tick05,10:07:04
4448,tick05,10:07:04
4449,tick05,10:07:05
4450,tick05,10:07:05
4451,tick05,10:07:06
4452,tick05,10:07:06
4453,tick05,10:07:07
4454,tick05,10:07:07
4455,tick05,10:07:08
4456,tick05,10:07:08
4457,tick05,10:07:09
4458,tick05,10:07:09
4459,tick05,10:07:10
4460,tick05,10:07:10
4461,tick05,10:07:11
4462,tick05,10:07:11
4463,tick05,10:07:12
4464,tick05,10:07:12
4465,tick05,10:07:13
4466,tick05,10:07:13
4467,tick05,10:07:14
4468,tick05,10:07:14
4469,tick05,10:07:15
4470,tick05,10:07:15
4471,tick05,10:07:16
4472,tick05,10:07:16
4473,tick05,10:07:17
4474,tick05,10:07:17
4475,tick05,10:07:18
4476,tick05,10:07:18
4477,tick05,10:07:19
4478,tick05,10:07:19
4479,tick05,10:07:20
4480,tick05,10:07:20
4481,tick05,10:07:21
4482,tick05,10:07:21
4483,tick05,10:07:22
4484,tick05,10:07:22
4485,tick05,10:07:23
4486,tick05,10:07:23
4487,tick05,10:07:24
4488,tick05,10:07:24
4489,tick05,10:07:25
4490,tick05,10:07:25
4491,tick05,10:07:26
4492,tick05,10:07:26
4493,tick05,10:07:27
4494,tick05,10:07:27
4495,tick05,10:07:28
4496,tick05,10:07:28
4497,tick05,10:07:29
4498,tick05,10:07:29
4499,tick05,10:07:30
4500,tick05,10:07:30
4501,tick05,10:07:31
4502,tick05,10:07:31
4503,tick05,10:07:32
4504,tick05,10:07:32
4505,tick05,10:07:33
4506,tick05,10:07:33
4507,tick05,10:07:34
4508,tick05,10:07:34
4509,tick05,10:07:35
4510,tick05,10:07:35
4511,tick05,10:07:36
4512,tick05,10:07:36
4513,tick05,10:07:37
4514,tick05,10:07:37
4515,tick05,10:07:38
4516,tick05,10:07:38
4517,tick05,10:07:39
4518,tick05,10:07:39
4519,tick05,10:07:40
4520,tick05,10:07:40
4521,tick05,10:07:41
4522,tick05,10:07:41
4523,tick05,10:07:42
4524,tick05,10:07:42
4525,tick05,10:07:43
4526,tick05,10:07:43
4527,tick05,10:07:44
4528,tick05,10:07:44
4529,tick05,10:07:45
4530,tick05,10:07:45
4531,tick05,10:07:46
4532,tick05,10:07:46
4533,tick05,10:07:47
4534,tick05,10:07:47
4535,tick05,10:07:48
4536,tick05,10:07:48
4537,tick05,10:07:49
4538,tick05,10:07:49
4539,tick05,10:07:50
4540,tick05,10:07:50
4541,tick05,10:07:51
4542,tick05,10:07:51
4543,tick05,10:07:52
4544,tick05,10:07:52
4545,tick05,10:07:53
4546,tick05,10:07:53
4547,tick05,10:07:54
4548,tick05,10:07:54
4549,tick05,10:07:55
4550,tick05,10:07:55
4551,tick05,10:07:56
4552,tick05,10:07:56
4553,tick05,10:07:57
4554,tick05,10:07:57
4555,tick05,10:07:58
4556,tick05,10:07:58
4557,tick05,10:07:59
4558,tick05,10:07:59
4559,tick05,10:08:00
4560,tick05,10:08:00
4561,tick05,10:08:01
4562,tick05,10:08:01
4563,tick05,10:08:02
4564,tick05,10:08:02
4565,tick05,10:08:03
4566,tick05,10:08:03
4567,tick05,10:08:04
4568,tick05,10:08:04
4569,tick05,10:08:05
4570,tick05,10:08:05
4571,tick05,10:08:06
4572,tick05,10:08:06
4573,tick05,10:08:07
4574,tick05,10:08:07
4575,tick05,10:08:08
4576,tick05,10:08:08
4577,tick05,10:08:09
4578,tick05,10:08:09
4579,tick05,10:08:10
4580,tick05,10:08:10
4581,tick05,10:08:11
4582,tick05,10:08:11
4583,tick05,10:08:12
4584,tick05,10:08:12
4585,tick05,10:08:13
4586,tick05,10:08:13
4587,tick05,10:08:14
4588,tick05,10:08:14
4589,tick05,10:08:15
4590,tick05,10:08:15
4591,tick05,10:08:16
4592,tick05,10:08:16
4593,tick05,10:08:17
4594,tick05,10:08:17
4595,tick05,10:08:18
4596,tick05,10:08:18
4597,tick05,10:08:19
4598,tick05,10:08:19
4599,tick05,10:08:20
4600,tick05,10:08:20
4601,tick05,10:08:21
4602,tick05,10:08:21
4603,tick05,10:08:22
4604,tick05,10:08:22
4605,tick05,10:08:23
4606,tick05,10:08:23
4607,tick05,10:08:24
4608,tick05,10:08:24
4609,tick05,10:08:25
4610,tick05,10:08:25
4611,tick05,10:08:26
4612,tick05,10:08:26
4613,tick05,10:08:27
4614,tick05,10:08:27
4615,tick05,10:08:28
4616,tick05,10:08:28
4617,tick05,10:08:29
4618,tick05,10:08:29
4619,tick05,10:08:30
4620,tick05,10:08:30
4621,tick05,10:08:31
4622,tick05,10:08:31
4623,tick05,10:08:32
4624,tick05,10:08:32
4625,tick05,10:08:33
4626,tick05,10:08:33
4627,tick05,10:08:34
4628,tick05,10:08:34
4629,tick05,10:08:35
4630,tick05,10:08:35
4631,tick05,10:08:36
4632,tick05,10:08:36
4633,tick05,10:08:37
4634,tick05,10:08:37
4635,tick05,10:08:38
4636,tick05,10:08:38
4637,tick05,10:08:39
4638,tick05,10:08:39
4639,tick05,10:08:40
4640,tick05,10:08:40
4641,tick05,10:08:41
4642,tick05,10:08:41
4643,tick05,10:08:42
4644,tick05,10:08:42
4645,tick05,10:08:43
4646,tick05,10:08:43
4647,tick05,10:08:44
4648,tick05,10:08:44
4649,tick05,10:08:45
4650,tick05,10:08:45
4651,tick05,10:08:46
4652,tick05,10:08:46
4653,tick05,10:08:47
4654,tick05,10:08:47
4655,tick05,10:08:48
4656,tick05,10:08:48
4657,tick05,10:08:49
4658,tick05,10:08:49
4659,tick05,10:08:50
4660,tick05,10:08:50
4661,tick05,10:08:51
4662,tick05,10:08:51
4663,tick05,10:08:52
4664,tick05,10:08:52
4665,tick05,10:08:53
4666,tick05,10:08:53
4667,tick05,10:08:54
4668,tick05,10:08:54
4669,tick05,10:08:55
4670,tick05,10:08:55
4671,tick05,10:08:56
4672,tick05,10:08:56
4673,tick05,10:08:57
4674,tick05,10:08:57
4675,tick05,10:08:58
4676,tick05,10:08:58
4677,tick05,10:08:59
4678,tick05,10:08:59
4679,tick05,10:09:00
4680,tick05,10:09:00
4681,tick05,10:09:01
4682,tick05,10:09:01
4683,tick05,10:09:02
4684,tick05,10:09:02
4685,tick05,10:09:03
4686,tick05,10:09:03
4687,tick05,10:09:04
4688,tick05,10:09:04
4689,tick05,10:09:05
4690,tick05,10:09:05
4691,tick05,10:09:06
4692,tick05,10:09:06
4693,tick05,10:09:07
4694,tick05,10:09:07
4695,tick05,10:09:08
4696,tick05,10:09:08
4697,tick05,10:09:09
4698,tick05,10:09:09
4699,tick05,10:09:10
4700,tick05,10:09:10
4701,tick05,10:09:11
4702,tick05,10:09:11
4703,tick05,10:09:12
4704,tick05,10:09:12
4705,tick05,10:09:13
4706,tick05,10:09:13
4707,tick05,10:09:14
4708,tick05,10:09:14
4709,tick05,10:09:15
4710,tick05,10:09:15
4711,tick05,10:09:16
4712,tick05,10:09:16
4713,tick05,10:09:17
4714,tick05,10:09:17
4715,tick05,10:09:18
4716,tick05,10:09:18
4717,tick05,10:09:19
4718,tick05,10:09:19
4719,tick05,10:09:20
4720,tick05,10:09:20
4721,tick05,10:09:21
4722,tick05,10:09:21
4723,tick05,10:09:22
4724,tick05,10:09:22
4725,tick05,10:09:23
4726,tick05,10:09:23
4727,tick05,10:09:24
4728,tick05,10:09:24
4729,tick05,10:09:25
4730,tick05,10:09:25
4731,tick05,10:09:26
4732,tick05,10:09:26
4733,tick05,10:09:27
4734,tick05,10:09:27
4735,tick05,10:09:28
4736,tick05,10:09:28
4737,tick05,10:09:29
4738,tick05,10:09:29
4739,tick05,10:09:30
4740,tick05,10:09:30
4741,tick05,10:09:31
4742,tick05,10:09:31
4743,tick05,10:09:32
4744,tick05,10:09:32
4745,tick05,10:09:33
4746,tick05,10:09:33
4747,tick05,10:09:34
4748,tick05,10:09:34
4749,tick05,10:09:35
4750,tick05,10:09:35
4751,tick05,10:09:36
4752,tick05,10:09:36
4753,tick05,10:09:37
4754,tick05,10:09:37
4755,tick05,10:09:38
4756,tick05,10:09:38
4757,tick05,10:09:39
4758,tick05,10:09:39
4759,tick05,10:09:40
4760,tick05,10:09:40
4761,tick05,10:09:41
4762,tick05,10:09:41
4763,tick05,10:09:42
4764,tick05,10:09:42
4765,tick05,10:09:43
4766,tick05,10:09:43
4767,tick05,10:09:44
4768,tick05,10:09:44
4769,tick05,10:09:45
4770,tick05,10:09:45
4771,tick05,10:09:46
4772,tick05,10:09:46
4773,tick05,10:09:47
4774,tick05,10:09:47
4775,tick05,10:09:48
4776,tick05,10:09:48
4777,tick05,10:09:49
4778,tick05,10:09:49
4779,tick05,10:09:50
4780,tick05,10:09:50
4781,tick05,10:09:51
4782,tick05,10:09:51
4783,tick05,10:09:52
4784,tick05,10:09:52
4785,tick05,10:09:53
4786,tick05,10:09:53
4787,tick05,10:09:54
4788,tick05,10:09:54
4789,tick05,10:09:55
4790,tick05,10:09:55
4791,tick05,10:09:56
4792,tick05,10:09:56
4793,tick05,10:09:57
4794,tick05,10:09:57
4795,tick05,10:09:58
4796,tick05,10:09:58
4797,tick05,10:09:59
4798,tick05,10:09:59
4799,tick05,10:10:00
4800,tick05,10:10:00
4801,tick05,10:10:01
4802,tick05,10:10:01
4803,tick05,10:10:02
4804,tick05,10:10:02
4805,tick05,10:10:03
4806,tick05,10:10:03
4807,tick05,10:10:04
4808,tick05,10:10:04
4809,tick05,10:10:05
4810,tick05,10:10:05
4811,tick05,10:10:06
4812,tick05,10:10:06
4813,tick05,10:10:07
4814,tick05,10:10:07
4815,tick05,10:10:08
4816,tick05,10:10:08
4817,tick05,10:10:09
4818,tick05,10:10:09
4819,tick05,10:10:10
4820,tick05,10:10:10
4821,tick05,10:10:11
4822,tick05,10:10:11
4823,tick05,10:10:12
4824,tick05,10:10:12
4825,tick05,10:10:13
4826,tick05,10:10:13
4827,tick05,10:10:14
4828,tick05,10:10:14
4829,tick05,10:10:15
4830,tick05,10:10:15
4831,tick05,10:10:16
4832,tick05,10:10:16
4833,tick05,10:10:17
4834,tick05,10:10:17
4835,tick05,10:10:18
4836,tick05,10:10:18
4837,tick05,10:10:19
4838,tick05,10:10:19
4839,tick05,10:10:20
4840,tick05,10:10:20
4841,tick05,10:10:21
4842,tick05,10:10:21
4843,tick05,10:10:22
4844,tick05,10:10:22
4845,tick05,10:10:23
4846,tick05,10:10:23
4847,tick05,10:10:24
4848,tick05,10:10:24
4849,tick05,10:10:25
4850,tick05,10:10:25
4851,tick05,10:10:26
4852,tick05,10:10:26
4853,tick05,10:10:27
4854,tick05,10:10:27
4855,tick05,10:10:28
4856,tick05,10:10:28
4857,tick05,10:10:29
4858,tick05,10:10:29
4859,tick05,10:10:30
4860,tick05,10:10:30
4861,tick05,10:10:31
4862,tick05,10:10:31
4863,tick05,10:10:32
4864,tick05,10:10:32
4865,tick05,10:10:33
4866,tick05,10:10:33
4867,tick05,10:10:34
4868,tick05,10:10:34
4869,tick05,10:10:35
4870,tick05,10:10:35
4871,tick05,10:10:36
4872,tick05,10:10:36
4873,tick05,10:10:37
4874,tick05,10:10:37
4875,tick05,10:10:38
4876,tick05,10:10:38
4877,tick05,10:10:39
4878,tick05,10:10:39
4879,tick05,10:10:40
4880,tick05,10:10:40
4881,tick05,10:10:41
4882,tick05,10:10:41
4883,tick05,10:10:42
4884,tick05,10:10:42
4885,tick05,10:10:43
4886,tick05,10:10:43
4887,tick05,10:10:44
4888,tick05,10:10:44
4889,tick05,10:10:45
4890,tick05,10:10:45
4891,tick05,10:10:46
4892,tick05,10:10:46
4893,tick05,10:10:47
4894,tick05,10:10:47
4895,tick05,10:10:48
4896,tick05,10:10:48
4897,tick05,10:10:49
4898,tick05,10:10:49
4899,tick05,10:10:50
4900,tick05,10:10:50
4901,tick05,10:10:51
4902,tick05,10:10:51
4903,tick05,10:10:52
4904,tick05,10:10:52
4905,tick05,10:10:53
4906,tick05,10:10:53
4907,tick05,10:10:54
4908,tick05,10:10:54
4909,tick05,10:10:55
4910,tick05,10:10:55
4911,tick05,10:10:56
4912,tick05,10:10:56
4913,tick05,10:10:57
4914,tick05,10:10:57
4915,tick05,10:10:58
4916,tick05,10:10:58
4917,tick05,10:10:59
4918,tick05,10:10:59
4919,tick05,10:11:00
4920,tick05,10:11:00
4921,tick05,10:11:01
4922,tick05,10:11:01
4923,tick05,10:11:02
4924,tick05,10:11:02
4925,tick05,10:11:03
4926,tick05,10:11:03
4927,tick05,10:11:04
4928,tick05,10:11:04
4929,tick05,10:11:05
4930,tick05,10:11:05
4931,tick05,10:11:06
4932,tick05,10:11:06
4933,tick05,10:11:07
4934,tick05,10:11:07
4935,tick05,10:11:08
4936,tick05,10:11:08
4937,tick05,10:11:09
4938,tick05,10:11:09
4939,tick05,10:11:10
4940,tick05,10:11:10
4941,tick05,10:11:11
4942,tick05,10:11:11
4943,tick05,10:11:12
4944,tick05,10:11:12
4945,tick05,10:11:13
4946,tick05,10:11:13
4947,tick05,10:11:14
4948,tick05,10:11:14
4949,tick05,10:11:15
4950,tick05,10:11:15
4951,tick05,10:11:16
4952,tick05,10:11:16
4953,tick05,10:11:17
4954,tick05,10:11:17
4955,tick05,10:11:18
4956,tick05,10:11:18
4957,tick05,10:11:19
4958,tick05,10:11:19
4959,tick05,10:11:20
4960,tick05,10:11:20
4961,tick05,10:11:21
4962,tick05,10:11:21
4963,tick05,10:11:22
4964,tick05,10:11:22
4965,tick05,10:11:23
4966,tick05,10:11:23
4967,tick05,10:11:24
4968,tick05,10:11:24
4969,tick05,10:11:25
4970,tick05,10:11:25
4971,tick05,10:11:26
4972,tick05,10:11:26
4973,tick05,10:11:27
4974,tick05,10:11:27
4975,tick05,10:11:28
4976,tick05,10:11:28
4977,tick05,10:11:29
4978,tick05,10:11:29
4979,tick05,10:11:30
4980,tick05,10:11:30
4981,tick05,10:11:31
4982,tick05,10:11:31
4983,tick05,10:11:32
4984,tick05,10:11:32
4985,tick05,10:11:33
4986,tick05,10:11:33
4987,tick05,10:11:34
4988,tick05,10:11:34
4989,tick05,10:11:35
4990,tick05,10:11:35
4991,tick05,10:11:36
4992,tick05,10:11:36
4993,tick05,10:11:37
4994,tick05,10:11:37
4995,tick05,10:11:38
4996,tick05,10:11:38
4997,tick05,10:11:39
4998,tick05,10:11:39
4999,tick05,10:11:40
5000,tick05,10:11:40
5001,tick05,10:11:41
5002,tick05,10:11:41
5003,tick05,10:11:42
5004,tick05,10:11:42
5005,tick05,10:11:43
5006,tick05,10:11:43
5007,tick05,10:11:44
5008,tick05,10:11:44
5009,tick05,10:11:45
5010,tick05,10:11:45
5011,tick05,10:11:46
5012,tick05,10:11:46
5013,tick05,10:11:47
5014,tick05,10:11:47
5015,tick05,10:11:48
5016,tick05,10:11:48
5017,tick05,10:11:49
5018,tick05,10:11:49
5019,tick05,10:11:50
5020,tick05,10:11:50
5021,tick05,10:11:51
5022,tick05,10:11:51
5023,tick05,10:11:52
5024,tick05,10:11:52
5025,tick05,10:11:53
5026,tick05,10:11:53
5027,tick05,10:11:54
5028,tick05,10:11:54
5029,tick05,10:11:55
5030,tick05,10:11:55
5031,tick05,10:11:56
5032,tick05,10:11:56
5033,tick05,10:11:57
5034,tick05,10:11:57
5035,tick05,10:11:58
5036,tick05,10:11:58
5037,tick05,10:11:59
5038,tick05,10:11:59
5039,tick05,10:12:00
5040,tick05,10:12:00
5041,tick05,10:12:01
5042,tick05,10:12:01
5043,tick05,10:12:02
5044,tick05,10:12:02
5045,tick05,10:12:03
5046,tick05,10:12:03
5047,tick05,10:12:04
5048,tick05,10:12:04
5049,tick05,10:12:05
5050,tick05,10:12:05
5051,tick05,10:12:06
5052,tick05,10:12:06
5053,tick05,10:12:07
5054,tick05,10:12:07
5055,tick05,10:12:08
5056,tick05,10:12:08
5057,tick05,10:12:09
5058,tick05,10:12:09
5059,tick05,10:12:10
5060,tick05,10:12:10
5061,tick05,10:12:11
5062,tick05,10:12:11
5063,tick05,10:12:12
5064,tick05,10:12:12
5065,tick05,10:12:13
5066,tick05,10:12:13
5067,tick05,10:12:14
5068,tick05,10:12:14
5069,tick05,10:12:15
5070,tick05,10:12:15
5071,tick05,10:12:16
5072,tick05,10:12:16
5073,tick05,10:12:17
5074,tick05,10:12:17
5075,tick05,10:12:18
5076,tick05,10:12:18
5077,tick05,10:12:19
5078,tick05,10:12:19
5079,tick05,10:12:20
5080,tick05,10:12:20
5081,tick05,10:12:21
5082,tick05,10:12:21
5083,tick05,10:12:22
5084,tick05,10:12:22
5085,tick05,10:12:23
5086,tick05,10:12:23
5087,tick05,10:12:24
5088,tick05,10:12:24
5089,tick05,10:12:25
5090,tick05,10:12:25
5091,tick05,10:12:26
5092,tick05,10:12:26
5093,tick05,10:12:27
5094,tick05,10:12:27
5095,tick05,10:12:28
5096,tick05,10:12:28
5097,tick05,10:12:29
5098,tick05,10:12:29
5099,tick05,10:12:30
5100,tick05,10:12:30
5101,tick05,10:12:31
5102,tick05,10:12:31
5103,tick05,10:12:32
5104,tick05,10:12:32
5105,tick05,10:12:33
5106,tick05,10:12:33
5107,tick05,10:12:34
5108,tick05,10:12:34
5109,tick05,10:12:35
5110,tick05,10:12:35
5111,tick05,10:12:36
5112,tick05,10:12:36
5113,tick05,10:12:37
5114,tick05,10:12:37
5115,tick05,10:12:38
5116,tick05,10:12:38
5117,tick05,10:12:39
5118,tick05,10:12:39
5119,tick05,10:12:40
5120,tick05,10:12:40
5121,tick05,10:12:41
5122,tick05,10:12:41
5123,tick05,10:12:42
5124,tick05,10:12:42
5125,tick05,10:12:43
5126,tick05,10:12:43
5127,tick05,10:12:44
5128,tick05,10:12:44
5129,tick05,10:12:45
5130,tick05,10:12:45
5131,tick05,10:12:46
5132,tick05,10:12:46
5133,tick05,10:12:47
5134,tick05,10:12:47
5135,tick05,10:12:48
5136,tick05,10:12:48
5137,tick05,10:12:49
5138,tick05,10:12:49
5139,tick05,10:12:50
5140,tick05,10:12:50
5141,tick05,10:12:51
5142,tick05,10:12:51
5143,tick05,10:12:52
5144,tick05,10:12:52
5145,tick05,10:12:53
5146,tick05,10:12:53
5147,tick05,10:12:54
5148,tick05,10:12:54
5149,tick05,10:12:55
5150,tick05,10:12:55
5151,tick05,10:12:56
5152,tick05,10:12:56
5153,tick05,10:12:57
5154,tick05,10:12:57
5155,tick05,10:12:58
5156,tick05,10:12:58
5157,tick05,10:12:59
5158,tick05,10:12:59
5159,tick05,10:13:00
5160,tick05,10:13:00
5161,tick05,10:13:01
5162,tick05,10:13:01
5163,tick05,10:13:02
5164,tick05,10:13:02
5165,tick05,10:13:03
5166,tick05,10:13:03
5167,tick05,10:13:04
5168,tick05,10:13:04
5169,tick05,10:13:05
5170,tick05,10:13:05
5171,tick05,10:13:06
5172,tick05,10:13:06
5173,tick05,10:13:07
5174,tick05,10:13:07
5175,tick05,10:13:08
5176,tick05,10:13:08
5177,tick05,10:13:09
5178,tick05,10:13:09
5179,tick05,10:13:10
5180,tick05,10:13:10
5181,tick05,10:13:11
5182,tick05,10:13:11
5183,tick05,10:13:12
5184,tick05,10:13:12
5185,tick05,10:13:13
5186,tick05,10:13:13
5187,tick05,10:13:14
5188,tick05,10:13:14
5189,tick05,10:13:15
5190,tick05,10:13:15
5191,tick05,10:13:16
5192,tick05,10:13:16
5193,tick05,10:13:17
5194,tick05,10:13:17
5195,tick05,10:13:18
5196,tick05,10:13:18
5197,tick05,10:13:19
5198,tick05,10:13:19
5199,tick05,10:13:20
5200,tick05,10:13:20
5201,tick05,10:13:21
5202,tick05,10:13:21
5203,tick05,10:13:22
5204,tick05,10:13:22
5205,tick05,10:13:23
5206,tick05,10:13:23
5207,tick05,10:13:24
5208,tick05,10:13:24
5209,tick05,10:13:25
5210,tick05,10:13:25
5211,tick05,10:13:26
5212,tick05,10:13:26
5213,tick05,10:13:27
5214,tick05,10:13:27
5215,tick05,10:13:28
5216,tick05,10:13:28
5217,tick05,10:13:29
5218,tick05,10:13:29
5219,tick05,10:13:30
5220,tick05,10:13:30
5221,tick05,10:13:31
5222,tick05,10:13:31
5223,tick05,10:13:32
5224,tick05,10:13:32
5225,tick05,10:13:33
5226,tick05,10:13:33
5227,tick05,10:13:34
5228,tick05,10:13:34
5229,tick05,10:13:35
5230,tick05,10:13:35
5231,tick05,10:13:36
5232,tick05,10:13:36
5233,tick05,10:13:37
5234,tick05,10:13:37
5235,tick05,10:13:38
5236,tick05,10:13:38
5237,tick05,10:13:39
5238,tick05,10:13:39
5239,tick05,10:13:40
5240,tick05,10:13:40
5241,tick05,10:13:41
5242,tick05,10:13:41
5243,tick05,10:13:42
5244,tick05,10:13:42
5245,tick05,10:13:43
5246,tick05,10:13:43
5247,tick05,10:13:44
5248,tick05,10:13:44
5249,tick05,10:13:45
5250,tick05,10:13:45
5251,tick05,10:13:46
5252,tick05,10:13:46
5253,tick05,10:13:47
5254,tick05,10:13:47
5255,tick05,10:13:48
5256,tick05,10:13:48
5257,tick05,10:13:49
5258,tick05,10:13:49
5259,tick05,10:13:50
5260,tick05,10:13:50
5261,tick05,10:13:51
5262,tick05,10:13:51
5263,tick05,10:13:52
5264,tick05,10:13:52
5265,tick05,10:13:53
5266,tick05,10:13:53
5267,tick05,10:13:54
5268,tick05,10:13:54
5269,tick05,10:13:55
5270,tick05,10:13:55
5271,tick05,10:13:56
5272,tick05,10:13:56
5273,tick05,10:13:57
5274,tick05,10:13:57
5275,tick05,10:13:58
5276,tick05,10:13:58
5277,tick05,10:13:59
5278,tick05,10:13:59
5279,tick05,10:14:00
5280,tick05,10:14:00
5281,tick05,10:14:01
5282,tick05,10:14:01
5283,tick05,10:14:02
5284,tick05,10:14:02
5285,tick05,10:14:03
5286,tick05,10:14:03
5287,tick05,10:14:04
5288,tick05,10:14:04
5289,tick05,10:14:05
5290,tick05,10:14:05
5291,tick05,10:14:06
5292,tick05,10:14:06
5293,tick05,10:14:07
5294,tick05,10:14:07
5295,tick05,10:14:08
5296,tick05,10:14:08
5297,tick05,10:14:09
5298,tick05,10:14:09
5299,tick05,10:14:10
5300,tick05,10:14:10
5301,tick05,10:14:11
5302,tick05,10:14:11
5303,tick05,10:14:12
5304,tick05,10:14:12
5305,tick05,10:14:13
5306,tick05,10:14:13
5307,tick05,10:14:14
5308,tick05,10:14:14
5309,tick05,10:14:15
5310,tick05,10:14:15
5311,tick05,10:14:16
5312,tick05,10:14:16
5313,tick05,10:14:17
5314,tick05,10:14:17
5315,tick05,10:14:18
5316,tick05,10:14:18
5317,tick05,10:14:19
5318,tick05,10:14:19
5319,tick05,10:14:20
5320,tick05,10:14:20
5321,tick05,10:14:21
5322,tick05,10:14:21
5323,tick05,10:14:22
5324,tick05,10:14:22
5325,tick05,10:14:23
5326,tick05,10:14:23
5327,tick05,10:14:24
5328,tick05,10:14:24
5329,tick05,10:14:25
5330,tick05,10:14:25
5331,tick05,10:14:26
5332,tick05,10:14:26
5333,tick05,10:14:27
5334,tick05,10:14:27
5335,tick05,10:14:28
5336,tick05,10:14:28
5337,tick05,10:14:29
5338,tick05,10:14:29
5339,tick05,10:14:30
5340,tick05,10:14:30
5341,tick05,10:14:31
5342,tick05,10:14:31
5343,tick05,10:14:32
5344,tick05,10:14:32
5345,tick05,10:14:33
5346,tick05,10:14:33
5347,tick05,10:14:34
5348,tick05,10:14:34
5349,tick05,10:14:35
5350,tick05,10:14:35
5351,tick05,10:14:36
5352,tick05,10:14:36
5353,tick05,10:14:37
5354,tick05,10:14:37
5355,tick05,10:14:38
5356,tick05,10:14:38
5357,tick05,10:14:39
5358,tick05,10:14:39
5359,tick05,10:14:40
5360,tick05,10:14:40
5361,tick05,10:14:41
5362,tick05,10:14:41
5363,tick05,10:14:42
5364,tick05,10:14:42
5365,tick05,10:14:43
5366,tick05,10:14:43
5367,tick05,10:14:44
5368,tick05,10:14:44
5369,tick05,10:14:45
5370,tick05,10:14:45
5371,tick05,10:14:46
5372,tick05,10:14:46
5373,tick05,10:14:47
5374,tick05,10:14:47
5375,tick05,10:14:48
5376,tick05,10:14:48
5377,tick05,10:14:49
5378,tick05,10:14:49
5379,tick05,10:14:50
5380,tick05,10:14:50
5381,tick05,10:14:51
5382,tick05,10:14:51
5383,tick05,10:14:52
5384,tick05,10:14:52
5385,tick05,10:14:53
5386,tick05,10:14:53
5387,tick05,10:14:54
5388,tick05,10:14:54
5389,tick05,10:14:55
5390,tick05,10:14:55
5391,tick05,10:14:56
5392,tick05,10:14:56
5393,tick05,10:14:57
5394,tick05,10:14:57
5395,tick05,10:14:58
5396,tick05,10:14:58
5397,tick05,10:14:59
5398,tick05,10:14:59
5399,tick05,10:15:00
5400,tick05,10:15:00
5401,tick05,10:15:01
5402,tick05,10:15:01
5403,tick05,10:15:02
5404,tick05,10:15:02
5405,tick05,10:15:03
5406,tick05,10:15:03
5407,tick05,10:15:04
5408,tick05,10:15:04
5409,tick05,10:15:05
5410,tick05,10:15:05
5411,tick05,10:15:06
5412,tick05,10:15:06
5413,tick05,10:15:07
5414,tick05,10:15:07
5415,tick05,10:15:08
5416,tick05,10:15:08
5417,tick05,10:15:09
5418,tick05,10:15:09
5419,tick05,10:15:10
5420,tick05,10:15:10
5421,tick05,10:15:11
5422,tick05,10:15:11
5423,tick05,10:15:12
5424,tick05,10:15:12
5425,tick05,10:15:13
5426,tick05,10:15:13
5427,tick05,10:15:14
5428,tick05,10:15:14
5429,tick05,10:15:15
5430,tick05,10:15:15
5431,tick05,10:15:16
5432,tick05,10:15:16
5433,tick05,10:15:17
5434,tick05,10:15:17
5435,tick05,10:15:18
5436,tick05,10:15:18
5437,tick05,10:15:19
5438,tick05,10:15:19
5439,tick05,10:15:20
5440,tick05,10:15:20
5441,tick05,10:15:21
5442,tick05,10:15:21
5443,tick05,10:15:22
5444,tick05,10:15:22
5445,tick05,10:15:23
5446,tick05,10:15:23
5447,tick05,10:15:24
5448,tick05,10:15:24
5449,tick05,10:15:25
5450,tick05,10:15:25
5451,tick05,10:15:26
5452,tick05,10:15:26
5453,tick05,10:15:27
5454,tick05,10:15:27
5455,tick05,10:15:28
5456,tick05,10:15:28
5457,tick05,10:15:29
5458,tick05,10:15:29
5459,tick05,10:15:30
5460,tick05,10:15:30
5461,tick05,10:15:31
5462,tick05,10:15:31
5463,tick05,10:15:32
5464,tick05,10:15:32
5465,tick05,10:15:33
5466,tick05,10:15:33
5467,tick05,10:15:34
5468,tick05,10:15:34
5469,tick05,10:15:35
5470,tick05,10:15:35
5471,tick05,10:15:36
5472,tick05,10:15:36
5473,tick05,10:15:37
5474,tick05,10:15:37
5475,tick05,10:15:38
5476,tick05,10:15:38
5477,tick05,10:15:39
5478,tick05,10:15:39
5479,tick05,10:15:40
5480,tick05,10:15:40
5481,tick05,10:15:41
5482,tick05,10:15:41
5483,tick05,10:15:42
5484,tick05,10:15:42
5485,tick05,10:15:43
5486,tick05,10:15:43
5487,tick05,10:15:44
5488,tick05,10:15:44
5489,tick05,10:15:45
5490,tick05,10:15:45
5491,tick05,10:15:46
5492,tick05,10:15:46
5493,tick05,10:15:47
5494,tick05,10:15:47
5495,tick05,10:15:48
5496,tick05,10:15:48
5497,tick05,10:15:49
5498,tick05,10:15:49
5499,tick05,10:15:50
5500,tick05,10:15:50
5501,tick05,10:15:51
5502,tick05,10:15:51
5503,tick05,10:15:52
5504,tick05,10:15:52
5505,tick05,10:15:53
5506,tick05,10:15:53
5507,tick05,10:15:54
5508,tick05,10:15:54
5509,tick05,10:15:55
5510,tick05,10:15:55
5511,tick05,10:15:56
5512,tick05,10:15:56
5513,tick05,10:15:57
5514,tick05,10:15:57
5515,tick05,10:15:58
5516,tick05,10:15:58
5517,tick05,10:15:59
5518,tick05,10:15:59
5519,tick05,10:16:00
5520,tick05,10:16:00
5521,tick05,10:16:01
5522,tick05,10:16:01
5523,tick05,10:16:02
5524,tick05,10:16:02
5525,tick05,10:16:03
5526,tick05,10:16:03
5527,tick05,10:16:04
5528,tick05,10:16:04
5529,tick05,10:16:05
5530,tick05,10:16:05
5531,tick05,10:16:06
5532,tick05,10:16:06
5533,tick05,10:16:07
5534,tick05,10:16:07
5535,tick05,10:16:08
5536,tick05,10:16:08
5537,tick05,10:16:09
5538,tick05,10:16:09
5539,tick05,10:16:10
5540,tick05,10:16:10
5541,tick05,10:16:11
5542,tick05,10:16:11
5543,tick05,10:16:12
5544,tick05,10:16:12
5545,tick05,10:16:13
5546,tick05,10:16:13
5547,tick05,10:16:14
5548,tick05,10:16:14
5549,tick05,10:16:15
5550,tick05,10:16:15
5551,tick05,10:16:16
5552,tick05,10:16:16
5553,tick05,10:16:17
5554,tick05,10:16:17
5555,tick05,10:16:18
5556,tick05,10:16:18
5557,tick05,10:16:19
5558,tick05,10:16:19
5559,tick05,10:16:20
5560,tick05,10:16:20
5561,tick05,10:16:21
5562,tick05,10:16:21
5563,tick05,10:16:22
5564,tick05,10:16:22
5565,tick05,10:16:23
5566,tick05,10:16:23
5567,tick05,10:16:24
5568,tick05,10:16:24
5569,tick05,10:16:25
5570,tick05,10:16:25
5571,tick05,10:16:26
5572,tick05,10:16:26
5573,tick05,10:16:27
5574,tick05,10:16:27
5575,tick05,10:16:28
5576,tick05,10:16:28
5577,tick05,10:16:29
5578,tick05,10:16:29
5579,tick05,10:16:30
5580,tick05,10:16:30
5581,tick05,10:16:31
5582,tick05,10:16:31
5583,tick05,10:16:32
5584,tick05,10:16:32
5585,tick05,10:16:33
5586,tick05,10:16:33
5587,tick05,10:16:34
5588,tick05,10:16:34
5589,tick05,10:16:35
5590,tick05,10:16:35
5591,tick05,10:16:36
5592,tick05,10:16:36
5593,tick05,10:16:37
5594,tick05,10:16:37
5595,tick05,10:16:38
5596,tick05,10:16:38
5597,tick05,10:16:39
5598,tick05,10:16:39
5599,tick05,10:16:40
5600,tick05,10:16:40
5601,tick05,10:16:41
5602,tick05,10:16:41
5603,tick05,10:16:42
5604,tick05,10:16:42
5605,tick05,10:16:43
5606,tick05,10:16:43
5607,tick05,10:16:44
5608,tick05,10:16:44
5609,tick05,10:16:45
5610,tick05,10:16:45
5611,tick05,10:16:46
5612,tick05,10:16:46
5613,tick05,10:16:47
5614,tick05,10:16:47
5615,tick05,10:16:48
5616,tick05,10:16:48
5617,tick05,10:16:49
5618,tick05,10:16:49
5619,tick05,10:16:50
5620,tick05,10:16:50
5621,tick05,10:16:51
5622,tick05,10:16:51
5623,tick05,10:16:52
5624,tick05,10:16:52
5625,tick05,10:16:53
5626,tick05,10:16:53
5627,tick05,10:16:54
5628,tick05,10:16:54
5629,tick05,10:16:55
5630,tick05,10:16:55
5631,tick05,10:16:56
5632,tick05,10:16:56
5633,tick05,10:16:57
5634,tick05,10:16:57
5635,tick05,10:16:58
5636,tick05,10:16:58
5637,tick05,10:16:59
5638,tick05,10:16:59
5639,tick05,10:17:00
5640,tick05,10:17:00
5641,tick05,10:17:01
5642,tick05,10:17:01
5643,tick05,10:17:02
5644,tick05,10:17:02
5645,tick05,10:17:03
5646,tick05,10:17:03
5647,tick05,10:17:04
5648,tick05,10:17:04
5649,tick05,10:17:05
5650,tick05,10:17:05
5651,tick05,10:17:06
5652,tick05,10:17:06
5653,tick05,10:17:07
5654,tick05,10:17:07
5655,tick05,10:17:08
5656,tick05,10:17:08
5657,tick05,10:17:09
5658,tick05,10:17:09
5659,tick05,10:17:10
5660,tick05,10:17:10
5661,tick05,10:17:11
5662,tick05,10:17:11
5663,tick05,10:17:12
5664,tick05,10:17:12
5665,tick05,10:17:13
5666,tick05,10:17:13
5667,tick05,10:17:14
5668,tick05,10:17:14
5669,tick05,10:17:15
5670,tick05,10:17:15
5671,tick05,10:17:16
5672,tick05,10:17:16
5673,tick05,10:17:17
5674,tick05,10:17:17
5675,tick05,10:17:18
5676,tick05,10:17:18
5677,tick05,10:17:19
5678,tick05,10:17:19
5679,tick05,10:17:20
5680,tick05,10:17:20
5681,tick05,10:17:21
5682,tick05,10:17:21
5683,tick05,10:17:22
5684,tick05,10:17:22
5685,tick05,10:17:23
5686,tick05,10:17:23
5687,tick05,10:17:24
5688,tick05,10:17:24
5689,tick05,10:17:25
5690,tick05,10:17:25
5691,tick05,10:17:26
5692,tick05,10:17:26
5693,tick05,10:17:27
5694,tick05,10:17:27
5695,tick05,10:17:28
5696,tick05,10:17:28
5697,tick05,10:17:29
5698,tick05,10:17:29
5699,tick05,10:17:30
5700,tick05,10:17:30
5701,tick05,10:17:31
5702,tick05,10:17:31
5703,tick05,10:17:32
5704,tick05,10:17:32
5705,tick05,10:17:33
5706,tick05,10:17:33
5707,tick05,10:17:34
5708,tick05,10:17:34
5709,tick05,10:17:35
5710,tick05,10:17:35
5711,tick05,10:17:36
5712,tick05,10:17:36
5713,tick05,10:17:37
5714,tick05,10:17:37
5715,tick05,10:17:38
5716,tick05,10:17:38
5717,tick05,10:17:39
5718,tick05,10:17:39
5719,tick05,10:17:40
5720,tick05,10:17:40
5721,tick05,10:17:41
5722,tick05,10:17:41
5723,tick05,10:17:42
5724,tick05,10:17:42
5725,tick05,10:17:43
5726,tick05,10:17:43
5727,tick05,10:17:44
5728,tick05,10:17:44
5729,tick05,10:17:45
5730,tick05,10:17:45
5731,tick05,10:17:46
5732,tick05,10:17:46
5733,tick05,10:17:47
5734,tick05,10:17:47
5735,tick05,10:17:48
5736,tick05,10:17:48
5737,tick05,10:17:49
5738,tick05,10:17:49
5739,tick05,10:17:50
5740,tick05,10:17:50
5741,tick05,10:17:51
5742,tick05,10:17:51
5743,tick05,10:17:52
5744,tick05,10:17:52
5745,tick05,10:17:53
5746,tick05,10:17:53
5747,tick05,10:17:54
5748,tick05,10:17:54
5749,tick05,10:17:55
5750,tick05,10:17:55
5751,tick05,10:17:56
5752,tick05,10:17:56
5753,tick05,10:17:57
5754,tick05,10:17:57
5755,tick05,10:17:58
5756,tick05,10:17:58
5757,tick05,10:17:59
5758,tick05,10:17:59
5759,tick05,10:18:00
5760,tick05,10:18:00
5761,tick05,10:18:01
5762,tick05,10:18:01
5763,tick05,10:18:02
5764,tick05,10:18:02
5765,tick05,10:18:03
5766,tick05,10:18:03
5767,tick05,10:18:04
5768,tick05,10:18:04
5769,tick05,10:18:05
5770,tick05,10:18:05
5771,tick05,10:18:06
5772,tick05,10:18:06
5773,tick05,10:18:07
5774,tick05,10:18:07
5775,tick05,10:18:08
5776,tick05,10:18:08
5777,tick05,10:18:09
5778,tick05,10:18:09
5779,tick05,10:18:10
5780,tick05,10:18:10
5781,tick05,10:18:11
5782,tick05,10:18:11
5783,tick05,10:18:12
5784,tick05,10:18:12
5785,tick05,10:18:13
5786,tick05,10:18:13
5787,tick05,10:18:14
5788,tick05,10:18:14
5789,tick05,10:18:15
5790,tick05,10:18:15
5791,tick05,10:18:16
5792,tick05,10:18:16
5793,tick05,10:18:17
5794,tick05,10:18:17
5795,tick05,10:18:18
5796,tick05,10:18:18
5797,tick05,10:18:19
5798,tick05,10:18:19
5799,tick05,10:18:20
5800,tick05,10:18:20
5801,tick05,10:18:21
5802,tick05,10:18:21
5803,tick05,10:18:22
5804,tick05,10:18:22
5805,tick05,10:18:23
5806,tick05,10:18:23
5807,tick05,10:18:24
5808,tick05,10:18:24
5809,tick05,10:18:25
5810,tick05,10:18:25
5811,tick05,10:18:26
5812,tick05,10:18:26
5813,tick05,10:18:27
5814,tick05,10:18:27
5815,tick05,10:18:28
5816,tick05,10:18:28
5817,tick05,10:18:29
5818,tick05,10:18:29
5819,tick05,10:18:30
5820,tick05,10:18:30
5821,tick05,10:18:31
5822,tick05,10:18:31
5823,tick05,10:18:32
5824,tick05,10:18:32
5825,tick05,10:18:33
5826,tick05,10:18:33
5827,tick05,10:18:34
5828,tick05,10:18:34
5829,tick05,10:18:35
5830,tick05,10:18:35
5831,tick05,10:18:36
5832,tick05,10:18:36
5833,tick05,10:18:37
5834,tick05,10:18:37
5835,tick05,10:18:38
5836,tick05,10:18:38
5837,tick05,10:18:39
5838,tick05,10:18:39
5839,tick05,10:18:40
5840,tick05,10:18:40
5841,tick05,10:18:41
5842,tick05,10:18:41
5843,tick05,10:18:42
5844,tick05,10:18:42
5845,tick05,10:18:43
5846,tick05,10:18:43
5847,tick05,10:18:44
5848,tick05,10:18:44
5849,tick05,10:18:45
5850,tick05,10:18:45
5851,tick05,10:18:46
5852,tick05,10:18:46
5853,tick05,10:18:47
5854,tick05,10:18:47
5855,tick05,10:18:48
5856,tick05,10:18:48
5857,tick05,10:18:49
5858,tick05,10:18:49
5859,tick05,10:18:50
5860,tick05,10:18:50
5861,tick05,10:18:51
5862,tick05,10:18:51
5863,tick05,10:18:52
5864,tick05,10:18:52
5865,tick05,10:18:53
5866,tick05,10:18:53
5867,tick05,10:18:54
5868,tick05,10:18:54
5869,tick05,10:18:55
5870,tick05,10:18:55
5871,tick05,10:18:56
5872,tick05,10:18:56
5873,tick05,10:18:57
5874,tick05,10:18:57
5875,tick05,10:18:58
5876,tick05,10:18:58
5877,tick05,10:18:59
5878,tick05,10:18:59
5879,tick05,10:19:00
5880,tick05,10:19:00
5881,tick05,10:19:01
5882,tick05,10:19:01
5883,tick05,10:19:02
5884,tick05,10:19:02
5885,tick05,10:19:03
5886,tick05,10:19:03
5887,tick05,10:19:04
5888,tick05,10:19:04
5889,tick05,10:19:05
5890,tick05,10:19:05
5891,tick05,10:19:06
5892,tick05,10:19:06
5893,tick05,10:19:07
5894,tick05,10:19:07
5895,tick05,10:19:08
5896,tick05,10:19:08
5897,tick05,10:19:09
5898,tick05,10:19:09
5899,tick05,10:19:10
5900,tick05,10:19:10
5901,tick05,10:19:11
5902,tick05,10:19:11
5903,tick05,10:19:12
5904,tick05,10:19:12
5905,tick05,10:19:13
5906,tick05,10:19:13
5907,tick05,10:19:14
5908,tick05,10:19:14
5909,tick05,10:19:15
5910,tick05,10:19:15
5911,tick05,10:19:16
5912,tick05,10:19:16
5913,tick05,10:19:17
5914,tick05,10:19:17
5915,tick05,10:19:18
5916,tick05,10:19:18
5917,tick05,10:19:19
5918,tick05,10:19:19
5919,tick05,10:19:20
5920,tick05,10:19:20
5921,tick05,10:19:21
5922,tick05,10:19:21
5923,tick05,10:19:22
5924,tick05,10:19:22
5925,tick05,10:19:23
5926,tick05,10:19:23
5927,tick05,10:19:24
5928,tick05,10:19:24
5929,tick05,10:19:25
5930,tick05,10:19:25
5931,tick05,10:19:26
5932,tick05,10:19:26
5933,tick05,10:19:27
5934,tick05,10:19:27
5935,tick05,10:19:28
5936,tick05,10:19:28
5937,tick05,10:19:29
5938,tick05,10:19:29
5939,tick05,10:19:30
5940,tick05,10:19:30
5941,tick05,10:19:31
5942,tick05,10:19:31
5943,tick05,10:19:32
5944,tick05,10:19:32
5945,tick05,10:19:33
5946,tick05,10:19:33
5947,tick05,10:19:34
5948,tick05,10:19:34
5949,tick05,10:19:35
5950,tick05,10:19:35
5951,tick05,10:19:36
5952,tick05,10:19:36
5953,tick05,10:19:37
5954,tick05,10:19:37
5955,tick05,10:19:38
5956,tick05,10:19:38
5957,tick05,10:19:39
5958,tick05,10:19:39
5959,tick05,10:19:40
5960,tick05,10:19:40
5961,tick05,10:19:41
5962,tick05,10:19:41
5963,tick05,10:19:42
5964,tick05,10:19:42
5965,tick05,10:19:43
5966,tick05,10:19:43
5967,tick05,10:19:44
5968,tick05,10:19:44
5969,tick05,10:19:45
5970,tick05,10:19:45
5971,tick05,10:19:46
5972,tick05,10:19:46
5973,tick05,10:19:47
5974,tick05,10:19:47
5975,tick05,10:19:48
5976,tick05,10:19:48
5977,tick05,10:19:49
5978,tick05,10:19:49
5979,tick05,10:19:50
5980,tick05,10:19:50
5981,tick05,10:19:51
5982,tick05,10:19:51
5983,tick05,10:19:52
5984,tick05,10:19:52
5985,tick05,10:19:53
5986,tick05,10:19:53
5987,tick05,10:19:54
5988,tick05,10:19:54
5989,tick05,10:19:55
5990,tick05,10:19:55
5991,tick05,10:19:56
5992,tick05,10:19:56
5993,tick05,10:19:57
5994,tick05,10:19:57
5995,tick05,10:19:58
5996,tick05,10:19:58
5997,tick05,10:19:59
5998,tick05,10:19:59
5999,tick05,10:20:00
6000,tick05,10:20:00
6001,tick05,10:20:01
6002,tick05,10:20:01
6003,tick05,10:20:02
6004,tick05,10:20:02
6005,tick05,10:20:03
6006,tick05,10:20:03
6007,tick05,10:20:04
6008,tick05,10:20:04
6009,tick05,10:20:05
6010,tick05,10:20:05
6011,tick05,10:20:06
6012,tick05,10:20:06
6013,tick05,10:20:07
6014,tick05,10:20:07
6015,tick05,10:20:08
6016,tick05,10:20:08
6017,tick05,10:20:09
6018,tick05,10:20:09
6019,tick05,10:20:10
6020,tick05,10:20:10
6021,tick05,10:20:11
6022,tick05,10:20:11
6023,tick05,10:20:12
6024,tick05,10:20:12
6025,tick05,10:20:13
6026,tick05,10:20:13
6027,tick05,10:20:14
6028,tick05,10:20:14
6029,tick05,10:20:15
6030,tick05,10:20:15
6031,tick05,10:20:16
6032,tick05,10:20:16
6033,tick05,10:20:17
6034,tick05,10:20:17
6035,tick05,10:20:18
6036,tick05,10:20:18
6037,tick05,10:20:19
6038,tick05,10:20:19
6039,tick05,10:20:20
6040,tick05,10:20:20
6041,tick05,10:20:21
6042,tick05,10:20:21
6043,tick05,10:20:22
6044,tick05,10:20:22
6045,tick05,10:20:23
6046,tick05,10:20:23
6047,tick05,10:20:24
6048,tick05,10:20:24
6049,tick05,10:20:25
6050,tick05,10:20:25
6051,tick05,10:20:26
6052,tick05,10:20:26
6053,tick05,10:20:27
6054,tick05,10:20:27
6055,tick05,10:20:28
6056,tick05,10:20:28
6057,tick05,10:20:29
6058,tick05,10:20:29
6059,tick05,10:20:30
6060,tick05,10:20:30
6061,tick05,10:20:31
6062,tick05,10:20:31
6063,tick05,10:20:32
6064,tick05,10:20:32
6065,tick05,10:20:33
6066,tick05,10:20:33
6067,tick05,10:20:34
6068,tick05,10:20:34
6069,tick05,10:20:35
6070,tick05,10:20:35
6071,tick05,10:20:36
6072,tick05,10:20:36
6073,tick05,10:20:37
6074,tick05,10:20:37
6075,tick05,10:20:38
6076,tick05,10:20:38
6077,tick05,10:20:39
6078,tick05,10:20:39
6079,tick05,10:20:40
6080,tick05,10:20:40
6081,tick05,10:20:41
6082,tick05,10:20:41
6083,tick05,10:20:42
6084,tick05,10:20:42
6085,tick05,10:20:43
6086,tick05,10:20:43
6087,tick05,10:20:44
6088,tick05,10:20:44
6089,tick05,10:20:45
6090,tick05,10:20:45
6091,tick05,10:20:46
6092,tick05,10:20:46
6093,tick05,10:20:47
6094,tick05,10:20:47
6095,tick05,10:20:48
6096,tick05,10:20:48
6097,tick05,10:20:49
6098,tick05,10:20:49
6099,tick05,10:20:50
6100,tick05,10:20:50
6101,tick05,10:20:51
6102,tick05,10:20:51
6103,tick05,10:20:52
6104,tick05,10:20:52
6105,tick05,10:20:53
6106,tick05,10:20:53
6107,tick05,10:20:54
6108,tick05,10:20:54
6109,tick05,10:20:55
6110,tick05,10:20:55
6111,tick05,10:20:56
6112,tick05,10:20:56
6113,tick05,10:20:57
6114,tick05,10:20:57
6115,tick05,10:20:58
6116,tick05,10:20:58
6117,tick05,10:20:59
6118,tick05,10:20:59
6119,tick05,10:21:00
6120,tick05,10:21:00
6121,tick05,10:21:01
6122,tick05,10:21:01
6123,tick05,10:21:02
6124,tick05,10:21:02
6125,tick05,10:21:03
6126,tick05,10:21:03
6127,tick05,10:21:04
6128,tick05,10:21:04
6129,tick05,10:21:05
6130,tick05,10:21:05
6131,tick05,10:21:06
6132,tick05,10:21:06
6133,tick05,10:21:07
6134,tick05,10:21:07
6135,tick05,10:21:08
6136,tick05,10:21:08
6137,tick05,10:21:09
6138,tick05,10:21:09
6139,tick05,10:21:10
6140,tick05,10:21:10
6141,tick05,10:21:11
6142,tick05,10:21:11
6143,tick05,10:21:12
6144,tick05,10:21:12
6145,tick05,10:21:13
6146,tick05,10:21:13
6147,tick05,10:21:14
6148,tick05,10:21:14
6149,tick05,10:21:15
6150,tick05,10:21:15
6151,tick05,10:21:16
6152,tick05,10:21:16
6153,tick05,10:21:17
6154,tick05,10:21:17
6155,tick05,10:21:18
6156,tick05,10:21:18
6157,tick05,10:21:19
6158,tick05,10:21:19
6159,tick05,10:21:20
6160,tick05,10:21:20
6161,tick05,10:21:21
6162,tick05,10:21:21
6163,tick05,10:21:22
6164,tick05,10:21:22
6165,tick05,10:21:23
6166,tick05,10:21:23
6167,tick05,10:21:24
6168,tick05,10:21:24
6169,tick05,10:21:25
6170,tick05,10:21:25
6171,tick05,10:21:26
6172,tick05,10:21:26
6173,tick05,10:21:27
6174,tick05,10:21:27
6175,tick05,10:21:28
6176,tick05,10:21:28
6177,tick05,10:21:29
6178,tick05,10:21:29
6179,tick05,10:21:30
6180,tick05,10:21:30
6181,tick05,10:21:31
6182,tick05,10:21:31
6183,tick05,10:21:32
6184,tick05,10:21:32
6185,tick05,10:21:33
6186,tick05,10:21:33
6187,tick05,10:21:34
6188,tick05,10:21:34
6189,tick05,10:21:35
6190,tick05,10:21:35
6191,tick05,10:21:36
6192,tick05,10:21:36
6193,tick05,10:21:37
6194,tick05,10:21:37
6195,tick05,10:21:38
6196,tick05,10:21:38
6197,tick05,10:21:39
6198,tick05,10:21:39
6199,tick05,10:21:40
6200,tick05,10:21:40
6201,tick05,10:21:41
6202,tick05,10:21:41
6203,tick05,10:21:42
6204,tick05,10:21:42
6205,tick05,10:21:43
6206,tick05,10:21:43
6207,tick05,10:21:44
6208,tick05,10:21:44
6209,tick05,10:21:45
6210,tick05,10:21:45
6211,tick05,10:21:46
6212,tick05,10:21:46
6213,tick05,10:21:47
6214,tick05,10:21:47
6215,tick05,10:21:48
6216,tick05,10:21:48
6217,tick05,10:21:49
6218,tick05,10:21:49
6219,tick05,10:21:50
6220,tick05,10:21:50
6221,tick05,10:21:51
6222,tick05,10:21:51
6223,tick05,10:21:52
6224,tick05,10:21:52
6225,tick05,10:21:53
6226,tick05,10:21:53
6227,tick05,10:21:54
6228,tick05,10:21:54
6229,tick05,10:21:55
6230,tick05,10:21:55
6231,tick05,10:21:56
6232,tick05,10:21:56
6233,tick05,10:21:57
6234,tick05,10:21:57
6235,tick05,10:21:58
6236,tick05,10:21:58
6237,tick05,10:21:59
6238,tick05,10:21:59
6239,tick05,10:22:00
6240,tick05,10:22:00
6241,tick05,10:22:01
6242,tick05,10:22:01
6243,tick05,10:22:02
6244,tick05,10:22:02
6245,tick05,10:22:03
6246,tick05,10:22:03
6247,tick05,10:22:04
6248,tick05,10:22:04
6249,tick05,10:22:05
6250,tick05,10:22:05
6251,tick05,10:22:06
6252,tick05,10:22:06
6253,tick05,10:22:07
6254,tick05,10:22:07
6255,tick05,10:22:08
6256,tick05,10:22:08
6257,tick05,10:22:09
6258,tick05,10:22:09
6259,tick05,10:22:10
6260,tick05,10:22:10
6261,tick05,10:22:11
6262,tick05,10:22:11
6263,tick05,10:22:12
6264,tick05,10:22:12
6265,tick05,10:22:13
6266,tick05,10:22:13
6267,tick05,10:22:14
6268,tick05,10:22:14
6269,tick05,10:22:15
6270,tick05,10:22:15
6271,tick05,10:22:16
6272,tick05,10:22:16
6273,tick05,10:22:17
6274,tick05,10:22:17
6275,tick05,10:22:18
6276,tick05,10:22:18
6277,tick05,10:22:19
6278,tick05,10:22:19
6279,tick05,10:22:20
6280,tick05,10:22:20
6281,tick05,10:22:21
6282,tick05,10:22:21
6283,tick05,10:22:22
6284,tick05,10:22:22
6285,tick05,10:22:23
6286,tick05,10:22:23
6287,tick05,10:22:24
6288,tick05,10:22:24
6289,tick05,10:22:25
6290,tick05,10:22:25
6291,tick05,10:22:26
6292,tick05,10:22:26
6293,tick05,10:22:27
6294,tick05,10:22:27
6295,tick05,10:22:28
6296,tick05,10:22:28
6297,tick05,10:22:29
6298,tick05,10:22:29
6299,tick05,10:22:30
6300,tick05,10:22:30
6301,tick05,10:22:31
6302,tick05,10:22:31
6303,tick05,10:22:32
6304,tick05,10:22:32
6305,tick05,10:22:33
6306,tick05,10:22:33
6307,tick05,10:22:34
6308,tick05,10:22:34
6309,tick05,10:22:35
6310,tick05,10:22:35
6311,tick05,10:22:36
6312,tick05,10:22:36
6313,tick05,10:22:37
6314,tick05,10:22:37
6315,tick05,10:22:38
6316,tick05,10:22:38
6317,tick05,10:22:39
6318,tick05,10:22:39
6319,tick05,10:22:40
6320,tick05,10:22:40
6321,tick05,10:22:41
6322,tick05,10:22:41
6323,tick05,10:22:42
6324,tick05,10:22:42
6325,tick05,10:22:43
6326,tick05,10:22:43
6327,tick05,10:22:44
6328,tick05,10:22:44
6329,tick05,10:22:45
6330,tick05,10:22:45
6331,tick05,10:22:46
6332,tick05,10:22:46
6333,tick05,10:22:47
6334,tick05,10:22:47
6335,tick05,10:22:48
6336,tick05,10:22:48
6337,tick05,10:22:49
6338,tick05,10:22:49
6339,tick05,10:22:50
6340,tick05,10:22:50
6341,tick05,10:22:51
6342,tick05,10:22:51
6343,tick05,10:22:52
6344,tick05,10:22:52
6345,tick05,10:22:53
6346,tick05,10:22:53
6347,tick05,10:22:54
6348,tick05,10:22:54
6349,tick05,10:22:55
6350,tick05,10:22:55
6351,tick05,10:22:56
6352,tick05,10:22:56
6353,tick05,10:22:57
6354,tick05,10:22:57
6355,tick05,10:22:58
6356,tick05,10:22:58
6357,tick05,10:22:59
6358,tick05,10:22:59
6359,tick05,10:23:00
6360,tick05,10:23:00
6361,tick05,10:23:01
6362,tick05,10:23:01
6363,tick05,10:23:02
6364,tick05,10:23:02
6365,tick05,10:23:03
6366,tick05,10:23:03
6367,tick05,10:23:04
6368,tick05,10:23:04
6369,tick05,10:23:05
6370,tick05,10:23:05
6371,tick05,10:23:06
6372,tick05,10:23:06
6373,tick05,10:23:07
6374,tick05,10:23:07
6375,tick05,10:23:08
6376,tick05,10:23:08
6377,tick05,10:23:09
6378,tick05,10:23:09
6379,tick05,10:23:10
6380,tick05,10:23:10
6381,tick05,10:23:11
6382,tick05,10:23:11
6383,tick05,10:23:12
6384,tick05,10:23:12
6385,tick05,10:23:13
6386,tick05,10:23:13
6387,tick05,10:23:14
6388,tick05,10:23:14
6389,tick05,10:23:15
6390,tick05,10:23:15
6391,tick05,10:23:16
6392,tick05,10:23:16
6393,tick05,10:23:17
6394,tick05,10:23:17
6395,tick05,10:23:18
6396,tick05,10:23:18
6397,tick05,10:23:19
6398,tick05,10:23:19
6399,tick05,10:23:20
6400,tick05,10:23:20
6401,tick05,10:23:21
6402,tick05,10:23:21
6403,tick05,10:23:22
6404,tick05,10:23:22
6405,tick05,10:23:23
6406,tick05,10:23:23
6407,tick05,10:23:24
6408,tick05,10:23:24
6409,tick05,10:23:25
6410,tick05,10:23:25
6411,tick05,10:23:26
6412,tick05,10:23:26
6413,tick05,10:23:27
6414,tick05,10:23:27
6415,tick05,10:23:28
6416,tick05,10:23:28
6417,tick05,10:23:29
6418,tick05,10:23:29
6419,tick05,10:23:30
6420,tick05,10:23:30
6421,tick05,10:23:31
6422,tick05,10:23:31
6423,tick05,10:23:32
6424,tick05,10:23:32
6425,tick05,10:23:33
6426,tick05,10:23:33
6427,tick05,10:23:34
6428,tick05,10:23:34
6429,tick05,10:23:35
6430,tick05,10:23:35
6431,tick05,10:23:36
6432,tick05,10:23:36
6433,tick05,10:23:37
6434,tick05,10:23:37
6435,tick05,10:23:38
6436,tick05,10:23:38
6437,tick05,10:23:39
6438,tick05,10:23:39
6439,tick05,10:23:40
6440,tick05,10:23:40
6441,tick05,10:23:41
6442,tick05,10:23:41
6443,tick05,10:23:42
6444,tick05,10:23:42
6445,tick05,10:23:43
6446,tick05,10:23:43
6447,tick05,10:23:44
6448,tick05,10:23:44
6449,tick05,10:23:45
6450,tick05,10:23:45
6451,tick05,10:23:46
6452,tick05,10:23:46
6453,tick05,10:23:47
6454,tick05,10:23:47
6455,tick05,10:23:48
6456,tick05,10:23:48
6457,tick05,10:23:49
6458,tick05,10:23:49
6459,tick05,10:23:50
6460,tick05,10:23:50
6461,tick05,10:23:51
6462,tick05,10:23:51
6463,tick05,10:23:52
6464,tick05,10:23:52
6465,tick05,10:23:53
6466,tick05,10:23:53
6467,tick05,10:23:54
6468,tick05,10:23:54
6469,tick05,10:23:55
6470,tick05,10:23:55
6471,tick05,10:23:56
6472,tick05,10:23:56
6473,tick05,10:23:57
6474,tick05,10:23:57
6475,tick05,10:23:58
6476,tick05,10:23:58
6477,tick05,10:23:59
6478,tick05,10:23:59
6479,tick05,10:24:00
6480,tick05,10:24:00
6481,tick05,10:24:01
6482,tick05,10:24:01
6483,tick05,10:24:02
6484,tick05,10:24:02
6485,tick05,10:24:03
6486,tick05,10:24:03
6487,tick05,10:24:04
6488,tick05,10:24:04
6489,tick05,10:24:05
6490,tick05,10:24:05
6491,tick05,10:24:06
6492,tick05,10:24:06
6493,tick05,10:24:07
6494,tick05,10:24:07
6495,tick05,10:24:08
6496,tick05,10:24:08
6497,tick05,10:24:09
6498,tick05,10:24:09
6499,tick05,10:24:10
6500,tick05,10:24:10
6501,tick05,10:24:11
6502,tick05,10:24:11
6503,tick05,10:24:12
6504,tick05,10:24:12
6505,tick05,10:24:13
6506,tick05,10:24:13
6507,tick05,10:24:14
6508,tick05,10:24:14
6509,tick05,10:24:15
6510,tick05,10:24:15
6511,tick05,10:24:16
6512,tick05,10:24:16
6513,tick05,10:24:17
6514,tick05,10:24:17
6515,tick05,10:24:18
6516,tick05,10:24:18
6517,tick05,10:24:19
6518,tick05,10:24:19
6519,tick05,10:24:20
6520,tick05,10:24:20
6521,tick05,10:24:21
6522,tick05,10:24:21
6523,tick05,10:24:22
6524,tick05,10:24:22
6525,tick05,10:24:23
6526,tick05,10:24:23
6527,tick05,10:24:24
6528,tick05,10:24:24
6529,tick05,10:24:25
6530,tick05,10:24:25
6531,tick05,10:24:26
6532,tick05,10:24:26
6533,tick05,10:24:27
6534,tick05,10:24:27
6535,tick05,10:24:28
6536,tick05,10:24:28
6537,tick05,10:24:29
6538,tick05,10:24:29
6539,tick05,10:24:30
6540,tick05,10:24:30
6541,tick05,10:24:31
6542,tick05,10:24:31
6543,tick05,10:24:32
6544,tick05,10:24:32
6545,tick05,10:24:33
6546,tick05,10:24:33
6547,tick05,10:24:34
6548,tick05,10:24:34
6549,tick05,10:24:35
6550,tick05,10:24:35
6551,tick05,10:24:36
6552,tick05,10:24:36
6553,tick05,10:24:37
6554,tick05,10:24:37
6555,tick05,10:24:38
6556,tick05,10:24:38
6557,tick05,10:24:39
6558,tick05,10:24:39
6559,tick05,10:24:40
6560,tick05,10:24:40
6561,tick05,10:24:41
6562,tick05,10:24:41
6563,tick05,10:24:42
6564,tick05,10:24:42
6565,tick05,10:24:43
6566,tick05,10:24:43
6567,tick05,10:24:44
6568,tick05,10:24:44
6569,tick05,10:24:45
6570,tick05,10:24:45
6571,tick05,10:24:46
6572,tick05,10:24:46
6573,tick05,10:24:47
6574,tick05,10:24:47
6575,tick05,10:24:48
6576,tick05,10:24:48
6577,tick05,10:24:49
6578,tick05,10:24:49
6579,tick05,10:24:50
6580,tick05,10:24:50
6581,tick05,10:24:51
6582,tick05,10:24:51
6583,tick05,10:24:52
6584,tick05,10:24:52
6585,tick05,10:24:53
6586,tick05,10:24:53
6587,tick05,10:24:54
6588,tick05,10:24:54
6589,tick05,10:24:55
6590,tick05,10:24:55
6591,tick05,10:24:56
6592,tick05,10:24:56
6593,tick05,10:24:57
6594,tick05,10:24:57
6595,tick05,10:24:58
6596,tick05,10:24:58
6597,tick05,10:24:59
6598,tick05,10:24:59
6599,tick05,10:25:00
6600,tick05,10:25:00
6601,tick05,10:25:01
6602,tick05,10:25:01
6603,tick05,10:25:02
6604,tick05,10:25:02
6605,tick05,10:25:03
6606,tick05,10:25:03
6607,tick05,10:25:04
6608,tick05,10:25:04
6609,tick05,10:25:05
6610,tick05,10:25:05
6611,tick05,10:25:06
6612,tick05,10:25:06
6613,tick05,10:25:07
6614,tick05,10:25:07
6615,tick05,10:25:08
6616,tick05,10:25:08
6617,tick05,10:25:09
6618,tick05,10:25:09
6619,tick05,10:25:10
6620,tick05,10:25:10
6621,tick05,10:25:11
6622,tick05,10:25:11
6623,tick05,10:25:12
6624,tick05,10:25:12
6625,tick05,10:25:13
6626,tick05,10:25:13
6627,tick05,10:25:14
6628,tick05,10:25:14
6629,tick05,10:25:15
6630,tick05,10:25:15
6631,tick05,10:25:16
6632,tick05,10:25:16
6633,tick05,10:25:17
6634,tick05,10:25:17
6635,tick05,10:25:18
6636,tick05,10:25:18
6637,tick05,10:25:19
6638,tick05,10:25:19
6639,tick05,10:25:20
6640,tick05,10:25:20
6641,tick05,10:25:21
6642,tick05,10:25:21
6643,tick05,10:25:22
6644,tick05,10:25:22
6645,tick05,10:25:23
6646,tick05,10:25:23
6647,tick05,10:25:24
6648,tick05,10:25:24
6649,tick05,10:25:25
6650,tick05,10:25:25
6651,tick05,10:25:26
6652,tick05,10:25:26
6653,tick05,10:25:27
6654,tick05,10:25:27
6655,tick05,10:25:28
6656,tick05,10:25:28
6657,tick05,10:25:29
6658,tick05,10:25:29
6659,tick05,10:25:30
6660,tick05,10:25:30
6661,tick05,10:25:31
6662,tick05,10:25:31
6663,tick05,10:25:32
6664,tick05,10:25:32
6665,tick05,10:25:33
6666,tick05,10:25:33
6667,tick05,10:25:34
6668,tick05,10:25:34
6669,tick05,10:25:35
6670,tick05,10:25:35
6671,tick05,10:25:36
6672,tick05,10:25:36
6673,tick05,10:25:37
6674,tick05,10:25:37
6675,tick05,10:25:38
6676,tick05,10:25:38
6677,tick05,10:25:39
6678,tick05,10:25:39
6679,tick05,10:25:40
6680,tick05,10:25:40
6681,tick05,10:25:41
6682,tick05,10:25:41
6683,tick05,10:25:42
6684,tick05,10:25:42
6685,tick05,10:25:43
6686,tick05,10:25:43
6687,tick05,10:25:44
6688,tick05,10:25:44
6689,tick05,10:25:45
6690,tick05,10:25:45
6691,tick05,10:25:46
6692,tick05,10:25:46
6693,tick05,10:25:47
6694,tick05,10:25:47
6695,tick05,10:25:48
6696,tick05,10:25:48
6697,tick05,10:25:49
6698,tick05,10:25:49
6699,tick05,10:25:50
6700,tick05,10:25:50
6701,tick05,10:25:51
6702,tick05,10:25:51
6703,tick05,10:25:52
6704,tick05,10:25:52
6705,tick05,10:25:53
6706,tick05,10:25:53
6707,tick05,10:25:54
6708,tick05,10:25:54
6709,tick05,10:25:55
6710,tick05,10:25:55
6711,tick05,10:25:56
6712,tick05,10:25:56
6713,tick05,10:25:57
6714,tick05,10:25:57
6715,tick05,10:25:58
6716,tick05,10:25:58
6717,tick05,10:25:59
6718,tick05,10:25:59
6719,tick05,10:26:00
6720,tick05,10:26:00
6721,tick05,10:26:01
6722,tick05,10:26:01
6723,tick05,10:26:02
6724,tick05,10:26:02
6725,tick05,10:26:03
6726,tick05,10:26:03
6727,tick05,10:26:04
6728,tick05,10:26:04
6729,tick05,10:26:05
6730,tick05,10:26:05
6731,tick05,10:26:06
6732,tick05,10:26:06
6733,tick05,10:26:07
6734,tick05,10:26:07
6735,tick05,10:26:08
6736,tick05,10:26:08
6737,tick05,10:26:09
6738,tick05,10:26:09
6739,tick05,10:26:10
6740,tick05,10:26:10
6741,tick05,10:26:11
6742,tick05,10:26:11
6743,tick05,10:26:12
6744,tick05,10:26:12
6745,tick05,10:26:13
6746,tick05,10:26:13
6747,tick05,10:26:14
6748,tick05,10:26:14
6749,tick05,10:26:15
6750,tick05,10:26:15
6751,tick05,10:26:16
6752,tick05,10:26:16
6753,tick05,10:26:17
6754,tick05,10:26:17
6755,tick05,10:26:18
6756,tick05,10:26:18
6757,tick05,10:26:19
6758,tick05,10:26:19
6759,tick05,10:26:20
6760,tick05,10:26:20
6761,tick05,10:26:21
6762,tick05,10:26:21
6763,tick05,10:26:22
6764,tick05,10:26:22
6765,tick05,10:26:23
6766,tick05,10:26:23
6767,tick05,10:26:24
6768,tick05,10:26:24
6769,tick05,10:26:25
6770,tick05,10:26:25
6771,tick05,10:26:26
6772,tick05,10:26:26
6773,tick05,10:26:27
6774,tick05,10:26:27
6775,tick05,10:26:28
6776,tick05,10:26:28
6777,tick05,10:26:29
6778,tick05,10:26:29
6779,tick05,10:26:30
6780,tick05,10:26:30
6781,tick05,10:26:31
6782,tick05,10:26:31
6783,tick05,10:26:32
6784,tick05,10:26:32
6785,tick05,10:26:33
6786,tick05,10:26:33
6787,tick05,10:26:34
6788,tick05,10:26:34
6789,tick05,10:26:35
6790,tick05,10:26:35
6791,tick05,10:26:36
6792,tick05,10:26:36
6793,tick05,10:26:37
6794,tick05,10:26:37
6795,tick05,10:26:38
6796,tick05,10:26:38
6797,tick05,10:26:39
6798,tick05,10:26:39
6799,tick05,10:26:40
6800,tick05,10:26:40
6801,tick05,10:26:41
6802,tick05,10:26:41
6803,tick05,10:26:42
6804,tick05,10:26:42
6805,tick05,10:26:43
6806,tick05,10:26:43
6807,tick05,10:26:44
6808,tick05,10:26:44
6809,tick05,10:26:45
6810,tick05,10:26:45
6811,tick05,10:26:46
6812,tick05,10:26:46
6813,tick05,10:26:47
6814,tick05,10:26:47
6815,tick05,10:26:48
6816,tick05,10:26:48
6817,tick05,10:26:49
6818,tick05,10:26:49
6819,tick05,10:26:50
6820,tick05,10:26:50
6821,tick05,10:26:51
6822,tick05,10:26:51
6823,tick05,10:26:52
6824,tick05,10:26:52
6825,tick05,10:26:53
6826,tick05,10:26:53
6827,tick05,10:26:54
6828,tick05,10:26:54
6829,tick05,10:26:55
6830,tick05,10:26:55
6831,tick05,10:26:56
6832,tick05,10:26:56
6833,tick05,10:26:57
6834,tick05,10:26:57
6835,tick05,10:26:58
6836,tick05,10:26:58
6837,tick05,10:26:59
6838,tick05,10:26:59
6839,tick05,10:27:00
6840,tick05,10:27:00
6841,tick05,10:27:01
6842,tick05,10:27:01
6843,tick05,10:27:02
6844,tick05,10:27:02
6845,tick05,10:27:03
6846,tick05,10:27:03
6847,tick05,10:27:04
6848,tick05,10:27:04
6849,tick05,10:27:05
6850,tick05,10:27:05
6851,tick05,10:27:06
6852,tick05,10:27:06
6853,tick05,10:27:07
6854,tick05,10:27:07
6855,tick05,10:27:08
6856,tick05,10:27:08
6857,tick05,10:27:09
6858,tick05,10:27:09
6859,tick05,10:27:10
6860,tick05,10:27:10
6861,tick05,10:27:11
6862,tick05,10:27:11
6863,tick05,10:27:12
6864,tick05,10:27:12
6865,tick05,10:27:13
6866,tick05,10:27:13
6867,tick05,10:27:14
6868,tick05,10:27:14
6869,tick05,10:27:15
6870,tick05,10:27:15
6871,tick05,10:27:16
6872,tick05,10:27:16
6873,tick05,10:27:17
6874,tick05,10:27:17
6875,tick05,10:27:18
6876,tick05,10:27:18
6877,tick05,10:27:19
6878,tick05,10:27:19
6879,tick05,10:27:20
6880,tick05,10:27:20
6881,tick05,10:27:21
6882,tick05,10:27:21
6883,tick05,10:27:22
6884,tick05,10:27:22
6885,tick05,10:27:23
6886,tick05,10:27:23
6887,tick05,10:27:24
6888,tick05,10:27:24
6889,tick05,10:27:25
6890,tick05,10:27:25
6891,tick05,10:27:26
6892,tick05,10:27:26
6893,tick05,10:27:27
6894,tick05,10:27:27
6895,tick05,10:27:28
6896,tick05,10:27:28
6897,tick05,10:27:29
6898,tick05,10:27:29
6899,tick05,10:27:30
6900,tick05,10:27:30
6901,tick05,10:27:31
6902,tick05,10:27:31
6903,tick05,10:27:32
6904,tick05,10:27:32
6905,tick05,10:27:33
6906,tick05,10:27:33
6907,tick05,10:27:34
6908,tick05,10:27:34
6909,tick05,10:27:35
6910,tick05,10:27:35
6911,tick05,10:27:36
6912,tick05,10:27:36
6913,tick05,10:27:37
6914,tick05,10:27:37
6915,tick05,10:27:38
6916,tick05,10:27:38
6917,tick05,10:27:39
6918,tick05,10:27:39
6919,tick05,10:27:40
6920,tick05,10:27:40
6921,tick05,10:27:41
6922,tick05,10:27:41
6923,tick05,10:27:42
6924,tick05,10:27:42
6925,tick05,10:27:43
6926,tick05,10:27:43
6927,tick05,10:27:44
6928,tick05,10:27:44
6929,tick05,10:27:45
6930,tick05,10:27:45
6931,tick05,10:27:46
6932,tick05,10:27:46
6933,tick05,10:27:47
6934,tick05,10:27:47
6935,tick05,10:27:48
6936,tick05,10:27:48
6937,tick05,10:27:49
6938,tick05,10:27:49
6939,tick05,10:27:50
6940,tick05,10:27:50
6941,tick05,10:27:51
6942,tick05,10:27:51
6943,tick05,10:27:52
6944,tick05,10:27:52
6945,tick05,10:27:53
6946,tick05,10:27:53
6947,tick05,10:27:54
6948,tick05,10:27:54
6949,tick05,10:27:55
6950,tick05,10:27:55
6951,tick05,10:27:56
6952,tick05,10:27:56
6953,tick05,10:27:57
6954,tick05,10:27:57
6955,tick05,10:27:58
6956,tick05,10:27:58
6957,tick05,10:27:59
6958,tick05,10:27:59
6959,tick05,10:28:00
6960,tick05,10:28:00
6961,tick05,10:28:01
6962,tick05,10:28:01
6963,tick05,10:28:02
6964,tick05,10:28:02
6965,tick05,10:28:03
6966,tick05,10:28:03
6967,tick05,10:28:04
6968,tick05,10:28:04
6969,tick05,10:28:05
6970,tick05,10:28:05
6971,tick05,10:28:06
6972,tick05,10:28:06
6973,tick05,10:28:07
6974,tick05,10:28:07
6975,tick05,10:28:08
6976,tick05,10:28:08
6977,tick05,10:28:09
6978,tick05,10:28:09
6979,tick05,10:28:10
6980,tick05,10:28:10
6981,tick05,10:28:11
6982,tick05,10:28:11
6983,tick05,10:28:12
6984,tick05,10:28:12
6985,tick05,10:28:13
6986,tick05,10:28:13
6987,tick05,10:28:14
6988,tick05,10:28:14
6989,tick05,10:28:15
6990,tick05,10:28:15
6991,tick05,10:28:16
6992,tick05,10:28:16
6993,tick05,10:28:17
6994,tick05,10:28:17
6995,tick05,10:28:18
6996,tick05,10:28:18
6997,tick05,10:28:19
6998,tick05,10:28:19
6999,tick05,10:28:20
7000,tick05,10:28:20
7001,tick05,10:28:21
7002,tick05,10:28:21
7003,tick05,10:28:22
7004,tick05,10:28:22
7005,tick05,10:28:23
7006,tick05,10:28:23
7007,tick05,10:28:24
7008,tick05,10:28:24
7009,tick05,10:28:25
7010,tick05,10:28:25
7011,tick05,10:28:26
7012,tick05,10:28:26
7013,tick05,10:28:27
7014,tick05,10:28:27
7015,tick05,10:28:28
7016,tick05,10:28:28
7017,tick05,10:28:29
7018,tick05,10:28:29
7019,tick05,10:28:30
7020,tick05,10:28:30
7021,tick05,10:28:31
7022,tick05,10:28:31
7023,tick05,10:28:32
7024,tick05,10:28:32
7025,tick05,10:28:33
7026,tick05,10:28:33
7027,tick05,10:28:34
7028,tick05,10:28:34
7029,tick05,10:28:35
7030,tick05,10:28:35
7031,tick05,10:28:36
7032,tick05,10:28:36
7033,tick05,10:28:37
7034,tick05,10:28:37
7035,tick05,10:28:38
7036,tick05,10:28:38
7037,tick05,10:28:39
7038,tick05,10:28:39
7039,tick05,10:28:40
7040,tick05,10:28:40
7041,tick05,10:28:41
7042,tick05,10:28:41
7043,tick05,10:28:42
7044,tick05,10:28:42
7045,tick05,10:28:43
7046,tick05,10:28:43
7047,tick05,10:28:44
7048,tick05,10:28:44
7049,tick05,10:28:45
7050,tick05,10:28:45
7051,tick05,10:28:46
7052,tick05,10:28:46
7053,tick05,10:28:47
7054,tick05,10:28:47
7055,tick05,10:28:48
7056,tick05,10:28:48
7057,tick05,10:28:49
7058,tick05,10:28:49
7059,tick05,10:28:50
7060,tick05,10:28:50
7061,tick05,10:28:51
7062,tick05,10:28:51
7063,tick05,10:28:52
7064,tick05,10:28:52
7065,tick05,10:28:53
7066,tick05,10:28:53
7067,tick05,10:28:54
7068,tick05,10:28:54
7069,tick05,10:28:55
7070,tick05,10:28:55
7071,tick05,10:28:56
7072,tick05,10:28:56
7073,tick05,10:28:57
7074,tick05,10:28:57
7075,tick05,10:28:58
7076,tick05,10:28:58
7077,tick05,10:28:59
7078,tick05,10:28:59
7079,tick05,10:29:00
7080,tick05,10:29:00
7081,tick05,10:29:01
7082,tick05,10:29:01
7083,tick05,10:29:02
7084,tick05,10:29:02
7085,tick05,10:29:03
7086,tick05,10:29:03
7087,tick05,10:29:04
7088,tick05,10:29:04
7089,tick05,10:29:05
7090,tick05,10:29:05
7091,tick05,10:29:06
7092,tick05,10:29:06
7093,tick05,10:29:07
7094,tick05,10:29:07
7095,tick05,10:29:08
7096,tick05,10:29:08
7097,tick05,10:29:09
7098,tick05,10:29:09
7099,tick05,10:29:10
7100,tick05,10:29:10
7101,tick05,10:29:11
7102,tick05,10:29:11
7103,tick05,10:29:12
7104,tick05,10:29:12
7105,tick05,10:29:13
7106,tick05,10:29:13
7107,tick05,10:29:14
7108,tick05,10:29:14
7109,tick05,10:29:15
7110,tick05,10:29:15
7111,tick05,10:29:16
7112,tick05,10:29:16
7113,tick05,10:29:17
7114,tick05,10:29:17
7115,tick05,10:29:18
7116,tick05,10:29:18
7117,tick05,10:29:19
7118,tick05,10:29:19
7119,tick05,10:29:20
7120,tick05,10:29:20
7121,tick05,10:29:21
7122,tick05,10:29:21
7123,tick05,10:29:22
7124,tick05,10:29:22
7125,tick05,10:29:23
7126,tick05,10:29:23
7127,tick05,10:29:24
7128,tick05,10:29:24
7129,tick05,10:29:25
7130,tick05,10:29:25
7131,tick05,10:29:26
7132,tick05,10:29:26
7133,tick05,10:29:27
7134,tick05,10:29:27
7135,tick05,10:29:28
7136,tick05,10:29:28
7137,tick05,10:29:29
7138,tick05,10:29:29
7139,tick05,10:29:30
7140,tick05,10:29:30
7141,tick05,10:29:31
7142,tick05,10:29:31
7143,tick05,10:29:32
7144,tick05,10:29:32
7145,tick05,10:29:33
7146,tick05,10:29:33
7147,tick05,10:29:34
7148,tick05,10:29:34
7149,tick05,10:29:35
7150,tick05,10:29:35
7151,tick05,10:29:36
7152,tick05,10:29:36
7153,tick05,10:29:37
7154,tick05,10:29:37
7155,tick05,10:29:38
7156,tick05,10:29:38
7157,tick05,10:29:39
7158,tick05,10:29:39
7159,tick05,10:29:40
7160,tick05,10:29:40
7161,tick05,10:29:41
7162,tick05,10:29:41
7163,tick05,10:29:42
7164,tick05,10:29:42
7165,tick05,10:29:43
7166,tick05,10:29:43
7167,tick05,10:29:44
7168,tick05,10:29:44
7169,tick05,10:29:45
7170,tick05,10:29:45
7171,tick05,10:29:46
7172,tick05,10:29:46
7173,tick05,10:29:47
7174,tick05,10:29:47
7175,tick05,10:29:48
7176,tick05,10:29:48
7177,tick05,10:29:49
7178,tick05,10:29:49
7179,tick05,10:29:50
7180,tick05,10:29:50
7181,tick05,10:29:51
7182,tick05,10:29:51
7183,tick05,10:29:52
7184,tick05,10:29:52
7185,tick05,10:29:53
7186,tick05,10:29:53
7187,tick05,10:29:54
7188,tick05,10:29:54
7189,tick05,10:29:55
7190,tick05,10:29:55
7191,tick05,10:29:56
7192,tick05,10:29:56
7193,tick05,10:29:57
7194,tick05,10:29:57
7195,tick05,10:29:58
7196,tick05,10:29:58
7197,tick05,10:29:59
7198,tick05,10:29:59
7199,tick05,10:30:00
7200,tick05,10:30:00
7201,tick05,10:30:01
7202,tick05,10:30:01
7203,tick05,10:30:02
7204,tick05,10:30:02
7205,tick05,10:30:03
7206,tick05,10:30:03
7207,tick05,10:30:04
7208,tick05,10:30:04
7209,tick05,10:30:05
7210,tick05,10:30:05
7211,tick05,10:30:06
7212,tick05,10:30:06
7213,tick05,10:30:07
7214,tick05,10:30:07
7215,tick05,10:30:08
7216,tick05,10:30:08
7217,tick05,10:30:09
7218,tick05,10:30:09
7219,tick05,10:30:10
7220,tick05,10:30:10
7221,tick05,10:30:11
7222,tick05,10:30:11
7223,tick05,10:30:12
7224,tick05,10:30:12
7225,tick05,10:30:13
7226,tick05,10:30:13
7227,tick05,10:30:14
7228,tick05,10:30:14
7229,tick05,10:30:15
7230,tick05,10:30:15
7231,tick05,10:30:16
7232,tick05,10:30:16
7233,tick05,10:30:17
7234,tick05,10:30:17
7235,tick05,10:30:18
7236,tick05,10:30:18
7237,tick05,10:30:19
7238,tick05,10:30:19
7239,tick05,10:30:20
7240,tick05,10:30:20
7241,tick05,10:30:21
7242,tick05,10:30:21
7243,tick05,10:30:22
7244,tick05,10:30:22
7245,tick05,10:30:23
7246,tick05,10:30:23
7247,tick05,10:30:24
7248,tick05,10:30:24
7249,tick05,10:30:25
7250,tick05,10:30:25
7251,tick05,10:30:26
7252,tick05,10:30:26
7253,tick05,10:30:27
7254,tick05,10:30:27
7255,tick05,10:30:28
7256,tick05,10:30:28
7257,tick05,10:30:29
7258,tick05,10:30:29
7259,tick05,10:30:30
7260,tick05,10:30:30
7261,tick05,10:30:31
7262,tick05,10:30:31
7263,tick05,10:30:32
7264,tick05,10:30:32
7265,tick05,10:30:33
7266,tick05,10:30:33
7267,tick05,10:30:34
7268,tick05,10:30:34
7269,tick05,10:30:35
7270,tick05,10:30:35
7271,tick05,10:30:36
7272,tick05,10:30:36
7273,tick05,10:30:37
7274,tick05,10:30:37
7275,tick05,10:30:38
7276,tick05,10:30:38
7277,tick05,10:30:39
7278,tick05,10:30:39
7279,tick05,10:30:40
7280,tick05,10:30:40
7281,tick05,10:30:41
7282,tick05,10:30:41
7283,tick05,10:30:42
7284,tick05,10:30:42
7285,tick05,10:30:43
7286,tick05,10:30:43
7287,tick05,10:30:44
7288,tick05,10:30:44
7289,tick05,10:30:45
7290,tick05,10:30:45
7291,tick05,10:30:46
7292,tick05,10:30:46
7293,tick05,10:30:47
7294,tick05,10:30:47
7295,tick05,10:30:48
7296,tick05,10:30:48
7297,tick05,10:30:49
7298,tick05,10:30:49
7299,tick05,10:30:50
7300,tick05,10:30:50
7301,tick05,10:30:51
7302,tick05,10:30:51
7303,tick05,10:30:52
7304,tick05,10:30:52
7305,tick05,10:30:53
7306,tick05,10:30:53
7307,tick05,10:30:54
7308,tick05,10:30:54
7309,tick05,10:30:55
7310,tick05,10:30:55
7311,tick05,10:30:56
7312,tick05,10:30:56
7313,tick05,10:30:57
7314,tick05,10:30:57
7315,tick05,10:30:58
7316,tick05,10:30:58
7317,tick05,10:30:59
7318,tick05,10:30:59
7319,tick05,10:31:00
7320,tick05,10:31:00
7321,tick05,10:31:01
7322,tick05,10:31:01
7323,tick05,10:31:02
7324,tick05,10:31:02
7325,tick05,10:31:03
7326,tick05,10:31:03
7327,tick05,10:31:04
7328,tick05,10:31:04
7329,tick05,10:31:05
7330,tick05,10:31:05
7331,tick05,10:31:06
7332,tick05,10:31:06
7333,tick05,10:31:07
7334,tick05,10:31:07
7335,tick05,10:31:08
7336,tick05,10:31:08
7337,tick05,10:31:09
7338,tick05,10:31:09
7339,tick05,10:31:10
7340,tick05,10:31:10
7341,tick05,10:31:11
7342,tick05,10:31:11
7343,tick05,10:31:12
7344,tick05,10:31:12
7345,tick05,10:31:13
7346,tick05,10:31:13
7347,tick05,10:31:14
7348,tick05,10:31:14
7349,tick05,10:31:15
7350,tick05,10:31:15
7351,tick05,10:31:16
7352,tick05,10:31:16
7353,tick05,10:31:17
7354,tick05,10:31:17
7355,tick05,10:31:18
7356,tick05,10:31:18
7357,tick05,10:31:19
7358,tick05,10:31:19
7359,tick05,10:31:20
7360,tick05,10:31:20
7361,tick05,10:31:21
7362,tick05,10:31:21
7363,tick05,10:31:22
7364,tick05,10:31:22
7365,tick05,10:31:23
7366,tick05,10:31:23
7367,tick05,10:31:24
7368,tick05,10:31:24
7369,tick05,10:31:25
7370,tick05,10:31:25
7371,tick05,10:31:26
7372,tick05,10:31:26
7373,tick05,10:31:27
7374,tick05,10:31:27
7375,tick05,10:31:28
7376,tick05,10:31:28
7377,tick05,10:31:29
7378,tick05,10:31:29
7379,tick05,10:31:30
7380,tick05,10:31:30
7381,tick05,10:31:31
7382,tick05,10:31:31
7383,tick05,10:31:32
7384,tick05,10:31:32
7385,tick05,10:31:33
7386,tick05,10:31:33
7387,tick05,10:31:34
7388,tick05,10:31:34
7389,tick05,10:31:35
7390,tick05,10:31:35
7391,tick05,10:31:36
7392,tick05,10:31:36
7393,tick05,10:31:37
7394,tick05,10:31:37
7395,tick05,10:31:38
7396,tick05,10:31:38
7397,tick05,10:31:39
7398,tick05,10:31:39
7399,tick05,10:31:40
7400,tick05,10:31:40
7401,tick05,10:31:41
7402,tick05,10:31:41
7403,tick05,10:31:42
7404,tick05,10:31:42
7405,tick05,10:31:43
7406,tick05,10:31:43
7407,tick05,10:31:44
7408,tick05,10:31:44
7409,tick05,10:31:45
7410,tick05,10:31:45
7411,tick05,10:31:46
7412,tick05,10:31:46
7413,tick05,10:31:47
7414,tick05,10:31:47
7415,tick05,10:31:48
7416,tick05,10:31:48
7417,tick05,10:31:49
7418,tick05,10:31:49
7419,tick05,10:31:50
7420,tick05,10:31:50
7421,tick05,10:31:51
7422,tick05,10:31:51
7423,tick05,10:31:52
7424,tick05,10:31:52
7425,tick05,10:31:53
7426,tick05,10:31:53
7427,tick05,10:31:54
7428,tick05,10:31:54
7429,tick05,10:31:55
7430,tick05,10:31:55
7431,tick05,10:31:56
7432,tick05,10:31:56
7433,tick05,10:31:57
7434,tick05,10:31:57
7435,tick05,10:31:58
7436,tick05,10:31:58
7437,tick05,10:31:59
7438,tick05,10:31:59
7439,tick05,10:32:00
7440,tick05,10:32:00
7441,tick05,10:32:01
7442,tick05,10:32:01
7443,tick05,10:32:02
7444,tick05,10:32:02
7445,tick05,10:32:03
7446,tick05,10:32:03
7447,tick05,10:32:04
7448,tick05,10:32:04
7449,tick05,10:32:05
7450,tick05,10:32:05
7451,tick05,10:32:06
7452,tick05,10:32:06
7453,tick05,10:32:07
7454,tick05,10:32:07
7455,tick05,10:32:08
7456,tick05,10:32:08
7457,tick05,10:32:09
7458,tick05,10:32:09
7459,tick05,10:32:10
7460,tick05,10:32:10
7461,tick05,10:32:11
7462,tick05,10:32:11
7463,tick05,10:32:12
7464,tick05,10:32:12
7465,tick05,10:32:13
7466,tick05,10:32:13
7467,tick05,10:32:14
7468,tick05,10:32:14
7469,tick05,10:32:15
7470,tick05,10:32:15
7471,tick05,10:32:16
7472,tick05,10:32:16
7473,tick05,10:32:17
7474,tick05,10:32:17
7475,tick05,10:32:18
7476,tick05,10:32:18
7477,tick05,10:32:19
7478,tick05,10:32:19
7479,tick05,10:32:20
7480,tick05,10:32:20
7481,tick05,10:32:21
7482,tick05,10:32:21
7483,tick05,10:32:22
7484,tick05,10:32:22
7485,tick05,10:32:23
7486,tick05,10:32:23
7487,tick05,10:32:24
7488,tick05,10:32:24
7489,tick05,10:32:25
7490,tick05,10:32:25
7491,tick05,10:32:26
7492,tick05,10:32:26
7493,tick05,10:32:27
7494,tick05,10:32:27
7495,tick05,10:32:28
7496,tick05,10:32:28
7497,tick05,10:32:29
7498,tick05,10:32:29
7499,tick05,10:32:30
7500,tick05,10:32:30
7501,tick05,10:32:31
7502,tick05,10:32:31
7503,tick05,10:32:32
7504,tick05,10:32:32
7505,tick05,10:32:33
7506,tick05,10:32:33
7507,tick05,10:32:34
7508,tick05,10:32:34
7509,tick05,10:32:35
7510,tick05,10:32:35
7511,tick05,10:32:36
7512,tick05,10:32:36
7513,tick05,10:32:37
7514,tick05,10:32:37
7515,tick05,10:32:38
7516,tick05,10:32:38
7517,tick05,10:32:39
7518,tick05,10:32:39
7519,tick05,10:32:40
7520,tick05,10:32:40
7521,tick05,10:32:41
7522,tick05,10:32:41
7523,tick05,10:32:42
7524,tick05,10:32:42
7525,tick05,10:32:43
7526,tick05,10:32:43
7527,tick05,10:32:44
7528,tick05,10:32:44
7529,tick05,10:32:45
7530,tick05,10:32:45
7531,tick05,10:32:46
7532,tick05,10:32:46
7533,tick05,10:32:47
7534,tick05,10:32:47
7535,tick05,10:32:48
7536,tick05,10:32:48
7537,tick05,10:32:49
7538,tick05,10:32:49
7539,tick05,10:32:50
7540,tick05,10:32:50
7541,tick05,10:32:51
7542,tick05,10:32:51
7543,tick05,10:32:52
7544,tick05,10:32:52
7545,tick05,10:32:53
7546,tick05,10:32:53
7547,tick05,10:32:54
7548,tick05,10:32:54
7549,tick05,10:32:55
7550,tick05,10:32:55
7551,tick05,10:32:56
7552,tick05,10:32:56
7553,tick05,10:32:57
7554,tick05,10:32:57
7555,tick05,10:32:58
7556,tick05,10:32:58
7557,tick05,10:32:59
7558,tick05,10:32:59
7559,tick05,10:33:00
7560,tick05,10:33:00
7561,tick05,10:33:01
7562,tick05,10:33:01
7563,tick05,10:33:02
7564,tick05,10:33:02
7565,tick05,10:33:03
7566,tick05,10:33:03
7567,tick05,10:33:04
7568,tick05,10:33:04
7569,tick05,10:33:05
7570,tick05,10:33:05
7571,tick05,10:33:06
7572,tick05,10:33:06
7573,tick05,10:33:07
7574,tick05,10:33:07
7575,tick05,10:33:08
7576,tick05,10:33:08
7577,tick05,10:33:09
7578,tick05,10:33:09
7579,tick05,10:33:10
7580,tick05,10:33:10
7581,tick05,10:33:11
7582,tick05,10:33:11
7583,tick05,10:33:12
7584,tick05,10:33:12
7585,tick05,10:33:13
7586,tick05,10:33:13
7587,tick05,10:33:14
7588,tick05,10:33:14
7589,tick05,10:33:15
7590,tick05,10:33:15
7591,tick05,10:33:16
7592,tick05,10:33:16
7593,tick05,10:33:17
7594,tick05,10:33:17
7595,tick05,10:33:18
7596,tick05,10:33:18
7597,tick05,10:33:19
7598,tick05,10:33:19
7599,tick05,10:33:20
7600,tick05,10:33:20
7601,tick05,10:33:21
7602,tick05,10:33:21
7603,tick05,10:33:22
7604,tick05,10:33:22
7605,tick05,10:33:23
7606,tick05,10:33:23
7607,tick05,10:33:24
7608,tick05,10:33:24
7609,tick05,10:33:25
7610,tick05,10:33:25
7611,tick05,10:33:26
7612,tick05,10:33:26
7613,tick05,10:33:27
7614,tick05,10:33:27
7615,tick05,10:33:28
7616,tick05,10:33:28
7617,tick05,10:33:29
7618,tick05,10:33:29
7619,tick05,10:33:30
7620,tick05,10:33:30
7621,tick05,10:33:31
7622,tick05,10:33:31
7623,tick05,10:33:32
7624,tick05,10:33:32
7625,tick05,10:33:33
7626,tick05,10:33:33
7627,tick05,10:33:34
7628,tick05,10:33:34
7629,tick05,10:33:35
7630,tick05,10:33:35
7631,tick05,10:33:36
7632,tick05,10:33:36
7633,tick05,10:33:37
7634,tick05,10:33:37
7635,tick05,10:33:38
7636,tick05,10:33:38
7637,tick05,10:33:39
7638,tick05,10:33:39
7639,tick05,10:33:40
7640,tick05,10:33:40
7641,tick05,10:33:41
7642,tick05,10:33:41
7643,tick05,10:33:42
7644,tick05,10:33:42
7645,tick05,10:33:43
7646,tick05,10:33:43
7647,tick05,10:33:44
7648,tick05,10:33:44
7649,tick05,10:33:45
7650,tick05,10:33:45
7651,tick05,10:33:46
7652,tick05,10:33:46
7653,tick05,10:33:47
7654,tick05,10:33:47
7655,tick05,10:33:48
7656,tick05,10:33:48
7657,tick05,10:33:49
7658,tick05,10:33:49
7659,tick05,10:33:50
7660,tick05,10:33:50
7661,tick05,10:33:51
7662,tick05,10:33:51
7663,tick05,10:33:52
7664,tick05,10:33:52
7665,tick05,10:33:53
7666,tick05,10:33:53
7667,tick05,10:33:54
7668,tick05,10:33:54
7669,tick05,10:33:55
7670,tick05,10:33:55
7671,tick05,10:33:56
7672,tick05,10:33:56
7673,tick05,10:33:57
7674,tick05,10:33:57
7675,tick05,10:33:58
7676,tick05,10:33:58
7677,tick05,10:33:59
7678,tick05,10:33:59
7679,tick05,10:34:00
7680,tick05,10:34:00
7681,tick05,10:34:01
7682,tick05,10:34:01
7683,tick05,10:34:02
7684,tick05,10:34:02
7685,tick05,10:34:03
7686,tick05,10:34:03
7687,tick05,10:34:04
7688,tick05,10:34:04
7689,tick05,10:34:05
7690,tick05,10:34:05
7691,tick05,10:34:06
7692,tick05,10:34:06
7693,tick05,10:34:07
7694,tick05,10:34:07
7695,tick05,10:34:08
7696,tick05,10:34:08
7697,tick05,10:34:09
7698,tick05,10:34:09
7699,tick05,10:34:10
7700,tick05,10:34:10
7701,tick05,10:34:11
7702,tick05,10:34:11
7703,tick05,10:34:12
7704,tick05,10:34:12
7705,tick05,10:34:13
7706,tick05,10:34:13
7707,tick05,10:34:14
7708,tick05,10:34:14
7709,tick05,10:34:15
7710,tick05,10:34:15
7711,tick05,10:34:16
7712,tick05,10:34:16
7713,tick05,10:34:17
7714,tick05,10:34:17
7715,tick05,10:34:18
7716,tick05,10:34:18
7717,tick05,10:34:19
7718,tick05,10:34:19
7719,tick05,10:34:20
7720,tick05,10:34:20
7721,tick05,10:34:21
7722,tick05,10:34:21
7723,tick05,10:34:22
7724,tick05,10:34:22
7725,tick05,10:34:23
7726,tick05,10:34:23
7727,tick05,10:34:24
7728,tick05,10:34:24
7729,tick05,10:34:25
7730,tick05,10:34:25
7731,tick05,10:34:26
7732,tick05,10:34:26
7733,tick05,10:34:27
7734,tick05,10:34:27
7735,tick05,10:34:28
7736,tick05,10:34:28
7737,tick05,10:34:29
7738,tick05,10:34:29
7739,tick05,10:34:30
7740,tick05,10:34:30
7741,tick05,10:34:31
7742,tick05,10:34:31
7743,tick05,10:34:32
7744,tick05,10:34:32
7745,tick05,10:34:33
7746,tick05,10:34:33
7747,tick05,10:34:34
7748,tick05,10:34:34
7749,tick05,10:34:35
7750,tick05,10:34:35
7751,tick05,10:34:36
7752,tick05,10:34:36
7753,tick05,10:34:37
7754,tick05,10:34:37
7755,tick05,10:34:38
7756,tick05,10:34:38
7757,tick05,10:34:39
7758,tick05,10:34:39
7759,tick05,10:34:40
7760,tick05,10:34:40
7761,tick05,10:34:41
7762,tick05,10:34:41
7763,tick05,10:34:42
7764,tick05,10:34:42
7765,tick05,10:34:43
7766,tick05,10:34:43
7767,tick05,10:34:44
7768,tick05,10:34:44
7769,tick05,10:34:45
7770,tick05,10:34:45
7771,tick05,10:34:46
7772,tick05,10:34:46
7773,tick05,10:34:47
7774,tick05,10:34:47
7775,tick05,10:34:48
7776,tick05,10:34:48
7777,tick05,10:34:49
7778,tick05,10:34:49
7779,tick05,10:34:50
7780,tick05,10:34:50
7781,tick05,10:34:51
7782,tick05,10:34:51
7783,tick05,10:34:52
7784,tick05,10:34:52
7785,tick05,10:34:53
7786,tick05,10:34:53
7787,tick05,10:34:54
7788,tick05,10:34:54
7789,tick05,10:34:55
7790,tick05,10:34:55
7791,tick05,10:34:56
7792,tick05,10:34:56
7793,tick05,10:34:57
7794,tick05,10:34:57
7795,tick05,10:34:58
7796,tick05,10:34:58
7797,tick05,10:34:59
7798,tick05,10:34:59
7799,tick05,10:35:00
7800,tick05,10:35:00
7801,tick05,10:35:01
7802,tick05,10:35:01
7803,tick05,10:35:02
7804,tick05,10:35:02
7805,tick05,10:35:03
7806,tick05,10:35:03
7807,tick05,10:35:04
7808,tick05,10:35:04
7809,tick05,10:35:05
7810,tick05,10:35:05
7811,tick05,10:35:06
7812,tick05,10:35:06
7813,tick05,10:35:07
7814,tick05,10:35:07
7815,tick05,10:35:08
7816,tick05,10:35:08
7817,tick05,10:35:09
7818,tick05,10:35:09
7819,tick05,10:35:10
7820,tick05,10:35:10
7821,tick05,10:35:11
7822,tick05,10:35:11
7823,tick05,10:35:12
7824,tick05,10:35:12
7825,tick05,10:35:13
7826,tick05,10:35:13
7827,tick05,10:35:14
7828,tick05,10:35:14
7829,tick05,10:35:15
7830,tick05,10:35:15
7831,tick05,10:35:16
7832,tick05,10:35:16
7833,tick05,10:35:17
7834,tick05,10:35:17
7835,tick05,10:35:18
7836,tick05,10:35:18
7837,tick05,10:35:19
7838,tick05,10:35:19
7839,tick05,10:35:20
7840,tick05,10:35:20
7841,tick05,10:35:21
7842,tick05,10:35:21
7843,tick05,10:35:22
7844,tick05,10:35:22
7845,tick05,10:35:23
7846,tick05,10:35:23
7847,tick05,10:35:24
7848,tick05,10:35:24
7849,tick05,10:35:25
7850,tick05,10:35:25
7851,tick05,10:35:26
7852,tick05,10:35:26
7853,tick05,10:35:27
7854,tick05,10:35:27
7855,tick05,10:35:28
7856,tick05,10:35:28
7857,tick05,10:35:29
7858,tick05,10:35:29
7859,tick05,10:35:30
7860,tick05,10:35:30
7861,tick05,10:35:31
7862,tick05,10:35:31
7863,tick05,10:35:32
7864,tick05,10:35:32
7865,tick05,10:35:33
7866,tick05,10:35:33
7867,tick05,10:35:34
7868,tick05,10:35:34
7869,tick05,10:35:35
7870,tick05,10:35:35
7871,tick05,10:35:36
7872,tick05,10:35:36
7873,tick05,10:35:37
7874,tick05,10:35:37
7875,tick05,10:35:38
7876,tick05,10:35:38
7877,tick05,10:35:39
7878,tick05,10:35:39
7879,tick05,10:35:40
7880,tick05,10:35:40
7881,tick05,10:35:41
7882,tick05,10:35:41
7883,tick05,10:35:42
7884,tick05,10:35:42
7885,tick05,10:35:43
7886,tick05,10:35:43
7887,tick05,10:35:44
7888,tick05,10:35:44
7889,tick05,10:35:45
7890,tick05,10:35:45
7891,tick05,10:35:46
7892,tick05,10:35:46
7893,tick05,10:35:47
7894,tick05,10:35:47
7895,tick05,10:35:48
7896,tick05,10:35:48
7897,tick05,10:35:49
7898,tick05,10:35:49
7899,tick05,10:35:50
7900,tick05,10:35:50
7901,tick05,10:35:51
7902,tick05,10:35:51
7903,tick05,10:35:52
7904,tick05,10:35:52
7905,tick05,10:35:53
7906,tick05,10:35:53
7907,tick05,10:35:54
7908,tick05,10:35:54
7909,tick05,10:35:55
7910,tick05,10:35:55
7911,tick05,10:35:56
7912,tick05,10:35:56
7913,tick05,10:35:57
7914,tick05,10:35:57
7915,tick05,10:35:58
7916,tick05,10:35:58
7917,tick05,10:35:59
7918,tick05,10:35:59
7919,tick05,10:36:00
7920,tick05,10:36:00
7921,tick05,10:36:01
7922,tick05,10:36:01
7923,tick05,10:36:02
7924,tick05,10:36:02
7925,tick05,10:36:03
7926,tick05,10:36:03
7927,tick05,10:36:04
7928,tick05,10:36:04
7929,tick05,10:36:05
7930,tick05,10:36:05
7931,tick05,10:36:06
7932,tick05,10:36:06
7933,tick05,10:36:07
7934,tick05,10:36:07
7935,tick05,10:36:08
7936,tick05,10:36:08
7937,tick05,10:36:09
7938,tick05,10:36:09
7939,tick05,10:36:10
7940,tick05,10:36:10
7941,tick05,10:36:11
7942,tick05,10:36:11
7943,tick05,10:36:12
7944,tick05,10:36:12
7945,tick05,10:36:13
7946,tick05,10:36:13
7947,tick05,10:36:14
7948,tick05,10:36:14
7949,tick05,10:36:15
7950,tick05,10:36:15
7951,tick05,10:36:16
7952,tick05,10:36:16
7953,tick05,10:36:17
7954,tick05,10:36:17
7955,tick05,10:36:18
7956,tick05,10:36:18
7957,tick05,10:36:19
7958,tick05,10:36:19
7959,tick05,10:36:20
7960,tick05,10:36:20
7961,tick05,10:36:21
7962,tick05,10:36:21
7963,tick05,10:36:22
7964,tick05,10:36:22
7965,tick05,10:36:23
7966,tick05,10:36:23
7967,tick05,10:36:24
7968,tick05,10:36:24
7969,tick05,10:36:25
7970,tick05,10:36:25
7971,tick05,10:36:26
7972,tick05,10:36:26
7973,tick05,10:36:27
7974,tick05,10:36:27
7975,tick05,10:36:28
7976,tick05,10:36:28
7977,tick05,10:36:29
7978,tick05,10:36:29
7979,tick05,10:36:30
7980,tick05,10:36:30
7981,tick05,10:36:31
7982,tick05,10:36:31
7983,tick05,10:36:32
7984,tick05,10:36:32
7985,tick05,10:36:33
7986,tick05,10:36:33
7987,tick05,10:36:34
7988,tick05,10:36:34
7989,tick05,10:36:35
7990,tick05,10:36:35
7991,tick05,10:36:36
7992,tick05,10:36:36
7993,tick05,10:36:37
7994,tick05,10:36:37
7995,tick05,10:36:38
7996,tick05,10:36:38
7997,tick05,10:36:39
7998,tick05,10:36:39
7999,tick05,10:36:40
8000,tick05,10:36:40
8001,tick05,10:36:41
8002,tick05,10:36:41
8003,tick05,10:36:42
8004,tick05,10:36:42
8005,tick05,10:36:43
8006,tick05,10:36:43
8007,tick05,10:36:44
8008,tick05,10:36:44
8009,tick05,10:36:45
8010,tick05,10:36:45
8011,tick05,10:36:46
8012,tick05,10:36:46
8013,tick05,10:36:47
8014,tick05,10:36:47
8015,tick05,10:36:48
8016,tick05,10:36:48
8017,tick05,10:36:49
8018,tick05,10:36:49
8019,tick05,10:36:50
8020,tick05,10:36:50
8021,tick05,10:36:51
8022,tick05,10:36:51
8023,tick05,10:36:52
8024,tick05,10:36:52
8025,tick05,10:36:53
8026,tick05,10:36:53
8027,tick05,10:36:54
8028,tick05,10:36:54
8029,tick05,10:36:55
8030,tick05,10:36:55
8031,tick05,10:36:56
8032,tick05,10:36:56
8033,tick05,10:36:57
8034,tick05,10:36:57
8035,tick05,10:36:58
8036,tick05,10:36:58
8037,tick05,10:36:59
8038,tick05,10:36:59
8039,tick05,10:37:00
8040,tick05,10:37:00
8041,tick05,10:37:01
8042,tick05,10:37:01
8043,tick05,10:37:02
8044,tick05,10:37:02
8045,tick05,10:37:03
8046,tick05,10:37:03
8047,tick05,10:37:04
8048,tick05,10:37:04
8049,tick05,10:37:05
8050,tick05,10:37:05
8051,tick05,10:37:06
8052,tick05,10:37:06
8053,tick05,10:37:07
8054,tick05,10:37:07
8055,tick05,10:37:08
8056,tick05,10:37:08
8057,tick05,10:37:09
8058,tick05,10:37:09
8059,tick05,10:37:10
8060,tick05,10:37:10
8061,tick05,10:37:11
8062,tick05,10:37:11
8063,tick05,10:37:12
8064,tick05,10:37:12
8065,tick05,10:37:13
8066,tick05,10:37:13
8067,tick05,10:37:14
8068,tick05,10:37:14
8069,tick05,10:37:15
8070,tick05,10:37:15
8071,tick05,10:37:16
8072,tick05,10:37:16
8073,tick05,10:37:17
8074,tick05,10:37:17
8075,tick05,10:37:18
8076,tick05,10:37:18
8077,tick05,10:37:19
8078,tick05,10:37:19
8079,tick05,10:37:20
8080,tick05,10:37:20
8081,tick05,10:37:21
8082,tick05,10:37:21
8083,tick05,10:37:22
8084,tick05,10:37:22
8085,tick05,10:37:23
8086,tick05,10:37:23
8087,tick05,10:37:24
8088,tick05,10:37:24
8089,tick05,10:37:25
8090,tick05,10:37:25
8091,tick05,10:37:26
8092,tick05,10:37:26
8093,tick05,10:37:27
8094,tick05,10:37:27
8095,tick05,10:37:28
8096,tick05,10:37:28
8097,tick05,10:37:29
8098,tick05,10:37:29
8099,tick05,10:37:30
8100,tick05,10:37:30
8101,tick05,10:37:31
8102,tick05,10:37:31
8103,tick05,10:37:32
8104,tick05,10:37:32
8105,tick05,10:37:33
8106,tick05,10:37:33
8107,tick05,10:37:34
8108,tick05,10:37:34
8109,tick05,10:37:35
8110,tick05,10:37:35
8111,tick05,10:37:36
8112,tick05,10:37:36
8113,tick05,10:37:37
8114,tick05,10:37:37
8115,tick05,10:37:38
8116,tick05,10:37:38
8117,tick05,10:37:39
8118,tick05,10:37:39
8119,tick05,10:37:40
8120,tick05,10:37:40
8121,tick05,10:37:41
8122,tick05,10:37:41
8123,tick05,10:37:42
8124,tick05,10:37:42
8125,tick05,10:37:43
8126,tick05,10:37:43
8127,tick05,10:37:44
8128,tick05,10:37:44
8129,tick05,10:37:45
8130,tick05,10:37:45
8131,tick05,10:37:46
8132,tick05,10:37:46
8133,tick05,10:37:47
8134,tick05,10:37:47
8135,tick05,10:37:48
8136,tick05,10:37:48
8137,tick05,10:37:49
8138,tick05,10:37:49
8139,tick05,10:37:50
8140,tick05,10:37:50
8141,tick05,10:37:51
8142,tick05,10:37:51
8143,tick05,10:37:52
8144,tick05,10:37:52
8145,tick05,10:37:53
8146,tick05,10:37:53
8147,tick05,10:37:54
8148,tick05,10:37:54
8149,tick05,10:37:55
8150,tick05,10:37:55
8151,tick05,10:37:56
8152,tick05,10:37:56
8153,tick05,10:37:57
8154,tick05,10:37:57
8155,tick05,10:37:58
8156,tick05,10:37:58
8157,tick05,10:37:59
8158,tick05,10:37:59
8159,tick05,10:38:00
8160,tick05,10:38:00
8161,tick05,10:38:01
8162,tick05,10:38:01
8163,tick05,10:38:02
8164,tick05,10:38:02
8165,tick05,10:38:03
8166,tick05,10:38:03
8167,tick05,10:38:04
8168,tick05,10:38:04
8169,tick05,10:38:05
8170,tick05,10:38:05
8171,tick05,10:38:06
8172,tick05,10:38:06
8173,tick05,10:38:07
8174,tick05,10:38:07
8175,tick05,10:38:08
8176,tick05,10:38:08
8177,tick05,10:38:09
8178,tick05,10:38:09
8179,tick05,10:38:10
8180,tick05,10:38:10
8181,tick05,10:38:11
8182,tick05,10:38:11
8183,tick05,10:38:12
8184,tick05,10:38:12
8185,tick05,10:38:13
8186,tick05,10:38:13
8187,tick05,10:38:14
8188,tick05,10:38:14
8189,tick05,10:38:15
8190,tick05,10:38:15
8191,tick05,10:38:16
8192,tick05,10:38:16
8193,tick05,10:38:17
8194,tick05,10:38:17
8195,tick05,10:38:18
8196,tick05,10:38:18
8197,tick05,10:38:19
8198,tick05,10:38:19
8199,tick05,10:38:20
8200,tick05,10:38:20
8201,tick05,10:38:21
8202,tick05,10:38:21
8203,tick05,10:38:22
8204,tick05,10:38:22
8205,tick05,10:38:23
8206,tick05,10:38:23
8207,tick05,10:38:24
8208,tick05,10:38:24
8209,tick05,10:38:25
8210,tick05,10:38:25
8211,tick05,10:38:26
8212,tick05,10:38:26
8213,tick05,10:38:27
8214,tick05,10:38:27
8215,tick05,10:38:28
8216,tick05,10:38:28
8217,tick05,10:38:29
8218,tick05,10:38:29
8219,tick05,10:38:30
8220,tick05,10:38:30
8221,tick05,10:38:31
8222,tick05,10:38:31
8223,tick05,10:38:32
8224,tick05,10:38:32
8225,tick05,10:38:33
8226,tick05,10:38:33
8227,tick05,10:38:34
8228,tick05,10:38:34
8229,tick05,10:38:35
8230,tick05,10:38:35
8231,tick05,10:38:36
8232,tick05,10:38:36
8233,tick05,10:38:37
8234,tick05,10:38:37
8235,tick05,10:38:38
8236,tick05,10:38:38
8237,tick05,10:38:39
8238,tick05,10:38:39
8239,tick05,10:38:40
8240,tick05,10:38:40
8241,tick05,10:38:41
8242,tick05,10:38:41
8243,tick05,10:38:42
8244,tick05,10:38:42
8245,tick05,10:38:43
8246,tick05,10:38:43
8247,tick05,10:38:44
8248,tick05,10:38:44
8249,tick05,10:38:45
8250,tick05,10:38:45
8251,tick05,10:38:46
8252,tick05,10:38:46
8253,tick05,10:38:47
8254,tick05,10:38:47
8255,tick05,10:38:48
8256,tick05,10:38:48
8257,tick05,10:38:49
8258,tick05,10:38:49
8259,tick05,10:38:50
8260,tick05,10:38:50
8261,tick05,10:38:51
8262,tick05,10:38:51
8263,tick05,10:38:52
8264,tick05,10:38:52
8265,tick05,10:38:53
8266,tick05,10:38:53
8267,tick05,10:38:54
8268,tick05,10:38:54
8269,tick05,10:38:55
8270,tick05,10:38:55
8271,tick05,10:38:56
8272,tick05,10:38:56
8273,tick05,10:38:57
8274,tick05,10:38:57
8275,tick05,10:38:58
8276,tick05,10:38:58
8277,tick05,10:38:59
8278,tick05,10:38:59
8279,tick05,10:39:00
8280,tick05,10:39:00
8281,tick05,10:39:01
8282,tick05,10:39:01
8283,tick05,10:39:02
8284,tick05,10:39:02
8285,tick05,10:39:03
8286,tick05,10:39:03
8287,tick05,10:39:04
8288,tick05,10:39:04
8289,tick05,10:39:05
8290,tick05,10:39:05
8291,tick05,10:39:06
8292,tick05,10:39:06
8293,tick05,10:39:07
8294,tick05,10:39:07
8295,tick05,10:39:08
8296,tick05,10:39:08
8297,tick05,10:39:09
8298,tick05,10:39:09
8299,tick05,10:39:10
8300,tick05,10:39:10
8301,tick05,10:39:11
8302,tick05,10:39:11
8303,tick05,10:39:12
8304,tick05,10:39:12
8305,tick05,10:39:13
8306,tick05,10:39:13
8307,tick05,10:39:14
8308,tick05,10:39:14
8309,tick05,10:39:15
8310,tick05,10:39:15
8311,tick05,10:39:16
8312,tick05,10:39:16
8313,tick05,10:39:17
8314,tick05,10:39:17
8315,tick05,10:39:18
8316,tick05,10:39:18
8317,tick05,10:39:19
8318,tick05,10:39:19
8319,tick05,10:39:20
8320,tick05,10:39:20
8321,tick05,10:39:21
8322,tick05,10:39:21
8323,tick05,10:39:22
8324,tick05,10:39:22
8325,tick05,10:39:23
8326,tick05,10:39:23
8327,tick05,10:39:24
8328,tick05,10:39:24
8329,tick05,10:39:25
8330,tick05,10:39:25
8331,tick05,10:39:26
8332,tick05,10:39:26
8333,tick05,10:39:27
8334,tick05,10:39:27
8335,tick05,10:39:28
8336,tick05,10:39:28
8337,tick05,10:39:29
8338,tick05,10:39:29
8339,tick05,10:39:30
8340,tick05,10:39:30
8341,tick05,10:39:31
8342,tick05,10:39:31
8343,tick05,10:39:32
8344,tick05,10:39:32
8345,tick05,10:39:33
8346,tick05,10:39:33
8347,tick05,10:39:34
8348,tick05,10:39:34
8349,tick05,10:39:35
8350,tick05,10:39:35
8351,tick05,10:39:36
8352,tick05,10:39:36
8353,tick05,10:39:37
8354,tick05,10:39:37
8355,tick05,10:39:38
8356,tick05,10:39:38
8357,tick05,10:39:39
8358,tick05,10:39:39
8359,tick05,10:39:40
8360,tick05,10:39:40
8361,tick05,10:39:41
8362,tick05,10:39:41
8363,tick05,10:39:42
8364,tick05,10:39:42
8365,tick05,10:39:43
8366,tick05,10:39:43
8367,tick05,10:39:44
8368,tick05,10:39:44
8369,tick05,10:39:45
8370,tick05,10:39:45
8371,tick05,10:39:46
8372,tick05,10:39:46
8373,tick05,10:39:47
8374,tick05,10:39:47
8375,tick05,10:39:48
8376,tick05,10:39:48
8377,tick05,10:39:49
8378,tick05,10:39:49
8379,tick05,10:39:50
8380,tick05,10:39:50
8381,tick05,10:39:51
8382,tick05,10:39:51
8383,tick05,10:39:52
8384,tick05,10:39:52
8385,tick05,10:39:53
8386,tick05,10:39:53
8387,tick05,10:39:54
8388,tick05,10:39:54
8389,tick05,10:39:55
8390,tick05,10:39:55
8391,tick05,10:39:56
8392,tick05,10:39:56
8393,tick05,10:39:57
8394,tick05,10:39:57
8395,tick05,10:39:58
8396,tick05,10:39:58
8397,tick05,10:39:59
8398,tick05,10:39:59
8399,tick05,10:40:00
8400,tick05,10:40:00
8401,tick05,10:40:01
8402,tick05,10:40:01
8403,tick05,10:40:02
8404,tick05,10:40:02
8405,tick05,10:40:03
8406,tick05,10:40:03
8407,tick05,10:40:04
8408,tick05,10:40:04
8409,tick05,10:40:05
8410,tick05,10:40:05
8411,tick05,10:40:06
8412,tick05,10:40:06
8413,tick05,10:40:07
8414,tick05,10:40:07
8415,tick05,10:40:08
8416,tick05,10:40:08
8417,tick05,10:40:09
8418,tick05,10:40:09
8419,tick05,10:40:10
8420,tick05,10:40:10
8421,tick05,10:40:11
8422,tick05,10:40:11
8423,tick05,10:40:12
8424,tick05,10:40:12
8425,tick05,10:40:13
8426,tick05,10:40:13
8427,tick05,10:40:14
8428,tick05,10:40:14
8429,tick05,10:40:15
8430,tick05,10:40:15
8431,tick05,10:40:16
8432,tick05,10:40:16
8433,tick05,10:40:17
8434,tick05,10:40:17
8435,tick05,10:40:18
8436,tick05,10:40:18
8437,tick05,10:40:19
8438,tick05,10:40:19
8439,tick05,10:40:20
8440,tick05,10:40:20
8441,tick05,10:40:21
8442,tick05,10:40:21
8443,tick05,10:40:22
8444,tick05,10:40:22
8445,tick05,10:40:23
8446,tick05,10:40:23
8447,tick05,10:40:24
8448,tick05,10:40:24
8449,tick05,10:40:25
8450,tick05,10:40:25
8451,tick05,10:40:26
8452,tick05,10:40:26
8453,tick05,10:40:27
8454,tick05,10:40:27
8455,tick05,10:40:28
8456,tick05,10:40:28
8457,tick05,10:40:29
8458,tick05,10:40:29
8459,tick05,10:40:30
8460,tick05,10:40:30
8461,tick05,10:40:31
8462,tick05,10:40:31
8463,tick05,10:40:32
8464,tick05,10:40:32
8465,tick05,10:40:33
8466,tick05,10:40:33
8467,tick05,10:40:34
8468,tick05,10:40:34
8469,tick05,10:40:35
8470,tick05,10:40:35
8471,tick05,10:40:36
8472,tick05,10:40:36
8473,tick05,10:40:37
8474,tick05,10:40:37
8475,tick05,10:40:38
8476,tick05,10:40:38
8477,tick05,10:40:39
8478,tick05,10:40:39
8479,tick05,10:40:40
8480,tick05,10:40:40
8481,tick05,10:40:41
8482,tick05,10:40:41
8483,tick05,10:40:42
8484,tick05,10:40:42
8485,tick05,10:40:43
8486,tick05,10:40:43
8487,tick05,10:40:44
8488,tick05,10:40:44
8489,tick05,10:40:45
8490,tick05,10:40:45
8491,tick05,10:40:46
8492,tick05,10:40:46
8493,tick05,10:40:47
8494,tick05,10:40:47
8495,tick05,10:40:48
8496,tick05,10:40:48
8497,tick05,10:40:49
8498,tick05,10:40:49
8499,tick05,10:40:50
8500,tick05,10:40:50
8501,tick05,10:40:51
8502,tick05,10:40:51
8503,tick05,10:40:52
8504,tick05,10:40:52
8505,tick05,10:40:53
8506,tick05,10:40:53
8507,tick05,10:40:54
8508,tick05,10:40:54
8509,tick05,10:40:55
8510,tick05,10:40:55
8511,tick05,10:40:56
8512,tick05,10:40:56
8513,tick05,10:40:57
8514,tick05,10:40:57
8515,tick05,10:40:58
8516,tick05,10:40:58
8517,tick05,10:40:59
8518,tick05,10:40:59
8519,tick05,10:41:00
8520,tick05,10:41:00
8521,tick05,10:41:01
8522,tick05,10:41:01
8523,tick05,10:41:02
8524,tick05,10:41:02
8525,tick05,10:41:03
8526,tick05,10:41:03
8527,tick05,10:41:04
8528,tick05,10:41:04
8529,tick05,10:41:05
8530,tick05,10:41:05
8531,tick05,10:41:06
8532,tick05,10:41:06
8533,tick05,10:41:07
8534,tick05,10:41:07
8535,tick05,10:41:08
8536,tick05,10:41:08
8537,tick05,10:41:09
8538,tick05,10:41:09
8539,tick05,10:41:10
8540,tick05,10:41:10
8541,tick05,10:41:11
8542,tick05,10:41:11
8543,tick05,10:41:12
8544,tick05,10:41:12
8545,tick05,10:41:13
8546,tick05,10:41:13
8547,tick05,10:41:14
8548,tick05,10:41:14
8549,tick05,10:41:15
8550,tick05,10:41:15
8551,tick05,10:41:16
8552,tick05,10:41:16
8553,tick05,10:41:17
8554,tick05,10:41:17
8555,tick05,10:41:18
8556,tick05,10:41:18
8557,tick05,10:41:19
8558,tick05,10:41:19
8559,tick05,10:41:20
8560,tick05,10:41:20
8561,tick05,10:41:21
8562,tick05,10:41:21
8563,tick05,10:41:22
8564,tick05,10:41:22
8565,tick05,10:41:23
8566,tick05,10:41:23
8567,tick05,10:41:24
8568,tick05,10:41:24
8569,tick05,10:41:25
8570,tick05,10:41:25
8571,tick05,10:41:26
8572,tick05,10:41:26
8573,tick05,10:41:27
8574,tick05,10:41:27
8575,tick05,10:41:28
8576,tick05,10:41:28
8577,tick05,10:41:29
8578,tick05,10:41:29
8579,tick05,10:41:30
8580,tick05,10:41:30
8581,tick05,10:41:31
8582,tick05,10:41:31
8583,tick05,10:41:32
8584,tick05,10:41:32
8585,tick05,10:41:33
8586,tick05,10:41:33
8587,tick05,10:41:34
8588,tick05,10:41:34
8589,tick05,10:41:35
8590,tick05,10:41:35
8591,tick05,10:41:36
8592,tick05,10:41:36
8593,tick05,10:41:37
8594,tick05,10:41:37
8595,tick05,10:41:38
8596,tick05,10:41:38
8597,tick05,10:41:39
8598,tick05,10:41:39
8599,tick05,10:41:40
8600,tick05,10:41:40
8601,tick05,10:41:41
8602,tick05,10:41:41
8603,tick05,10:41:42
8604,tick05,10:41:42
8605,tick05,10:41:43
8606,tick05,10:41:43
8607,tick05,10:41:44
8608,tick05,10:41:44
8609,tick05,10:41:45
8610,tick05,10:41:45
8611,tick05,10:41:46
8612,tick05,10:41:46
8613,tick05,10:41:47
8614,tick05,10:41:47
8615,tick05,10:41:48
8616,tick05,10:41:48
8617,tick05,10:41:49
8618,tick05,10:41:49
8619,tick05,10:41:50
8620,tick05,10:41:50
8621,tick05,10:41:51
8622,tick05,10:41:51
8623,tick05,10:41:52
8624,tick05,10:41:52
8625,tick05,10:41:53
8626,tick05,10:41:53
8627,tick05,10:41:54
8628,tick05,10:41:54
8629,tick05,10:41:55
8630,tick05,10:41:55
8631,tick05,10:41:56
8632,tick05,10:41:56
8633,tick05,10:41:57
8634,tick05,10:41:57
8635,tick05,10:41:58
8636,tick05,10:41:58
8637,tick05,10:41:59
8638,tick05,10:41:59
8639,tick05,10:42:00
8640,tick05,10:42:00
8641,tick05,10:42:01
8642,tick05,10:42:01
8643,tick05,10:42:02
8644,tick05,10:42:02
8645,tick05,10:42:03
8646,tick05,10:42:03
8647,tick05,10:42:04
8648,tick05,10:42:04
8649,tick05,10:42:05
8650,tick05,10:42:05
8651,tick05,10:42:06
8652,tick05,10:42:06
8653,tick05,10:42:07
8654,tick05,10:42:07
8655,tick05,10:42:08
8656,tick05,10:42:08
8657,tick05,10:42:09
8658,tick05,10:42:09
8659,tick05,10:42:10
8660,tick05,10:42:10
8661,tick05,10:42:11
8662,tick05,10:42:11
8663,tick05,10:42:12
8664,tick05,10:42:12
8665,tick05,10:42:13
8666,tick05,10:42:13
8667,tick05,10:42:14
8668,tick05,10:42:14
8669,tick05,10:42:15
8670,tick05,10:42:15
8671,tick05,10:42:16
8672,tick05,10:42:16
8673,tick05,10:42:17
8674,tick05,10:42:17
8675,tick05,10:42:18
8676,tick05,10:42:18
8677,tick05,10:42:19
8678,tick05,10:42:19
8679,tick05,10:42:20
8680,tick05,10:42:20
8681,tick05,10:42:21
8682,tick05,10:42:21
8683,tick05,10:42:22
8684,tick05,10:42:22
8685,tick05,10:42:23
8686,tick05,10:42:23
8687,tick05,10:42:24
8688,tick05,10:42:24
8689,tick05,10:42:25
8690,tick05,10:42:25
8691,tick05,10:42:26
8692,tick05,10:42:26
8693,tick05,10:42:27
8694,tick05,10:42:27
8695,tick05,10:42:28
8696,tick05,10:42:28
8697,tick05,10:42:29
8698,tick05,10:42:29
8699,tick05,10:42:30
8700,tick05,10:42:30
8701,tick05,10:42:31
8702,tick05,10:42:31
8703,tick05,10:42:32
8704,tick05,10:42:32
8705,tick05,10:42:33
8706,tick05,10:42:33
8707,tick05,10:42:34
8708,tick05,10:42:34
8709,tick05,10:42:35
8710,tick05,10:42:35
8711,tick05,10:42:36
8712,tick05,10:42:36
8713,tick05,10:42:37
8714,tick05,10:42:37
8715,tick05,10:42:38
8716,tick05,10:42:38
8717,tick05,10:42:39
8718,tick05,10:42:39
8719,tick05,10:42:40
8720,tick05,10:42:40
8721,tick05,10:42:41
8722,tick05,10:42:41
8723,tick05,10:42:42
8724,tick05,10:42:42
8725,tick05,10:42:43
8726,tick05,10:42:43
8727,tick05,10:42:44
8728,tick05,10:42:44
8729,tick05,10:42:45
8730,tick05,10:42:45
8731,tick05,10:42:46
8732,tick05,10:42:46
8733,tick05,10:42:47
8734,tick05,10:42:47
8735,tick05,10:42:48
8736,tick05,10:42:48
8737,tick05,10:42:49
8738,tick05,10:42:49
8739,tick05,10:42:50
8740,tick05,10:42:50
8741,tick05,10:42:51
8742,tick05,10:42:51
8743,tick05,10:42:52
8744,tick05,10:42:52
8745,tick05,10:42:53
8746,tick05,10:42:53
8747,tick05,10:42:54
8748,tick05,10:42:54
8749,tick05,10:42:55
8750,tick05,10:42:55
8751,tick05,10:42:56
8752,tick05,10:42:56
8753,tick05,10:42:57
8754,tick05,10:42:57
8755,tick05,10:42:58
8756,tick05,10:42:58
8757,tick05,10:42:59
8758,tick05,10:42:59
8759,tick05,10:43:00
8760,tick05,10:43:00
8761,tick05,10:43:01
8762,tick05,10:43:01
8763,tick05,10:43:02
8764,tick05,10:43:02
8765,tick05,10:43:03
8766,tick05,10:43:03
8767,tick05,10:43:04
8768,tick05,10:43:04
8769,tick05,10:43:05
8770,tick05,10:43:05
8771,tick05,10:43:06
8772,tick05,10:43:06
8773,tick05,10:43:07
8774,tick05,10:43:07
8775,tick05,10:43:08
8776,tick05,10:43:08
8777,tick05,10:43:09
8778,tick05,10:43:09
8779,tick05,10:43:10
8780,tick05,10:43:10
8781,tick05,10:43:11
8782,tick05,10:43:11
8783,tick05,10:43:12
8784,tick05,10:43:12
8785,tick05,10:43:13
8786,tick05,10:43:13
8787,tick05,10:43:14
8788,tick05,10:43:14
8789,tick05,10:43:15
8790,tick05,10:43:15
8791,tick05,10:43:16
8792,tick05,10:43:16
8793,tick05,10:43:17
8794,tick05,10:43:17
8795,tick05,10:43:18
8796,tick05,10:43:18
8797,tick05,10:43:19
8798,tick05,10:43:19
8799,tick05,10:43:20
8800,tick05,10:43:20
8801,tick05,10:43:21
8802,tick05,10:43:21
8803,tick05,10:43:22
8804,tick05,10:43:22
8805,tick05,10:43:23
8806,tick05,10:43:23
8807,tick05,10:43:24
8808,tick05,10:43:24
8809,tick05,10:43:25
8810,tick05,10:43:25
8811,tick05,10:43:26
8812,tick05,10:43:26
8813,tick05,10:43:27
8814,tick05,10:43:27
8815,tick05,10:43:28
8816,tick05,10:43:28
8817,tick05,10:43:29
8818,tick05,10:43:29
8819,tick05,10:43:30
8820,tick05,10:43:30
8821,tick05,10:43:31
8822,tick05,10:43:31
8823,tick05,10:43:32
8824,tick05,10:43:32
8825,tick05,10:43:33
8826,tick05,10:43:33
8827,tick05,10:43:34
8828,tick05,10:43:34
8829,tick05,10:43:35
8830,tick05,10:43:35
8831,tick05,10:43:36
8832,tick05,10:43:36
8833,tick05,10:43:37
8834,tick05,10:43:37
8835,tick05,10:43:38
8836,tick05,10:43:38
8837,tick05,10:43:39
8838,tick05,10:43:39
8839,tick05,10:43:40
8840,tick05,10:43:40
8841,tick05,10:43:41
8842,tick05,10:43:41
8843,tick05,10:43:42
8844,tick05,10:43:42
8845,tick05,10:43:43
8846,tick05,10:43:43
8847,tick05,10:43:44
8848,tick05,10:43:44
8849,tick05,10:43:45
8850,tick05,10:43:45
8851,tick05,10:43:46
8852,tick05,10:43:46
8853,tick05,10:43:47
8854,tick05,10:43:47
8855,tick05,10:43:48
8856,tick05,10:43:48
8857,tick05,10:43:49
8858,tick05,10:43:49
8859,tick05,10:43:50
8860,tick05,10:43:50
8861,tick05,10:43:51
8862,tick05,10:43:51
8863,tick05,10:43:52
8864,tick05,10:43:52
8865,tick05,10:43:53
8866,tick05,10:43:53
8867,tick05,10:43:54
8868,tick05,10:43:54
8869,tick05,10:43:55
8870,tick05,10:43:55
8871,tick05,10:43:56
8872,tick05,10:43:56
8873,tick05,10:43:57
8874,tick05,10:43:57
8875,tick05,10:43:58
8876,tick05,10:43:58
8877,tick05,10:43:59
8878,tick05,10:43:59
8879,tick05,10:44:00
8880,tick05,10:44:00
8881,tick05,10:44:01
8882,tick05,10:44:01
8883,tick05,10:44:02
8884,tick05,10:44:02
8885,tick05,10:44:03
8886,tick05,10:44:03
8887,tick05,10:44:04
8888,tick05,10:44:04
8889,tick05,10:44:05
8890,tick05,10:44:05
8891,tick05,10:44:06
8892,tick05,10:44:06
8893,tick05,10:44:07
8894,tick05,10:44:07
8895,tick05,10:44:08
8896,tick05,10:44:08
8897,tick05,10:44:09
8898,tick05,10:44:09
8899,tick05,10:44:10
8900,tick05,10:44:10
8901,tick05,10:44:11
8902,tick05,10:44:11
8903,tick05,10:44:12
8904,tick05,10:44:12
8905,tick05,10:44:13
8906,tick05,10:44:13
8907,tick05,10:44:14
8908,tick05,10:44:14
8909,tick05,10:44:15
8910,tick05,10:44:15
8911,tick05,10:44:16
8912,tick05,10:44:16
8913,tick05,10:44:17
8914,tick05,10:44:17
8915,tick05,10:44:18
8916,tick05,10:44:18
8917,tick05,10:44:19
8918,tick05,10:44:19
8919,tick05,10:44:20
8920,tick05,10:44:20
8921,tick05,10:44:21
8922,tick05,10:44:21
8923,tick05,10:44:22
8924,tick05,10:44:22
8925,tick05,10:44:23
8926,tick05,10:44:23
8927,tick05,10:44:24
8928,tick05,10:44:24
8929,tick05,10:44:25
8930,tick05,10:44:25
8931,tick05,10:44:26
8932,tick05,10:44:26
8933,tick05,10:44:27
8934,tick05,10:44:27
8935,tick05,10:44:28
8936,tick05,10:44:28
8937,tick05,10:44:29
8938,tick05,10:44:29
8939,tick05,10:44:30
8940,tick05,10:44:30
8941,tick05,10:44:31
8942,tick05,10:44:31
8943,tick05,10:44:32
8944,tick05,10:44:32
8945,tick05,10:44:33
8946,tick05,10:44:33
8947,tick05,10:44:34
8948,tick05,10:44:34
8949,tick05,10:44:35
8950,tick05,10:44:35
8951,tick05,10:44:36
8952,tick05,10:44:36
8953,tick05,10:44:37
8954,tick05,10:44:37
8955,tick05,10:44:38
8956,tick05,10:44:38
8957,tick05,10:44:39
8958,tick05,10:44:39
8959,tick05,10:44:40
8960,tick05,10:44:40
8961,tick05,10:44:41
8962,tick05,10:44:41
8963,tick05,10:44:42
8964,tick05,10:44:42
8965,tick05,10:44:43
8966,tick05,10:44:43
8967,tick05,10:44:44
8968,tick05,10:44:44
8969,tick05,10:44:45
8970,tick05,10:44:45
8971,tick05,10:44:46
8972,tick05,10:44:46
8973,tick05,10:44:47
8974,tick05,10:44:47
8975,tick05,10:44:48
8976,tick05,10:44:48
8977,tick05,10:44:49
8978,tick05,10:44:49
8979,tick05,10:44:50
8980,tick05,10:44:50
8981,tick05,10:44:51
8982,tick05,10:44:51
8983,tick05,10:44:52
8984,tick05,10:44:52
8985,tick05,10:44:53
8986,tick05,10:44:53
8987,tick05,10:44:54
8988,tick05,10:44:54
8989,tick05,10:44:55
8990,tick05,10:44:55
8991,tick05,10:44:56
8992,tick05,10:44:56
8993,tick05,10:44:57
8994,tick05,10:44:57
8995,tick05,10:44:58
8996,tick05,10:44:58
8997,tick05,10:44:59
8998,tick05,10:44:59
8999,tick05,10:45:00
9000,tick05,10:45:00
9001,tick05,10:45:01
9002,tick05,10:45:01
9003,tick05,10:45:02
9004,tick05,10:45:02
9005,tick05,10:45:03
9006,tick05,10:45:03
9007,tick05,10:45:04
9008,tick05,10:45:04
9009,tick05,10:45:05
9010,tick05,10:45:05
9011,tick05,10:45:06
9012,tick05,10:45:06
9013,tick05,10:45:07
9014,tick05,10:45:07
9015,tick05,10:45:08
9016,tick05,10:45:08
9017,tick05,10:45:09
9018,tick05,10:45:09
9019,tick05,10:45:10
9020,tick05,10:45:10
9021,tick05,10:45:11
9022,tick05,10:45:11
9023,tick05,10:45:12
9024,tick05,10:45:12
9025,tick05,10:45:13
9026,tick05,10:45:13
9027,tick05,10:45:14
9028,tick05,10:45:14
9029,tick05,10:45:15
9030,tick05,10:45:15
9031,tick05,10:45:16
9032,tick05,10:45:16
9033,tick05,10:45:17
9034,tick05,10:45:17
9035,tick05,10:45:18
9036,tick05,10:45:18
9037,tick05,10:45:19
9038,tick05,10:45:19
9039,tick05,10:45:20
9040,tick05,10:45:20
9041,tick05,10:45:21
9042,tick05,10:45:21
9043,tick05,10:45:22
9044,tick05,10:45:22
9045,tick05,10:45:23
9046,tick05,10:45:23
9047,tick05,10:45:24
9048,tick05,10:45:24
9049,tick05,10:45:25
9050,tick05,10:45:25
9051,tick05,10:45:26
9052,tick05,10:45:26
9053,tick05,10:45:27
9054,tick05,10:45:27
9055,tick05,10:45:28
9056,tick05,10:45:28
9057,tick05,10:45:29
9058,tick05,10:45:29
9059,tick05,10:45:30
9060,tick05,10:45:30
9061,tick05,10:45:31
9062,tick05,10:45:31
9063,tick05,10:45:32
9064,tick05,10:45:32
9065,tick05,10:45:33
9066,tick05,10:45:33
9067,tick05,10:45:34
9068,tick05,10:45:34
9069,tick05,10:45:35
9070,tick05,10:45:35
9071,tick05,10:45:36
9072,tick05,10:45:36
9073,tick05,10:45:37
9074,tick05,10:45:37
9075,tick05,10:45:38
9076,tick05,10:45:38
9077,tick05,10:45:39
9078,tick05,10:45:39
9079,tick05,10:45:40
9080,tick05,10:45:40
9081,tick05,10:45:41
9082,tick05,10:45:41
9083,tick05,10:45:42
9084,tick05,10:45:42
9085,tick05,10:45:43
9086,tick05,10:45:43
9087,tick05,10:45:44
9088,tick05,10:45:44
9089,tick05,10:45:45
9090,tick05,10:45:45
9091,tick05,10:45:46
9092,tick05,10:45:46
9093,tick05,10:45:47
9094,tick05,10:45:47
9095,tick05,10:45:48
9096,tick05,10:45:48
9097,tick05,10:45:49
9098,tick05,10:45:49
9099,tick05,10:45:50
9100,tick05,10:45:50
9101,tick05,10:45:51
9102,tick05,10:45:51
9103,tick05,10:45:52
9104,tick05,10:45:52
9105,tick05,10:45:53
9106,tick05,10:45:53
9107,tick05,10:45:54
9108,tick05,10:45:54
9109,tick05,10:45:55
9110,tick05,10:45:55
9111,tick05,10:45:56
9112,tick05,10:45:56
9113,tick05,10:45:57
9114,tick05,10:45:57
9115,tick05,10:45:58
9116,tick05,10:45:58
9117,tick05,10:45:59
9118,tick05,10:45:59
9119,tick05,10:46:00
9120,tick05,10:46:00
9121,tick05,10:46:01
9122,tick05,10:46:01
9123,tick05,10:46:02
9124,tick05,10:46:02
9125,tick05,10:46:03
9126,tick05,10:46:03
9127,tick05,10:46:04
9128,tick05,10:46:04
9129,tick05,10:46:05
9130,tick05,10:46:05
9131,tick05,10:46:06
9132,tick05,10:46:06
9133,tick05,10:46:07
9134,tick05,10:46:07
9135,tick05,10:46:08
9136,tick05,10:46:08
9137,tick05,10:46:09
9138,tick05,10:46:09
9139,tick05,10:46:10
9140,tick05,10:46:10
9141,tick05,10:46:11
9142,tick05,10:46:11
9143,tick05,10:46:12
9144,tick05,10:46:12
9145,tick05,10:46:13
9146,tick05,10:46:13
9147,tick05,10:46:14
9148,tick05,10:46:14
9149,tick05,10:46:15
9150,tick05,10:46:15
9151,tick05,10:46:16
9152,tick05,10:46:16
9153,tick05,10:46:17
9154,tick05,10:46:17
9155,tick05,10:46:18
9156,tick05,10:46:18
9157,tick05,10:46:19
9158,tick05,10:46:19
9159,tick05,10:46:20
9160,tick05,10:46:20
9161,tick05,10:46:21
9162,tick05,10:46:21
9163,tick05,10:46:22
9164,tick05,10:46:22
9165,tick05,10:46:23
9166,tick05,10:46:23
9167,tick05,10:46:24
9168,tick05,10:46:24
9169,tick05,10:46:25
9170,tick05,10:46:25
9171,tick05,10:46:26
9172,tick05,10:46:26
9173,tick05,10:46:27
9174,tick05,10:46:27
9175,tick05,10:46:28
9176,tick05,10:46:28
9177,tick05,10:46:29
9178,tick05,10:46:29
9179,tick05,10:46:30
9180,tick05,10:46:30
9181,tick05,10:46:31
9182,tick05,10:46:31
9183,tick05,10:46:32
9184,tick05,10:46:32
9185,tick05,10:46:33
9186,tick05,10:46:33
9187,tick05,10:46:34
9188,tick05,10:46:34
9189,tick05,10:46:35
9190,tick05,10:46:35
9191,tick05,10:46:36
9192,tick05,10:46:36
9193,tick05,10:46:37
9194,tick05,10:46:37
9195,tick05,10:46:38
9196,tick05,10:46:38
9197,tick05,10:46:39
9198,tick05,10:46:39
9199,tick05,10:46:40
9200,tick05,10:46:40
9201,tick05,10:46:41
9202,tick05,10:46:41
9203,tick05,10:46:42
9204,tick05,10:46:42
9205,tick05,10:46:43
9206,tick05,10:46:43
9207,tick05,10:46:44
9208,tick05,10:46:44
9209,tick05,10:46:45
9210,tick05,10:46:45
9211,tick05,10:46:46
9212,tick05,10:46:46
9213,tick05,10:46:47
9214,tick05,10:46:47
9215,tick05,10:46:48
9216,tick05,10:46:48
9217,tick05,10:46:49
9218,tick05,10:46:49
9219,tick05,10:46:50
9220,tick05,10:46:50
9221,tick05,10:46:51
9222,tick05,10:46:51
9223,tick05,10:46:52
9224,tick05,10:46:52
9225,tick05,10:46:53
9226,tick05,10:46:53
9227,tick05,10:46:54
9228,tick05,10:46:54
9229,tick05,10:46:55
9230,tick05,10:46:55
9231,tick05,10:46:56
9232,tick05,10:46:56
9233,tick05,10:46:57
9234,tick05,10:46:57
9235,tick05,10:46:58
9236,tick05,10:46:58
9237,tick05,10:46:59
9238,tick05,10:46:59
9239,tick05,10:47:00
9240,tick05,10:47:00
9241,tick05,10:47:01
9242,tick05,10:47:01
9243,tick05,10:47:02
9244,tick05,10:47:02
9245,tick05,10:47:03
9246,tick05,10:47:03
9247,tick05,10:47:04
9248,tick05,10:47:04
9249,tick05,10:47:05
9250,tick05,10:47:05
9251,tick05,10:47:06
9252,tick05,10:47:06
9253,tick05,10:47:07
9254,tick05,10:47:07
9255,tick05,10:47:08
9256,tick05,10:47:08
9257,tick05,10:47:09
9258,tick05,10:47:09
9259,tick05,10:47:10
9260,tick05,10:47:10
9261,tick05,10:47:11
9262,tick05,10:47:11
9263,tick05,10:47:12
9264,tick05,10:47:12
9265,tick05,10:47:13
9266,tick05,10:47:13
9267,tick05,10:47:14
9268,tick05,10:47:14
9269,tick05,10:47:15
9270,tick05,10:47:15
9271,tick05,10:47:16
9272,tick05,10:47:16
9273,tick05,10:47:17
9274,tick05,10:47:17
9275,tick05,10:47:18
9276,tick05,10:47:18
9277,tick05,10:47:19
9278,tick05,10:47:19
9279,tick05,10:47:20
9280,tick05,10:47:20
9281,tick05,10:47:21
9282,tick05,10:47:21
9283,tick05,10:47:22
9284,tick05,10:47:22
9285,tick05,10:47:23
9286,tick05,10:47:23
9287,tick05,10:47:24
9288,tick05,10:47:24
9289,tick05,10:47:25
9290,tick05,10:47:25
9291,tick05,10:47:26
9292,tick05,10:47:26
9293,tick05,10:47:27
9294,tick05,10:47:27
9295,tick05,10:47:28
9296,tick05,10:47:28
9297,tick05,10:47:29
9298,tick05,10:47:29
9299,tick05,10:47:30
9300,tick05,10:47:30
9301,tick05,10:47:31
9302,tick05,10:47:31
9303,tick05,10:47:32
9304,tick05,10:47:32
9305,tick05,10:47:33
9306,tick05,10:47:33
9307,tick05,10:47:34
9308,tick05,10:47:34
9309,tick05,10:47:35
9310,tick05,10:47:35
9311,tick05,10:47:36
9312,tick05,10:47:36
9313,tick05,10:47:37
9314,tick05,10:47:37
9315,tick05,10:47:38
9316,tick05,10:47:38
9317,tick05,10:47:39
9318,tick05,10:47:39
9319,tick05,10:47:40
9320,tick05,10:47:40
9321,tick05,10:47:41
9322,tick05,10:47:41
9323,tick05,10:47:42
9324,tick05,10:47:42
9325,tick05,10:47:43
9326,tick05,10:47:43
9327,tick05,10:47:44
9328,tick05,10:47:44
9329,tick05,10:47:45
9330,tick05,10:47:45
9331,tick05,10:47:46
9332,tick05,10:47:46
9333,tick05,10:47:47
9334,tick05,10:47:47
9335,tick05,10:47:48
9336,tick05,10:47:48
9337,tick05,10:47:49
9338,tick05,10:47:49
9339,tick05,10:47:50
9340,tick05,10:47:50
9341,tick05,10:47:51
9342,tick05,10:47:51
9343,tick05,10:47:52
9344,tick05,10:47:52
9345,tick05,10:47:53
9346,tick05,10:47:53
9347,tick05,10:47:54
9348,tick05,10:47:54
9349,tick05,10:47:55
9350,tick05,10:47:55
9351,tick05,10:47:56
9352,tick05,10:47:56
9353,tick05,10:47:57
9354,tick05,10:47:57
9355,tick05,10:47:58
9356,tick05,10:47:58
9357,tick05,10:47:59
9358,tick05,10:47:59
9359,tick05,10:48:00
9360,tick05,10:48:00
9361,tick05,10:48:01
9362,tick05,10:48:01
9363,tick05,10:48:02
9364,tick05,10:48:02
9365,tick05,10:48:03
9366,tick05,10:48:03
9367,tick05,10:48:04
9368,tick05,10:48:04
9369,tick05,10:48:05
9370,tick05,10:48:05
9371,tick05,10:48:06
9372,tick05,10:48:06
9373,tick05,10:48:07
9374,tick05,10:48:07
9375,tick05,10:48:08
9376,tick05,10:48:08
9377,tick05,10:48:09
9378,tick05,10:48:09
9379,tick05,10:48:10
9380,tick05,10:48:10
9381,tick05,10:48:11
9382,tick05,10:48:11
9383,tick05,10:48:12
9384,tick05,10:48:12
9385,tick05,10:48:13
9386,tick05,10:48:13
9387,tick05,10:48:14
9388,tick05,10:48:14
9389,tick05,10:48:15
9390,tick05,10:48:15
9391,tick05,10:48:16
9392,tick05,10:48:16
9393,tick05,10:48:17
9394,tick05,10:48:17
9395,tick05,10:48:18
9396,tick05,10:48:18
9397,tick05,10:48:19
9398,tick05,10:48:19
9399,tick05,10:48:20
9400,tick05,10:48:20
9401,tick05,10:48:21
9402,tick05,10:48:21
9403,tick05,10:48:22
9404,tick05,10:48:22
9405,tick05,10:48:23
9406,tick05,10:48:23
9407,tick05,10:48:24
9408,tick05,10:48:24
9409,tick05,10:48:25
9410,tick05,10:48:25
9411,tick05,10:48:26
9412,tick05,10:48:26
9413,tick05,10:48:27
9414,tick05,10:48:27
9415,tick05,10:48:28
9416,tick05,10:48:28
9417,tick05,10:48:29
9418,tick05,10:48:29
9419,tick05,10:48:30
9420,tick05,10:48:30
9421,tick05,10:48:31
9422,tick05,10:48:31
9423,tick05,10:48:32
9424,tick05,10:48:32
9425,tick05,10:48:33
9426,tick05,10:48:33
9427,tick05,10:48:34
9428,tick05,10:48:34
9429,tick05,10:48:35
9430,tick05,10:48:35
9431,tick05,10:48:36
9432,tick05,10:48:36
9433,tick05,10:48:37
9434,tick05,10:48:37
9435,tick05,10:48:38
9436,tick05,10:48:38
9437,tick05,10:48:39
9438,tick05,10:48:39
9439,tick05,10:48:40
9440,tick05,10:48:40
9441,tick05,10:48:41
9442,tick05,10:48:41
9443,tick05,10:48:42
9444,tick05,10:48:42
9445,tick05,10:48:43
9446,tick05,10:48:43
9447,tick05,10:48:44
9448,tick05,10:48:44
9449,tick05,10:48:45
9450,tick05,10:48:45
9451,tick05,10:48:46
9452,tick05,10:48:46
9453,tick05,10:48:47
9454,tick05,10:48:47
9455,tick05,10:48:48
9456,tick05,10:48:48
9457,tick05,10:48:49
9458,tick05,10:48:49
9459,tick05,10:48:50
9460,tick05,10:48:50
9461,tick05,10:48:51
9462,tick05,10:48:51
9463,tick05,10:48:52
9464,tick05,10:48:52
9465,tick05,10:48:53
9466,tick05,10:48:53
9467,tick05,10:48:54
9468,tick05,10:48:54
9469,tick05,10:48:55
9470,tick05,10:48:55
9471,tick05,10:48:56
9472,tick05,10:48:56
9473,tick05,10:48:57
9474,tick05,10:48:57
9475,tick05,10:48:58
9476,tick05,10:48:58
9477,tick05,10:48:59
9478,tick05,10:48:59
9479,tick05,10:49:00
9480,tick05,10:49:00
9481,tick05,10:49:01
9482,tick05,10:49:01
9483,tick05,10:49:02
9484,tick05,10:49:02
9485,tick05,10:49:03
9486,tick05,10:49:03
9487,tick05,10:49:04
9488,tick05,10:49:04
9489,tick05,10:49:05
9490,tick05,10:49:05
9491,tick05,10:49:06
9492,tick05,10:49:06
9493,tick05,10:49:07
9494,tick05,10:49:07
9495,tick05,10:49:08
9496,tick05,10:49:08
9497,tick05,10:49:09
9498,tick05,10:49:09
9499,tick05,10:49:10
9500,tick05,10:49:10
9501,tick05,10:49:11
9502,tick05,10:49:11
9503,tick05,10:49:12
9504,tick05,10:49:12
9505,tick05,10:49:13
9506,tick05,10:49:13
9507,tick05,10:49:14
9508,tick05,10:49:14
9509,tick05,10:49:15
9510,tick05,10:49:15
9511,tick05,10:49:16
9512,tick05,10:49:16
9513,tick05,10:49:17
9514,tick05,10:49:17
9515,tick05,10:49:18
9516,tick05,10:49:18
9517,tick05,10:49:19
9518,tick05,10:49:19
9519,tick05,10:49:20
9520,tick05,10:49:20
9521,tick05,10:49:21
9522,tick05,10:49:21
9523,tick05,10:49:22
9524,tick05,10:49:22
9525,tick05,10:49:23
9526,tick05,10:49:23
9527,tick05,10:49:24
9528,tick05,10:49:24
9529,tick05,10:49:25
9530,tick05,10:49:25
9531,tick05,10:49:26
9532,tick05,10:49:26
9533,tick05,10:49:27
9534,tick05,10:49:27
9535,tick05,10:49:28
9536,tick05,10:49:28
9537,tick05,10:49:29
9538,tick05,10:49:29
9539,tick05,10:49:30
9540,tick05,10:49:30
9541,tick05,10:49:31
9542,tick05,10:49:31
9543,tick05,10:49:32
9544,tick05,10:49:32
9545,tick05,10:49:33
9546,tick05,10:49:33
9547,tick05,10:49:34
9548,tick05,10:49:34
9549,tick05,10:49:35
9550,tick05,10:49:35
9551,tick05,10:49:36
9552,tick05,10:49:36
9553,tick05,10:49:37
9554,tick05,10:49:37
9555,tick05,10:49:38
9556,tick05,10:49:38
9557,tick05,10:49:39
9558,tick05,10:49:39
9559,tick05,10:49:40
9560,tick05,10:49:40
9561,tick05,10:49:41
9562,tick05,10:49:41
9563,tick05,10:49:42
9564,tick05,10:49:42
9565,tick05,10:49:43
9566,tick05,10:49:43
9567,tick05,10:49:44
9568,tick05,10:49:44
9569,tick05,10:49:45
9570,tick05,10:49:45
9571,tick05,10:49:46
9572,tick05,10:49:46
9573,tick05,10:49:47
9574,tick05,10:49:47
9575,tick05,10:49:48
9576,tick05,10:49:48
9577,tick05,10:49:49
9578,tick05,10:49:49
9579,tick05,10:49:50
9580,tick05,10:49:50
9581,tick05,10:49:51
9582,tick05,10:49:51
9583,tick05,10:49:52
9584,tick05,10:49:52
9585,tick05,10:49:53
9586,tick05,10:49:53
9587,tick05,10:49:54
9588,tick05,10:49:54
9589,tick05,10:49:55
9590,tick05,10:49:55
9591,tick05,10:49:56
9592,tick05,10:49:56
9593,tick05,10:49:57
9594,tick05,10:49:57
9595,tick05,10:49:58
9596,tick05,10:49:58
9597,tick05,10:49:59
9598,tick05,10:49:59
9599,tick05,10:50:00
9600,tick05,10:50:00
9601,tick05,10:50:01
9602,tick05,10:50:01
9603,tick05,10:50:02
9604,tick05,10:50:02
9605,tick05,10:50:03
9606,tick05,10:50:03
9607,tick05,10:50:04
9608,tick05,10:50:04
9609,tick05,10:50:05
9610,tick05,10:50:05
9611,tick05,10:50:06
9612,tick05,10:50:06
9613,tick05,10:50:07
9614,tick05,10:50:07
9615,tick05,10:50:08
9616,tick05,10:50:08
9617,tick05,10:50:09
9618,tick05,10:50:09
9619,tick05,10:50:10
9620,tick05,10:50:10
9621,tick05,10:50:11
9622,tick05,10:50:11
9623,tick05,10:50:12
9624,tick05,10:50:12
9625,tick05,10:50:13
9626,tick05,10:50:13
9627,tick05,10:50:14
9628,tick05,10:50:14
9629,tick05,10:50:15
9630,tick05,10:50:15
9631,tick05,10:50:16
9632,tick05,10:50:16
9633,tick05,10:50:17
9634,tick05,10:50:17
9635,tick05,10:50:18
9636,tick05,10:50:18
9637,tick05,10:50:19
9638,tick05,10:50:19
9639,tick05,10:50:20
9640,tick05,10:50:20
9641,tick05,10:50:21
9642,tick05,10:50:21
9643,tick05,10:50:22
9644,tick05,10:50:22
9645,tick05,10:50:23
9646,tick05,10:50:23
9647,tick05,10:50:24
9648,tick05,10:50:24
9649,tick05,10:50:25
9650,tick05,10:50:25
9651,tick05,10:50:26
9652,tick05,10:50:26
9653,tick05,10:50:27
9654,tick05,10:50:27
9655,tick05,10:50:28
9656,tick05,10:50:28
9657,tick05,10:50:29
9658,tick05,10:50:29
9659,tick05,10:50:30
9660,tick05,10:50:30
9661,tick05,10:50:31
9662,tick05,10:50:31
9663,tick05,10:50:32
9664,tick05,10:50:32
9665,tick05,10:50:33
9666,tick05,10:50:33
9667,tick05,10:50:34
9668,tick05,10:50:34
9669,tick05,10:50:35
9670,tick05,10:50:35
9671,tick05,10:50:36
9672,tick05,10:50:36
9673,tick05,10:50:37
9674,tick05,10:50:37
9675,tick05,10:50:38
9676,tick05,10:50:38
9677,tick05,10:50:39
9678,tick05,10:50:39
9679,tick05,10:50:40
9680,tick05,10:50:40
9681,tick05,10:50:41
9682,tick05,10:50:41
9683,tick05,10:50:42
9684,tick05,10:50:42
9685,tick05,10:50:43
9686,tick05,10:50:43
9687,tick05,10:50:44
9688,tick05,10:50:44
9689,tick05,10:50:45
9690,tick05,10:50:45
9691,tick05,10:50:46
9692,tick05,10:50:46
9693,tick05,10:50:47
9694,tick05,10:50:47
9695,tick05,10:50:48
9696,tick05,10:50:48
9697,tick05,10:50:49
9698,tick05,10:50:49
9699,tick05,10:50:50
9700,tick05,10:50:50
9701,tick05,10:50:51
9702,tick05,10:50:51
9703,tick05,10:50:52
9704,tick05,10:50:52
9705,tick05,10:50:53
9706,tick05,10:50:53
9707,tick05,10:50:54
9708,tick05,10:50:54
9709,tick05,10:50:55
9710,tick05,10:50:55
9711,tick05,10:50:56
9712,tick05,10:50:56
9713,tick05,10:50:57
9714,tick05,10:50:57
9715,tick05,10:50:58
9716,tick05,10:50:58
9717,tick05,10:50:59
9718,tick05,10:50:59
9719,tick05,10:51:00
9720,tick05,10:51:00
9721,tick05,10:51:01
9722,tick05,10:51:01
9723,tick05,10:51:02
9724,tick05,10:51:02
9725,tick05,10:51:03
9726,tick05,10:51:03
9727,tick05,10:51:04
9728,tick05,10:51:04
9729,tick05,10:51:05
9730,tick05,10:51:05
9731,tick05,10:51:06
9732,tick05,10:51:06
9733,tick05,10:51:07
9734,tick05,10:51:07
9735,tick05,10:51:08
9736,tick05,10:51:08
9737,tick05,10:51:09
9738,tick05,10:51:09
9739,tick05,10:51:10
9740,tick05,10:51:10
9741,tick05,10:51:11
9742,tick05,10:51:11
9743,tick05,10:51:12
9744,tick05,10:51:12
9745,tick05,10:51:13
9746,tick05,10:51:13
9747,tick05,10:51:14
9748,tick05,10:51:14
9749,tick05,10:51:15
9750,tick05,10:51:15
9751,tick05,10:51:16
9752,tick05,10:51:16
9753,tick05,10:51:17
9754,tick05,10:51:17
9755,tick05,10:51:18
9756,tick05,10:51:18
9757,tick05,10:51:19
9758,tick05,10:51:19
9759,tick05,10:51:20
9760,tick05,10:51:20
9761,tick05,10:51:21
9762,tick05,10:51:21
9763,tick05,10:51:22
9764,tick05,10:51:22
9765,tick05,10:51:23
9766,tick05,10:51:23
9767,tick05,10:51:24
9768,tick05,10:51:24
9769,tick05,10:51:25
9770,tick05,10:51:25
9771,tick05,10:51:26
9772,tick05,10:51:26
9773,tick05,10:51:27
9774,tick05,10:51:27
9775,tick05,10:51:28
9776,tick05,10:51:28
9777,tick05,10:51:29
9778,tick05,10:51:29
9779,tick05,10:51:30
9780,tick05,10:51:30
9781,tick05,10:51:31
9782,tick05,10:51:31
9783,tick05,10:51:32
9784,tick05,10:51:32
9785,tick05,10:51:33
9786,tick05,10:51:33
9787,tick05,10:51:34
9788,tick05,10:51:34
9789,tick05,10:51:35
9790,tick05,10:51:35
9791,tick05,10:51:36
9792,tick05,10:51:36
9793,tick05,10:51:37
9794,tick05,10:51:37
9795,tick05,10:51:38
9796,tick05,10:51:38
9797,tick05,10:51:39
9798,tick05,10:51:39
9799,tick05,10:51:40
9800,tick05,10:51:40
9801,tick05,10:51:41
9802,tick05,10:51:41
9803,tick05,10:51:42
9804,tick05,10:51:42
9805,tick05,10:51:43
9806,tick05,10:51:43
9807,tick05,10:51:44
9808,tick05,10:51:44
9809,tick05,10:51:45
9810,tick05,10:51:45
9811,tick05,10:51:46
9812,tick05,10:51:46
9813,tick05,10:51:47
9814,tick05,10:51:47
9815,tick05,10:51:48
9816,tick05,10:51:48
9817,tick05,10:51:49
9818,tick05,10:51:49
9819,tick05,10:51:50
9820,tick05,10:51:50
9821,tick05,10:51:51
9822,tick05,10:51:51
9823,tick05,10:51:52
9824,tick05,10:51:52
9825,tick05,10:51:53
9826,tick05,10:51:53
9827,tick05,10:51:54
9828,tick05,10:51:54
9829,tick05,10:51:55
9830,tick05,10:51:55
9831,tick05,10:51:56
9832,tick05,10:51:56
9833,tick05,10:51:57
9834,tick05,10:51:57
9835,tick05,10:51:58
9836,tick05,10:51:58
9837,tick05,10:51:59
9838,tick05,10:51:59
9839,tick05,10:52:00
9840,tick05,10:52:00
9841,tick05,10:52:01
9842,tick05,10:52:01
9843,tick05,10:52:02
9844,tick05,10:52:02
9845,tick05,10:52:03
9846,tick05,10:52:03
9847,tick05,10:52:04
9848,tick05,10:52:04
9849,tick05,10:52:05
9850,tick05,10:52:05
9851,tick05,10:52:06
9852,tick05,10:52:06
9853,tick05,10:52:07
9854,tick05,10:52:07
9855,tick05,10:52:08
9856,tick05,10:52:08
9857,tick05,10:52:09
9858,tick05,10:52:09
9859,tick05,10:52:10
9860,tick05,10:52:10
9861,tick05,10:52:11
9862,tick05,10:52:11
9863,tick05,10:52:12
9864,tick05,10:52:12
9865,tick05,10:52:13
9866,tick05,10:52:13
9867,tick05,10:52:14
9868,tick05,10:52:14
9869,tick05,10:52:15
9870,tick05,10:52:15
9871,tick05,10:52:16
9872,tick05,10:52:16
9873,tick05,10:52:17
9874,tick05,10:52:17
9875,tick05,10:52:18
9876,tick05,10:52:18
9877,tick05,10:52:19
9878,tick05,10:52:19
9879,tick05,10:52:20
9880,tick05,10:52:20
9881,tick05,10:52:21
9882,tick05,10:52:21
9883,tick05,10:52:22
9884,tick05,10:52:22
9885,tick05,10:52:23
9886,tick05,10:52:23
9887,tick05,10:52:24
9888,tick05,10:52:24
9889,tick05,10:52:25
9890,tick05,10:52:25
9891,tick05,10:52:26
9892,tick05,10:52:26
9893,tick05,10:52:27
9894,tick05,10:52:27
9895,tick05,10:52:28
9896,tick05,10:52:28
9897,tick05,10:52:29
9898,tick05,10:52:29
9899,tick05,10:52:30
9900,tick05,10:52:30
9901,tick05,10:52:31
9902,tick05,10:52:31
9903,tick05,10:52:32
9904,tick05,10:52:32
9905,tick05,10:52:33
9906,tick05,10:52:33
9907,tick05,10:52:34
9908,tick05,10:52:34
9909,tick05,10:52:35
9910,tick05,10:52:35
9911,tick05,10:52:36
9912,tick05,10:52:36
9913,tick05,10:52:37
9914,tick05,10:52:37
9915,tick05,10:52:38
9916,tick05,10:52:38
9917,tick05,10:52:39
9918,tick05,10:52:39
9919,tick05,10:52:40
9920,tick05,10:52:40
9921,tick05,10:52:41
9922,tick05,10:52:41
9923,tick05,10:52:42
9924,tick05,10:52:42
9925,tick05,10:52:43
9926,tick05,10:52:43
9927,tick05,10:52:44
9928,tick05,10:52:44
9929,tick05,10:52:45
9930,tick05,10:52:45
9931,tick05,10:52:46
9932,tick05,10:52:46
9933,tick05,10:52:47
9934,tick05,10:52:47
9935,tick05,10:52:48
9936,tick05,10:52:48
9937,tick05,10:52:49
9938,tick05,10:52:49
9939,tick05,10:52:50
9940,tick05,10:52:50
9941,tick05,10:52:51
9942,tick05,10:52:51
9943,tick05,10:52:52
9944,tick05,10:52:52
9945,tick05,10:52:53
9946,tick05,10:52:53
9947,tick05,10:52:54
9948,tick05,10:52:54
9949,tick05,10:52:55
9950,tick05,10:52:55
9951,tick05,10:52:56
9952,tick05,10:52:56
9953,tick05,10:52:57
9954,tick05,10:52:57
9955,tick05,10:52:58
9956,tick05,10:52:58
9957,tick05,10:52:59
9958,tick05,10:52:59
9959,tick05,10:53:00
9960,tick05,10:53:00
9961,tick05,10:53:01
9962,tick05,10:53:01
9963,tick05,10:53:02
9964,tick05,10:53:02
9965,tick05,10:53:03
9966,tick05,10:53:03
9967,tick05,10:53:04
9968,tick05,10:53:04
9969,tick05,10:53:05
9970,tick05,10:53:05
9971,tick05,10:53:06
9972,tick05,10:53:06
9973,tick05,10:53:07
9974,tick05,10:53:07
9975,tick05,10:53:08
9976,tick05,10:53:08
9977,tick05,10:53:09
9978,tick05,10:53:09
9979,tick05,10:53:10
9980,tick05,10:53:10
9981,tick05,10:53:11
9982,tick05,10:53:11
9983,tick05,10:53:12
9984,tick05,10:53:12
9985,tick05,10:53:13
9986,tick05,10:53:13
9987,tick05,10:53:14
9988,tick05,10:53:14
9989,tick05,10:53:15
9990,tick05,10:53:15
9991,tick05,10:53:16
9992,tick05,10:53:16
9993,tick05,10:53:17
9994,tick05,10:53:17
9995,tick05,10:53:18
9996,tick05,10:53:18
9997,tick05,10:53:19
9998,tick05,10:53:19
9999,tick05,10:53:20
10000,tick05,10:53:20
10001,tick05,10:53:21
10002,tick05,10:53:21
10003,tick05,10:53:22
10004,tick05,10:53:22
10005,tick05,10:53:23
10006,tick05,10:53:23
10007,tick05,10:53:24
10008,tick05,10:53:24
10009,tick05,10:53:25
10010,tick05,10:53:25
10011,tick05,10:53:26
10012,tick05,10:53:26
10013,tick05,10:53:27
10014,tick05,10:53:27
10015,tick05,10:53:28
10016,tick05,10:53:28
10017,tick05,10:53:29
10018,tick05,10:53:29
10019,tick05,10:53:30
10020,tick05,10:53:30
10021,tick05,10:53:31
10022,tick05,10:53:31
10023,tick05,10:53:32
10024,tick05,10:53:32
10025,tick05,10:53:33
10026,tick05,10:53:33
10027,tick05,10:53:34
10028,tick05,10:53:34
10029,tick05,10:53:35
10030,tick05,10:53:35
10031,tick05,10:53:36
10032,tick05,10:53:36
10033,tick05,10:53:37
10034,tick05,10:53:37
10035,tick05,10:53:38
10036,tick05,10:53:38
10037,tick05,10:53:39
10038,tick05,10:53:39
10039,tick05,10:53:40
10040,tick05,10:53:40
10041,tick05,10:53:41
10042,tick05,10:53:41
10043,tick05,10:53:42
10044,tick05,10:53:42
10045,tick05,10:53:43
10046,tick05,10:53:43
10047,tick05,10:53:44
10048,tick05,10:53:44
10049,tick05,10:53:45
10050,tick05,10:53:45
10051,tick05,10:53:46
10052,tick05,10:53:46
10053,tick05,10:53:47
10054,tick05,10:53:47
10055,tick05,10:53:48
10056,tick05,10:53:48
10057,tick05,10:53:49
10058,tick05,10:53:49
10059,tick05,10:53:50
10060,tick05,10:53:50
10061,tick05,10:53:51
10062,tick05,10:53:51
10063,tick05,10:53:52
10064,tick05,10:53:52
10065,tick05,10:53:53
10066,tick05,10:53:53
10067,tick05,10:53:54
10068,tick05,10:53:54
10069,tick05,10:53:55
10070,tick05,10:53:55
10071,tick05,10:53:56
10072,tick05,10:53:56
10073,tick05,10:53:57
10074,tick05,10:53:57
10075,tick05,10:53:58
10076,tick05,10:53:58
10077,tick05,10:53:59
10078,tick05,10:53:59
10079,tick05,10:54:00
10080,tick05,10:54:00
10081,tick05,10:54:01
10082,tick05,10:54:01
10083,tick05,10:54:02
10084,tick05,10:54:02
10085,tick05,10:54:03
10086,tick05,10:54:03
10087,tick05,10:54:04
10088,tick05,10:54:04
10089,tick05,10:54:05
10090,tick05,10:54:05
10091,tick05,10:54:06
10092,tick05,10:54:06
10093,tick05,10:54:07
10094,tick05,10:54:07
10095,tick05,10:54:08
10096,tick05,10:54:08
10097,tick05,10:54:09
10098,tick05,10:54:09
10099,tick05,10:54:10
10100,tick05,10:54:10
10101,tick05,10:54:11
10102,tick05,10:54:11
10103,tick05,10:54:12
10104,tick05,10:54:12
10105,tick05,10:54:13
10106,tick05,10:54:13
10107,tick05,10:54:14
10108,tick05,10:54:14
10109,tick05,10:54:15
10110,tick05,10:54:15
10111,tick05,10:54:16
10112,tick05,10:54:16
10113,tick05,10:54:17
10114,tick05,10:54:17
10115,tick05,10:54:18
10116,tick05,10:54:18
10117,tick05,10:54:19
10118,tick05,10:54:19
10119,tick05,10:54:20
10120,tick05,10:54:20
10121,tick05,10:54:21
10122,tick05,10:54:21
10123,tick05,10:54:22
10124,tick05,10:54:22
10125,tick05,10:54:23
10126,tick05,10:54:23
10127,tick05,10:54:24
10128,tick05,10:54:24
10129,tick05,10:54:25
10130,tick05,10:54:25
10131,tick05,10:54:26
10132,tick05,10:54:26
10133,tick05,10:54:27
10134,tick05,10:54:27
10135,tick05,10:54:28
10136,tick05,10:54:28
10137,tick05,10:54:29
10138,tick05,10:54:29
10139,tick05,10:54:30
10140,tick05,10:54:30
10141,tick05,10:54:31
10142,tick05,10:54:31
10143,tick05,10:54:32
10144,tick05,10:54:32
10145,tick05,10:54:33
10146,tick05,10:54:33
10147,tick05,10:54:34
10148,tick05,10:54:34
10149,tick05,10:54:35
10150,tick05,10:54:35
10151,tick05,10:54:36
10152,tick05,10:54:36
10153,tick05,10:54:37
10154,tick05,10:54:37
10155,tick05,10:54:38
10156,tick05,10:54:38
10157,tick05,10:54:39
10158,tick05,10:54:39
10159,tick05,10:54:40
10160,tick05,10:54:40
10161,tick05,10:54:41
10162,tick05,10:54:41
10163,tick05,10:54:42
10164,tick05,10:54:42
10165,tick05,10:54:43
10166,tick05,10:54:43
10167,tick05,10:54:44
10168,tick05,10:54:44
10169,tick05,10:54:45
10170,tick05,10:54:45
10171,tick05,10:54:46
10172,tick05,10:54:46
10173,tick05,10:54:47
10174,tick05,10:54:47
10175,tick05,10:54:48
10176,tick05,10:54:48
10177,tick05,10:54:49
10178,tick05,10:54:49
10179,tick05,10:54:50
10180,tick05,10:54:50
10181,tick05,10:54:51
10182,tick05,10:54:51
10183,tick05,10:54:52
10184,tick05,10:54:52
10185,tick05,10:54:53
10186,tick05,10:54:53
10187,tick05,10:54:54
10188,tick05,10:54:54
10189,tick05,10:54:55
10190,tick05,10:54:55
10191,tick05,10:54:56
10192,tick05,10:54:56
10193,tick05,10:54:57
10194,tick05,10:54:57
10195,tick05,10:54:58
10196,tick05,10:54:58
10197,tick05,10:54:59
10198,tick05,10:54:59
10199,tick05,10:55:00
10200,tick05,10:55:00
10201,tick05,10:55:01
10202,tick05,10:55:01
10203,tick05,10:55:02
10204,tick05,10:55:02
10205,tick05,10:55:03
10206,tick05,10:55:03
10207,tick05,10:55:04
10208,tick05,10:55:04
10209,tick05,10:55:05
10210,tick05,10:55:05
10211,tick05,10:55:06
10212,tick05,10:55:06
10213,tick05,10:55:07
10214,tick05,10:55:07
10215,tick05,10:55:08
10216,tick05,10:55:08
10217,tick05,10:55:09
10218,tick05,10:55:09
10219,tick05,10:55:10
10220,tick05,10:55:10
10221,tick05,10:55:11
10222,tick05,10:55:11
10223,tick05,10:55:12
10224,tick05,10:55:12
10225,tick05,10:55:13
10226,tick05,10:55:13
10227,tick05,10:55:14
10228,tick05,10:55:14
10229,tick05,10:55:15
10230,tick05,10:55:15
10231,tick05,10:55:16
10232,tick05,10:55:16
10233,tick05,10:55:17
10234,tick05,10:55:17
10235,tick05,10:55:18
10236,tick05,10:55:18
10237,tick05,10:55:19
10238,tick05,10:55:19
10239,tick05,10:55:20
10240,tick05,10:55:20
10241,tick05,10:55:21
10242,tick05,10:55:21
10243,tick05,10:55:22
10244,tick05,10:55:22
10245,tick05,10:55:23
10246,tick05,10:55:23
10247,tick05,10:55:24
10248,tick05,10:55:24
10249,tick05,10:55:25
10250,tick05,10:55:25
10251,tick05,10:55:26
10252,tick05,10:55:26
10253,tick05,10:55:27
10254,tick05,10:55:27
10255,tick05,10:55:28
10256,tick05,10:55:28
10257,tick05,10:55:29
10258,tick05,10:55:29
10259,tick05,10:55:30
10260,tick05,10:55:30
10261,tick05,10:55:31
10262,tick05,10:55:31
10263,tick05,10:55:32
10264,tick05,10:55:32
10265,tick05,10:55:33
10266,tick05,10:55:33
10267,tick05,10:55:34
10268,tick05,10:55:34
10269,tick05,10:55:35
10270,tick05,10:55:35
10271,tick05,10:55:36
10272,tick05,10:55:36
10273,tick05,10:55:37
10274,tick05,10:55:37
10275,tick05,10:55:38
10276,tick05,10:55:38
10277,tick05,10:55:39
10278,tick05,10:55:39
10279,tick05,10:55:40
10280,tick05,10:55:40
10281,tick05,10:55:41
10282,tick05,10:55:41
10283,tick05,10:55:42
10284,tick05,10:55:42
10285,tick05,10:55:43
10286,tick05,10:55:43
10287,tick05,10:55:44
10288,tick05,10:55:44
10289,tick05,10:55:45
10290,tick05,10:55:45
10291,tick05,10:55:46
10292,tick05,10:55:46
10293,tick05,10:55:47
10294,tick05,10:55:47
10295,tick05,10:55:48
10296,tick05,10:55:48
10297,tick05,10:55:49
10298,tick05,10:55:49
10299,tick05,10:55:50
10300,tick05,10:55:50
10301,tick05,10:55:51
10302,tick05,10:55:51
10303,tick05,10:55:52
10304,tick05,10:55:52
10305,tick05,10:55:53
10306,tick05,10:55:53
10307,tick05,10:55:54
10308,tick05,10:55:54
10309,tick05,10:55:55
10310,tick05,10:55:55
10311,tick05,10:55:56
10312,tick05,10:55:56
10313,tick05,10:55:57
10314,tick05,10:55:57
10315,tick05,10:55:58
10316,tick05,10:55:58
10317,tick05,10:55:59
10318,tick05,10:55:59
10319,tick05,10:56:00
10320,tick05,10:56:00
10321,tick05,10:56:01
10322,tick05,10:56:01
10323,tick05,10:56:02
10324,tick05,10:56:02
10325,tick05,10:56:03
10326,tick05,10:56:03
10327,tick05,10:56:04
10328,tick05,10:56:04
10329,tick05,10:56:05
10330,tick05,10:56:05
10331,tick05,10:56:06
10332,tick05,10:56:06
10333,tick05,10:56:07
10334,tick05,10:56:07
10335,tick05,10:56:08
10336,tick05,10:56:08
10337,tick05,10:56:09
10338,tick05,10:56:09
10339,tick05,10:56:10
10340,tick05,10:56:10
10341,tick05,10:56:11
10342,tick05,10:56:11
10343,tick05,10:56:12
10344,tick05,10:56:12
10345,tick05,10:56:13
10346,tick05,10:56:13
10347,tick05,10:56:14
10348,tick05,10:56:14
10349,tick05,10:56:15
10350,tick05,10:56:15
10351,tick05,10:56:16
10352,tick05,10:56:16
10353,tick05,10:56:17
10354,tick05,10:56:17
10355,tick05,10:56:18
10356,tick05,10:56:18
10357,tick05,10:56:19
10358,tick05,10:56:19
10359,tick05,10:56:20
10360,tick05,10:56:20
10361,tick05,10:56:21
10362,tick05,10:56:21
10363,tick05,10:56:22
10364,tick05,10:56:22
10365,tick05,10:56:23
10366,tick05,10:56:23
10367,tick05,10:56:24
10368,tick05,10:56:24
10369,tick05,10:56:25
10370,tick05,10:56:25
10371,tick05,10:56:26
10372,tick05,10:56:26
10373,tick05,10:56:27
10374,tick05,10:56:27
10375,tick05,10:56:28
10376,tick05,10:56:28
10377,tick05,10:56:29
10378,tick05,10:56:29
10379,tick05,10:56:30
10380,tick05,10:56:30
10381,tick05,10:56:31
10382,tick05,10:56:31
10383,tick05,10:56:32
10384,tick05,10:56:32
10385,tick05,10:56:33
10386,tick05,10:56:33
10387,tick05,10:56:34
10388,tick05,10:56:34
10389,tick05,10:56:35
10390,tick05,10:56:35
10391,tick05,10:56:36
10392,tick05,10:56:36
10393,tick05,10:56:37
10394,tick05,10:56:37
10395,tick05,10:56:38
10396,tick05,10:56:38
10397,tick05,10:56:39
10398,tick05,10:56:39
10399,tick05,10:56:40
10400,tick05,10:56:40
10401,tick05,10:56:41
10402,tick05,10:56:41
10403,tick05,10:56:42
10404,tick05,10:56:42
10405,tick05,10:56:43
10406,tick05,10:56:43
10407,tick05,10:56:44
10408,tick05,10:56:44
10409,tick05,10:56:45
10410,tick05,10:56:45
10411,tick05,10:56:46
10412,tick05,10:56:46
10413,tick05,10:56:47
10414,tick05,10:56:47
10415,tick05,10:56:48
10416,tick05,10:56:48
10417,tick05,10:56:49
10418,tick05,10:56:49
10419,tick05,10:56:50
10420,tick05,10:56:50
10421,tick05,10:56:51
10422,tick05,10:56:51
10423,tick05,10:56:52
10424,tick05,10:56:52
10425,tick05,10:56:53
10426,tick05,10:56:53
10427,tick05,10:56:54
10428,tick05,10:56:54
10429,tick05,10:56:55
10430,tick05,10:56:55
10431,tick05,10:56:56
10432,tick05,10:56:56
10433,tick05,10:56:57
10434,tick05,10:56:57
10435,tick05,10:56:58
10436,tick05,10:56:58
10437,tick05,10:56:59
10438,tick05,10:56:59
10439,tick05,10:57:00
10440,tick05,10:57:00
10441,tick05,10:57:01
10442,tick05,10:57:01
10443,tick05,10:57:02
10444,tick05,10:57:02
10445,tick05,10:57:03
10446,tick05,10:57:03
10447,tick05,10:57:04
10448,tick05,10:57:04
10449,tick05,10:57:05
10450,tick05,10:57:05
10451,tick05,10:57:06
10452,tick05,10:57:06
10453,tick05,10:57:07
10454,tick05,10:57:07
10455,tick05,10:57:08
10456,tick05,10:57:08
10457,tick05,10:57:09
10458,tick05,10:57:09
10459,tick05,10:57:10
10460,tick05,10:57:10
10461,tick05,10:57:11
10462,tick05,10:57:11
10463,tick05,10:57:12
10464,tick05,10:57:12
10465,tick05,10:57:13
10466,tick05,10:57:13
10467,tick05,10:57:14
10468,tick05,10:57:14
10469,tick05,10:57:15
10470,tick05,10:57:15
10471,tick05,10:57:16
10472,tick05,10:57:16
10473,tick05,10:57:17
10474,tick05,10:57:17
10475,tick05,10:57:18
10476,tick05,10:57:18
10477,tick05,10:57:19
10478,tick05,10:57:19
10479,tick05,10:57:20
10480,tick05,10:57:20
10481,tick05,10:57:21
10482,tick05,10:57:21
10483,tick05,10:57:22
10484,tick05,10:57:22
10485,tick05,10:57:23
10486,tick05,10:57:23
10487,tick05,10:57:24
10488,tick05,10:57:24
10489,tick05,10:57:25
10490,tick05,10:57:25
10491,tick05,10:57:26
10492,tick05,10:57:26
10493,tick05,10:57:27
10494,tick05,10:57:27
10495,tick05,10:57:28
10496,tick05,10:57:28
10497,tick05,10:57:29
10498,tick05,10:57:29
10499,tick05,10:57:30
10500,tick05,10:57:30
10501,tick05,10:57:31
10502,tick05,10:57:31
10503,tick05,10:57:32
10504,tick05,10:57:32
10505,tick05,10:57:33
10506,tick05,10:57:33
10507,tick05,10:57:34
10508,tick05,10:57:34
10509,tick05,10:57:35
10510,tick05,10:57:35
10511,tick05,10:57:36
10512,tick05,10:57:36
10513,tick05,10:57:37
10514,tick05,10:57:37
10515,tick05,10:57:38
10516,tick05,10:57:38
10517,tick05,10:57:39
10518,tick05,10:57:39
10519,tick05,10:57:40
10520,tick05,10:57:40
10521,tick05,10:57:41
10522,tick05,10:57:41
10523,tick05,10:57:42
10524,tick05,10:57:42
10525,tick05,10:57:43
10526,tick05,10:57:43
10527,tick05,10:57:44
10528,tick05,10:57:44
10529,tick05,10:57:45
10530,tick05,10:57:45
10531,tick05,10:57:46
10532,tick05,10:57:46
10533,tick05,10:57:47
10534,tick05,10:57:47
10535,tick05,10:57:48
10536,tick05,10:57:48
10537,tick05,10:57:49
10538,tick05,10:57:49
10539,tick05,10:57:50
10540,tick05,10:57:50
10541,tick05,10:57:51
10542,tick05,10:57:51
10543,tick05,10:57:52
10544,tick05,10:57:52
10545,tick05,10:57:53
10546,tick05,10:57:53
10547,tick05,10:57:54
10548,tick05,10:57:54
10549,tick05,10:57:55
10550,tick05,10:57:55
10551,tick05,10:57:56
10552,tick05,10:57:56
10553,tick05,10:57:57
10554,tick05,10:57:57
10555,tick05,10:57:58
10556,tick05,10:57:58
10557,tick05,10:57:59
10558,tick05,10:57:59
10559,tick05,10:58:00
10560,tick05,10:58:00
10561,tick05,10:58:01
10562,tick05,10:58:01
10563,tick05,10:58:02
10564,tick05,10:58:02
10565,tick05,10:58:03
10566,tick05,10:58:03
10567,tick05,10:58:04
10568,tick05,10:58:04
10569,tick05,10:58:05
10570,tick05,10:58:05
10571,tick05,10:58:06
10572,tick05,10:58:06
10573,tick05,10:58:07
10574,tick05,10:58:07
10575,tick05,10:58:08
10576,tick05,10:58:08
10577,tick05,10:58:09
10578,tick05,10:58:09
10579,tick05,10:58:10
10580,tick05,10:58:10
10581,tick05,10:58:11
10582,tick05,10:58:11
10583,tick05,10:58:12
10584,tick05,10:58:12
10585,tick05,10:58:13
10586,tick05,10:58:13
10587,tick05,10:58:14
10588,tick05,10:58:14
10589,tick05,10:58:15
10590,tick05,10:58:15
10591,tick05,10:58:16
10592,tick05,10:58:16
10593,tick05,10:58:17
10594,tick05,10:58:17
10595,tick05,10:58:18
10596,tick05,10:58:18
10597,tick05,10:58:19
10598,tick05,10:58:19
10599,tick05,10:58:20
10600,tick05,10:58:20
10601,tick05,10:58:21
10602,tick05,10:58:21
10603,tick05,10:58:22
10604,tick05,10:58:22
10605,tick05,10:58:23
10606,tick05,10:58:23
10607,tick05,10:58:24
10608,tick05,10:58:24
10609,tick05,10:58:25
10610,tick05,10:58:25
10611,tick05,10:58:26
10612,tick05,10:58:26
10613,tick05,10:58:27
10614,tick05,10:58:27
10615,tick05,10:58:28
10616,tick05,10:58:28
10617,tick05,10:58:29
10618,tick05,10:58:29
10619,tick05,10:58:30
10620,tick05,10:58:30
10621,tick05,10:58:31
10622,tick05,10:58:31
10623,tick05,10:58:32
10624,tick05,10:58:32
10625,tick05,10:58:33
10626,tick05,10:58:33
10627,tick05,10:58:34
10628,tick05,10:58:34
10629,tick05,10:58:35
10630,tick05,10:58:35
10631,tick05,10:58:36
10632,tick05,10:58:36
10633,tick05,10:58:37
10634,tick05,10:58:37
10635,tick05,10:58:38
10636,tick05,10:58:38
10637,tick05,10:58:39
10638,tick05,10:58:39
10639,tick05,10:58:40
10640,tick05,10:58:40
10641,tick05,10:58:41
10642,tick05,10:58:41
10643,tick05,10:58:42
10644,tick05,10:58:42
10645,tick05,10:58:43
10646,tick05,10:58:43
10647,tick05,10:58:44
10648,tick05,10:58:44
10649,tick05,10:58:45
10650,tick05,10:58:45
10651,tick05,10:58:46
10652,tick05,10:58:46
10653,tick05,10:58:47
10654,tick05,10:58:47
10655,tick05,10:58:48
10656,tick05,10:58:48
10657,tick05,10:58:49
10658,tick05,10:58:49
10659,tick05,10:58:50
10660,tick05,10:58:50
10661,tick05,10:58:51
10662,tick05,10:58:51
10663,tick05,10:58:52
10664,tick05,10:58:52
10665,tick05,10:58:53
10666,tick05,10:58:53
10667,tick05,10:58:54
10668,tick05,10:58:54
10669,tick05,10:58:55
10670,tick05,10:58:55
10671,tick05,10:58:56
10672,tick05,10:58:56
10673,tick05,10:58:57
10674,tick05,10:58:57
10675,tick05,10:58:58
10676,tick05,10:58:58
10677,tick05,10:58:59
10678,tick05,10:58:59
10679,tick05,10:59:00
10680,tick05,10:59:00
10681,tick05,10:59:01
10682,tick05,10:59:01
10683,tick05,10:59:02
10684,tick05,10:59:02
10685,tick05,10:59:03
10686,tick05,10:59:03
10687,tick05,10:59:04
10688,tick05,10:59:04
10689,tick05,10:59:05
10690,tick05,10:59:05
10691,tick05,10:59:06
10692,tick05,10:59:06
10693,tick05,10:59:07
10694,tick05,10:59:07
10695,tick05,10:59:08
10696,tick05,10:59:08
10697,tick05,10:59:09
10698,tick05,10:59:09
10699,tick05,10:59:10
10700,tick05,10:59:10
10701,tick05,10:59:11
10702,tick05,10:59:11
10703,tick05,10:59:12
10704,tick05,10:59:12
10705,tick05,10:59:13
10706,tick05,10:59:13
10707,tick05,10:59:14
10708,tick05,10:59:14
10709,tick05,10:59:15
10710,tick05,10:59:15
10711,tick05,10:59:16
10712,tick05,10:59:16
10713,tick05,10:59:17
10714,tick05,10:59:17
10715,tick05,10:59:18
10716,tick05,10:59:18
10717,tick05,10:59:19
10718,tick05,10:59:19
10719,tick05,10:59:20
10720,tick05,10:59:20
10721,tick05,10:59:21
10722,tick05,10:59:21
10723,tick05,10:59:22
10724,tick05,10:59:22
10725,tick05,10:59:23
10726,tick05,10:59:23
10727,tick05,10:59:24
10728,tick05,10:59:24
10729,tick05,10:59:25
10730,tick05,10:59:25
10731,tick05,10:59:26
10732,tick05,10:59:26
10733,tick05,10:59:27
10734,tick05,10:59:27
10735,tick05,10:59:28
10736,tick05,10:59:28
10737,tick05,10:59:29
10738,tick05,10:59:29
10739,tick05,10:59:30
10740,tick05,10:59:30
10741,tick05,10:59:31
10742,tick05,10:59:31
10743,tick05,10:59:32
10744,tick05,10:59:32
10745,tick05,10:59:33
10746,tick05,10:59:33
10747,tick05,10:59:34
10748,tick05,10:59:34
10749,tick05,10:59:35
10750,tick05,10:59:35
10751,tick05,10:59:36
10752,tick05,10:59:36
10753,tick05,10:59:37
10754,tick05,10:59:37
10755,tick05,10:59:38
10756,tick05,10:59:38
10757,tick05,10:59:39
10758,tick05,10:59:39
10759,tick05,10:59:40
10760,tick05,10:59:40
10761,tick05,10:59:41
10762,tick05,10:59:41
10763,tick05,10:59:42
10764,tick05,10:59:42
10765,tick05,10:59:43
10766,tick05,10:59:43
10767,tick05,10:59:44
10768,tick05,10:59:44
10769,tick05,10:59:45
10770,tick05,10:59:45
10771,tick05,10:59:46
10772,tick05,10:59:46
10773,tick05,10:59:47
10774,tick05,10:59:47
10775,tick05,10:59:48
10776,tick05,10:59:48
10777,tick05,10:59:49
10778,tick05,10:59:49
10779,tick05,10:59:50
10780,tick05,10:59:50
10781,tick05,10:59:51
10782,tick05,10:59:51
10783,tick05,10:59:52
10784,tick05,10:59:52
10785,tick05,10:59:53
10786,tick05,10:59:53
10787,tick05,10:59:54
10788,tick05,10:59:54
10789,tick05,10:59:55
10790,tick05,10:59:55
10791,tick05,10:59:56
10792,tick05,10:59:56
10793,tick05,10:59:57
10794,tick05,10:59:57
10795,tick05,10:59:58
10796,tick05,10:59:58
10797,tick05,10:59:59
10798,tick05,10:59:59
10799,tick05,11:00:00
10800,tick05,11:00:00
10801,tick05,11:00:01
10802,tick05,11:00:01
10803,tick05,11:00:02
10804,tick05,11:00:02
10805,tick05,11:00:03
10806,tick05,11:00:03
10807,tick05,11:00:04
10808,tick05,11:00:04
10809,tick05,11:00:05
10810,tick05,11:00:05
10811,tick05,11:00:06
10812,tick05,11:00:06
10813,tick05,11:00:07
10814,tick05,11:00:07
10815,tick05,11:00:08
10816,tick05,11:00:08
10817,tick05,11:00:09
10818,tick05,11:00:09
10819,tick05,11:00:10
10820,tick05,11:00:10
10821,tick05,11:00:11
10822,tick05,11:00:11
10823,tick05,11:00:12
10824,tick05,11:00:12
10825,tick05,11:00:13
10826,tick05,11:00:13
10827,tick05,11:00:14
10828,tick05,11:00:14
10829,tick05,11:00:15
10830,tick05,11:00:15
10831,tick05,11:00:16
10832,tick05,11:00:16
10833,tick05,11:00:17
10834,tick05,11:00:17
10835,tick05,11:00:18
10836,tick05,11:00:18
10837,tick05,11:00:19
10838,tick05,11:00:19
10839,tick05,11:00:20
10840,tick05,11:00:20
10841,tick05,11:00:21
10842,tick05,11:00:21
10843,tick05,11:00:22
10844,tick05,11:00:22
10845,tick05,11:00:23
10846,tick05,11:00:23
10847,tick05,11:00:24
10848,tick05,11:00:24
10849,tick05,11:00:25
10850,tick05,11:00:25
10851,tick05,11:00:26
10852,tick05,11:00:26
10853,tick05,11:00:27
10854,tick05,11:00:27
10855,tick05,11:00:28
10856,tick05,11:00:28
10857,tick05,11:00:29
10858,tick05,11:00:29
10859,tick05,11:00:30
10860,tick05,11:00:30
10861,tick05,11:00:31
10862,tick05,11:00:31
10863,tick05,11:00:32
10864,tick05,11:00:32
10865,tick05,11:00:33
10866,tick05,11:00:33
10867,tick05,11:00:34
10868,tick05,11:00:34
10869,tick05,11:00:35
10870,tick05,11:00:35
10871,tick05,11:00:36
10872,tick05,11:00:36
10873,tick05,11:00:37
10874,tick05,11:00:37
10875,tick05,11:00:38
10876,tick05,11:00:38
10877,tick05,11:00:39
10878,tick05,11:00:39
10879,tick05,11:00:40
10880,tick05,11:00:40
10881,tick05,11:00:41
10882,tick05,11:00:41
10883,tick05,11:00:42
10884,tick05,11:00:42
10885,tick05,11:00:43
10886,tick05,11:00:43
10887,tick05,11:00:44
10888,tick05,11:00:44
10889,tick05,11:00:45
10890,tick05,11:00:45
10891,tick05,11:00:46
10892,tick05,11:00:46
10893,tick05,11:00:47
10894,tick05,11:00:47
10895,tick05,11:00:48
10896,tick05,11:00:48
10897,tick05,11:00:49
10898,tick05,11:00:49
10899,tick05,11:00:50
10900,tick05,11:00:50
10901,tick05,11:00:51
10902,tick05,11:00:51
10903,tick05,11:00:52
10904,tick05,11:00:52
10905,tick05,11:00:53
10906,tick05,11:00:53
10907,tick05,11:00:54
10908,tick05,11:00:54
10909,tick05,11:00:55
10910,tick05,11:00:55
10911,tick05,11:00:56
10912,tick05,11:00:56
10913,tick05,11:00:57
10914,tick05,11:00:57
10915,tick05,11:00:58
10916,tick05,11:00:58
10917,tick05,11:00:59
10918,tick05,11:00:59
10919,tick05,11:01:00
10920,tick05,11:01:00
10921,tick05,11:01:01
10922,tick05,11:01:01
10923,tick05,11:01:02
10924,tick05,11:01:02
10925,tick05,11:01:03
10926,tick05,11:01:03
10927,tick05,11:01:04
10928,tick05,11:01:04
10929,tick05,11:01:05
10930,tick05,11:01:05
10931,tick05,11:01:06
10932,tick05,11:01:06
10933,tick05,11:01:07
10934,tick05,11:01:07
10935,tick05,11:01:08
10936,tick05,11:01:08
10937,tick05,11:01:09
10938,tick05,11:01:09
10939,tick05,11:01:10
10940,tick05,11:01:10
10941,tick05,11:01:11
10942,tick05,11:01:11
10943,tick05,11:01:12
10944,tick05,11:01:12
10945,tick05,11:01:13
10946,tick05,11:01:13
10947,tick05,11:01:14
10948,tick05,11:01:14
10949,tick05,11:01:15
10950,tick05,11:01:15
10951,tick05,11:01:16
10952,tick05,11:01:16
10953,tick05,11:01:17
10954,tick05,11:01:17
10955,tick05,11:01:18
10956,tick05,11:01:18
10957,tick05,11:01:19
10958,tick05,11:01:19
10959,tick05,11:01:20
10960,tick05,11:01:20
10961,tick05,11:01:21
10962,tick05,11:01:21
10963,tick05,11:01:22
10964,tick05,11:01:22
10965,tick05,11:01:23
10966,tick05,11:01:23
10967,tick05,11:01:24
10968,tick05,11:01:24
10969,tick05,11:01:25
10970,tick05,11:01:25
10971,tick05,11:01:26
10972,tick05,11:01:26
10973,tick05,11:01:27
10974,tick05,11:01:27
10975,tick05,11:01:28
10976,tick05,11:01:28
10977,tick05,11:01:29
10978,tick05,11:01:29
10979,tick05,11:01:30
10980,tick05,11:01:30
10981,tick05,11:01:31
10982,tick05,11:01:31
10983,tick05,11:01:32
10984,tick05,11:01:32
10985,tick05,11:01:33
10986,tick05,11:01:33
10987,tick05,11:01:34
10988,tick05,11:01:34
10989,tick05,11:01:35
10990,tick05,11:01:35
10991,tick05,11:01:36
10992,tick05,11:01:36
10993,tick05,11:01:37
10994,tick05,11:01:37
10995,tick05,11:01:38
10996,tick05,11:01:38
10997,tick05,11:01:39
10998,tick05,11:01:39
10999,tick05,11:01:40
11000,tick05,11:01:40
11001,tick05,11:01:41
11002,tick05,11:01:41
11003,tick05,11:01:42
11004,tick05,11:01:42
11005,tick05,11:01:43
11006,tick05,11:01:43
11007,tick05,11:01:44
11008,tick05,11:01:44
11009,tick05,11:01:45
11010,tick05,11:01:45
11011,tick05,11:01:46
11012,tick05,11:01:46
11013,tick05,11:01:47
11014,tick05,11:01:47
11015,tick05,11:01:48
11016,tick05,11:01:48
11017,tick05,11:01:49
11018,tick05,11:01:49
11019,tick05,11:01:50
11020,tick05,11:01:50
11021,tick05,11:01:51
11022,tick05,11:01:51
11023,tick05,11:01:52
11024,tick05,11:01:52
11025,tick05,11:01:53
11026,tick05,11:01:53
11027,tick05,11:01:54
11028,tick05,11:01:54
11029,tick05,11:01:55
11030,tick05,11:01:55
11031,tick05,11:01:56
11032,tick05,11:01:56
11033,tick05,11:01:57
11034,tick05,11:01:57
11035,tick05,11:01:58
11036,tick05,11:01:58
11037,tick05,11:01:59
11038,tick05,11:01:59
11039,tick05,11:02:00
11040,tick05,11:02:00
11041,tick05,11:02:01
11042,tick05,11:02:01
11043,tick05,11:02:02
11044,tick05,11:02:02
11045,tick05,11:02:03
11046,tick05,11:02:03
11047,tick05,11:02:04
11048,tick05,11:02:04
11049,tick05,11:02:05
11050,tick05,11:02:05
11051,tick05,11:02:06
11052,tick05,11:02:06
11053,tick05,11:02:07
11054,tick05,11:02:07
11055,tick05,11:02:08
11056,tick05,11:02:08
11057,tick05,11:02:09
11058,tick05,11:02:09
11059,tick05,11:02:10
11060,tick05,11:02:10
11061,tick05,11:02:11
11062,tick05,11:02:11
11063,tick05,11:02:12
11064,tick05,11:02:12
11065,tick05,11:02:13
11066,tick05,11:02:13
11067,tick05,11:02:14
11068,tick05,11:02:14
11069,tick05,11:02:15
11070,tick05,11:02:15
11071,tick05,11:02:16
11072,tick05,11:02:16
11073,tick05,11:02:17
11074,tick05,11:02:17
11075,tick05,11:02:18
11076,tick05,11:02:18
11077,tick05,11:02:19
11078,tick05,11:02:19
11079,tick05,11:02:20
11080,tick05,11:02:20
11081,tick05,11:02:21
11082,tick05,11:02:21
11083,tick05,11:02:22
11084,tick05,11:02:22
11085,tick05,11:02:23
11086,tick05,11:02:23
11087,tick05,11:02:24
11088,tick05,11:02:24
11089,tick05,11:02:25
11090,tick05,11:02:25
11091,tick05,11:02:26
11092,tick05,11:02:26
11093,tick05,11:02:27
11094,tick05,11:02:27
11095,tick05,11:02:28
11096,tick05,11:02:28
11097,tick05,11:02:29
11098,tick05,11:02:29
11099,tick05,11:02:30
11100,tick05,11:02:30
11101,tick05,11:02:31
11102,tick05,11:02:31
11103,tick05,11:02:32
11104,tick05,11:02:32
11105,tick05,11:02:33
11106,tick05,11:02:33
11107,tick05,11:02:34
11108,tick05,11:02:34
11109,tick05,11:02:35
11110,tick05,11:02:35
11111,tick05,11:02:36
11112,tick05,11:02:36
11113,tick05,11:02:37
11114,tick05,11:02:37
11115,tick05,11:02:38
11116,tick05,11:02:38
11117,tick05,11:02:39
11118,tick05,11:02:39
11119,tick05,11:02:40
11120,tick05,11:02:40
11121,tick05,11:02:41
11122,tick05,11:02:41
11123,tick05,11:02:42
11124,tick05,11:02:42
11125,tick05,11:02:43
11126,tick05,11:02:43
11127,tick05,11:02:44
11128,tick05,11:02:44
11129,tick05,11:02:45
11130,tick05,11:02:45
11131,tick05,11:02:46
11132,tick05,11:02:46
11133,tick05,11:02:47
11134,tick05,11:02:47
11135,tick05,11:02:48
11136,tick05,11:02:48
11137,tick05,11:02:49
11138,tick05,11:02:49
11139,tick05,11:02:50
11140,tick05,11:02:50
11141,tick05,11:02:51
11142,tick05,11:02:51
11143,tick05,11:02:52
11144,tick05,11:02:52
11145,tick05,11:02:53
11146,tick05,11:02:53
11147,tick05,11:02:54
11148,tick05,11:02:54
11149,tick05,11:02:55
11150,tick05,11:02:55
11151,tick05,11:02:56
11152,tick05,11:02:56
11153,tick05,11:02:57
11154,tick05,11:02:57
11155,tick05,11:02:58
11156,tick05,11:02:58
11157,tick05,11:02:59
11158,tick05,11:02:59
11159,tick05,11:03:00
11160,tick05,11:03:00
11161,tick05,11:03:01
11162,tick05,11:03:01
11163,tick05,11:03:02
11164,tick05,11:03:02
11165,tick05,11:03:03
11166,tick05,11:03:03
11167,tick05,11:03:04
11168,tick05,11:03:04
11169,tick05,11:03:05
11170,tick05,11:03:05
11171,tick05,11:03:06
11172,tick05,11:03:06
11173,tick05,11:03:07
11174,tick05,11:03:07
11175,tick05,11:03:08
11176,tick05,11:03:08
11177,tick05,11:03:09
11178,tick05,11:03:09
11179,tick05,11:03:10
11180,tick05,11:03:10
11181,tick05,11:03:11
11182,tick05,11:03:11
11183,tick05,11:03:12
11184,tick05,11:03:12
11185,tick05,11:03:13
11186,tick05,11:03:13
11187,tick05,11:03:14
11188,tick05,11:03:14
11189,tick05,11:03:15
11190,tick05,11:03:15
11191,tick05,11:03:16
11192,tick05,11:03:16
11193,tick05,11:03:17
11194,tick05,11:03:17
11195,tick05,11:03:18
11196,tick05,11:03:18
11197,tick05,11:03:19
11198,tick05,11:03:19
11199,tick05,11:03:20
11200,tick05,11:03:20
11201,tick05,11:03:21
11202,tick05,11:03:21
11203,tick05,11:03:22
11204,tick05,11:03:22
11205,tick05,11:03:23
11206,tick05,11:03:23
11207,tick05,11:03:24
11208,tick05,11:03:24
11209,tick05,11:03:25
11210,tick05,11:03:25
11211,tick05,11:03:26
11212,tick05,11:03:26
11213,tick05,11:03:27
11214,tick05,11:03:27
11215,tick05,11:03:28
11216,tick05,11:03:28
11217,tick05,11:03:29
11218,tick05,11:03:29
11219,tick05,11:03:30
11220,tick05,11:03:30
11221,tick05,11:03:31
11222,tick05,11:03:31
11223,tick05,11:03:32
11224,tick05,11:03:32
11225,tick05,11:03:33
11226,tick05,11:03:33
11227,tick05,11:03:34
11228,tick05,11:03:34
11229,tick05,11:03:35
11230,tick05,11:03:35
11231,tick05,11:03:36
11232,tick05,11:03:36
11233,tick05,11:03:37
11234,tick05,11:03:37
11235,tick05,11:03:38
11236,tick05,11:03:38
11237,tick05,11:03:39
11238,tick05,11:03:39
11239,tick05,11:03:40
11240,tick05,11:03:40
11241,tick05,11:03:41
11242,tick05,11:03:41
11243,tick05,11:03:42
11244,tick05,11:03:42
11245,tick05,11:03:43
11246,tick05,11:03:43
11247,tick05,11:03:44
11248,tick05,11:03:44
11249,tick05,11:03:45
11250,tick05,11:03:45
11251,tick05,11:03:46
11252,tick05,11:03:46
11253,tick05,11:03:47
11254,tick05,11:03:47
11255,tick05,11:03:48
11256,tick05,11:03:48
11257,tick05,11:03:49
11258,tick05,11:03:49
11259,tick05,11:03:50
11260,tick05,11:03:50
11261,tick05,11:03:51
11262,tick05,11:03:51
11263,tick05,11:03:52
11264,tick05,11:03:52
11265,tick05,11:03:53
11266,tick05,11:03:53
11267,tick05,11:03:54
11268,tick05,11:03:54
11269,tick05,11:03:55
11270,tick05,11:03:55
11271,tick05,11:03:56
11272,tick05,11:03:56
11273,tick05,11:03:57
11274,tick05,11:03:57
11275,tick05,11:03:58
11276,tick05,11:03:58
11277,tick05,11:03:59
11278,tick05,11:03:59
11279,tick05,11:04:00
11280,tick05,11:04:00
11281,tick05,11:04:01
11282,tick05,11:04:01
11283,tick05,11:04:02
11284,tick05,11:04:02
11285,tick05,11:04:03
11286,tick05,11:04:03
11287,tick05,11:04:04
11288,tick05,11:04:04
11289,tick05,11:04:05
11290,tick05,11:04:05
11291,tick05,11:04:06
11292,tick05,11:04:06
11293,tick05,11:04:07
11294,tick05,11:04:07
11295,tick05,11:04:08
11296,tick05,11:04:08
11297,tick05,11:04:09
11298,tick05,11:04:09
11299,tick05,11:04:10
11300,tick05,11:04:10
11301,tick05,11:04:11
11302,tick05,11:04:11
11303,tick05,11:04:12
11304,tick05,11:04:12
11305,tick05,11:04:13
11306,tick05,11:04:13
11307,tick05,11:04:14
11308,tick05,11:04:14
11309,tick05,11:04:15
11310,tick05,11:04:15
11311,tick05,11:04:16
11312,tick05,11:04:16
11313,tick05,11:04:17
11314,tick05,11:04:17
11315,tick05,11:04:18
11316,tick05,11:04:18
11317,tick05,11:04:19
11318,tick05,11:04:19
11319,tick05,11:04:20
11320,tick05,11:04:20
11321,tick05,11:04:21
11322,tick05,11:04:21
11323,tick05,11:04:22
11324,tick05,11:04:22
11325,tick05,11:04:23
11326,tick05,11:04:23
11327,tick05,11:04:24
11328,tick05,11:04:24
11329,tick05,11:04:25
11330,tick05,11:04:25
11331,tick05,11:04:26
11332,tick05,11:04:26
11333,tick05,11:04:27
11334,tick05,11:04:27
11335,tick05,11:04:28
11336,tick05,11:04:28
11337,tick05,11:04:29
11338,tick05,11:04:29
11339,tick05,11:04:30
11340,tick05,11:04:30
11341,tick05,11:04:31
11342,tick05,11:04:31
11343,tick05,11:04:32
11344,tick05,11:04:32
11345,tick05,11:04:33
11346,tick05,11:04:33
11347,tick05,11:04:34
11348,tick05,11:04:34
11349,tick05,11:04:35
11350,tick05,11:04:35
11351,tick05,11:04:36
11352,tick05,11:04:36
11353,tick05,11:04:37
11354,tick05,11:04:37
11355,tick05,11:04:38
11356,tick05,11:04:38
11357,tick05,11:04:39
11358,tick05,11:04:39
11359,tick05,11:04:40
11360,tick05,11:04:40
11361,tick05,11:04:41
11362,tick05,11:04:41
11363,tick05,11:04:42
11364,tick05,11:04:42
11365,tick05,11:04:43
11366,tick05,11:04:43
11367,tick05,11:04:44
11368,tick05,11:04:44
11369,tick05,11:04:45
11370,tick05,11:04:45
11371,tick05,11:04:46
11372,tick05,11:04:46
11373,tick05,11:04:47
11374,tick05,11:04:47
11375,tick05,11:04:48
11376,tick05,11:04:48
11377,tick05,11:04:49
11378,tick05,11:04:49
11379,tick05,11:04:50
11380,tick05,11:04:50
11381,tick05,11:04:51
11382,tick05,11:04:51
11383,tick05,11:04:52
11384,tick05,11:04:52
11385,tick05,11:04:53
11386,tick05,11:04:53
11387,tick05,11:04:54
11388,tick05,11:04:54
11389,tick05,11:04:55
11390,tick05,11:04:55
11391,tick05,11:04:56
11392,tick05,11:04:56
11393,tick05,11:04:57
11394,tick05,11:04:57
11395,tick05,11:04:58
11396,tick05,11:04:58
11397,tick05,11:04:59
11398,tick05,11:04:59
11399,tick05,11:05:00
11400,tick05,11:05:00
11401,tick05,11:05:01
11402,tick05,11:05:01
11403,tick05,11:05:02
11404,tick05,11:05:02
11405,tick05,11:05:03
11406,tick05,11:05:03
11407,tick05,11:05:04
11408,tick05,11:05:04
11409,tick05,11:05:05
11410,tick05,11:05:05
11411,tick05,11:05:06
11412,tick05,11:05:06
11413,tick05,11:05:07
11414,tick05,11:05:07
11415,tick05,11:05:08
11416,tick05,11:05:08
11417,tick05,11:05:09
11418,tick05,11:05:09
11419,tick05,11:05:10
11420,tick05,11:05:10
11421,tick05,11:05:11
11422,tick05,11:05:11
11423,tick05,11:05:12
11424,tick05,11:05:12
11425,tick05,11:05:13
11426,tick05,11:05:13
11427,tick05,11:05:14
11428,tick05,11:05:14
11429,tick05,11:05:15
11430,tick05,11:05:15
11431,tick05,11:05:16
11432,tick05,11:05:16
11433,tick05,11:05:17
11434,tick05,11:05:17
11435,tick05,11:05:18
11436,tick05,11:05:18
11437,tick05,11:05:19
11438,tick05,11:05:19
11439,tick05,11:05:20
11440,tick05,11:05:20
11441,tick05,11:05:21
11442,tick05,11:05:21
11443,tick05,11:05:22
11444,tick05,11:05:22
11445,tick05,11:05:23
11446,tick05,11:05:23
11447,tick05,11:05:24
11448,tick05,11:05:24
11449,tick05,11:05:25
11450,tick05,11:05:25
11451,tick05,11:05:26
11452,tick05,11:05:26
11453,tick05,11:05:27
11454,tick05,11:05:27
11455,tick05,11:05:28
11456,tick05,11:05:28
11457,tick05,11:05:29
11458,tick05,11:05:29
11459,tick05,11:05:30
11460,tick05,11:05:30
11461,tick05,11:05:31
11462,tick05,11:05:31
11463,tick05,11:05:32
11464,tick05,11:05:32
11465,tick05,11:05:33
11466,tick05,11:05:33
11467,tick05,11:05:34
11468,tick05,11:05:34
11469,tick05,11:05:35
11470,tick05,11:05:35
11471,tick05,11:05:36
11472,tick05,11:05:36
11473,tick05,11:05:37
11474,tick05,11:05:37
11475,tick05,11:05:38
11476,tick05,11:05:38
11477,tick05,11:05:39
11478,tick05,11:05:39
11479,tick05,11:05:40
11480,tick05,11:05:40
11481,tick05,11:05:41
11482,tick05,11:05:41
11483,tick05,11:05:42
11484,tick05,11:05:42
11485,tick05,11:05:43
11486,tick05,11:05:43
11487,tick05,11:05:44
11488,tick05,11:05:44
11489,tick05,11:05:45
11490,tick05,11:05:45
11491,tick05,11:05:46
11492,tick05,11:05:46
11493,tick05,11:05:47
11494,tick05,11:05:47
11495,tick05,11:05:48
11496,tick05,11:05:48
11497,tick05,11:05:49
11498,tick05,11:05:49
11499,tick05,11:05:50
11500,tick05,11:05:50
11501,tick05,11:05:51
11502,tick05,11:05:51
11503,tick05,11:05:52
11504,tick05,11:05:52
11505,tick05,11:05:53
11506,tick05,11:05:53
11507,tick05,11:05:54
11508,tick05,11:05:54
11509,tick05,11:05:55
11510,tick05,11:05:55
11511,tick05,11:05:56
11512,tick05,11:05:56
11513,tick05,11:05:57
11514,tick05,11:05:57
11515,tick05,11:05:58
11516,tick05,11:05:58
11517,tick05,11:05:59
11518,tick05,11:05:59
11519,tick05,11:06:00
11520,tick05,11:06:00
11521,tick05,11:06:01
11522,tick05,11:06:01
11523,tick05,11:06:02
11524,tick05,11:06:02
11525,tick05,11:06:03
11526,tick05,11:06:03
11527,tick05,11:06:04
11528,tick05,11:06:04
11529,tick05,11:06:05
11530,tick05,11:06:05
11531,tick05,11:06:06
11532,tick05,11:06:06
11533,tick05,11:06:07
11534,tick05,11:06:07
11535,tick05,11:06:08
11536,tick05,11:06:08
11537,tick05,11:06:09
11538,tick05,11:06:09
11539,tick05,11:06:10
11540,tick05,11:06:10
11541,tick05,11:06:11
11542,tick05,11:06:11
11543,tick05,11:06:12
11544,tick05,11:06:12
11545,tick05,11:06:13
11546,tick05,11:06:13
11547,tick05,11:06:14
11548,tick05,11:06:14
11549,tick05,11:06:15
11550,tick05,11:06:15
11551,tick05,11:06:16
11552,tick05,11:06:16
11553,tick05,11:06:17
11554,tick05,11:06:17
11555,tick05,11:06:18
11556,tick05,11:06:18
11557,tick05,11:06:19
11558,tick05,11:06:19
11559,tick05,11:06:20
11560,tick05,11:06:20
11561,tick05,11:06:21
11562,tick05,11:06:21
11563,tick05,11:06:22
11564,tick05,11:06:22
11565,tick05,11:06:23
11566,tick05,11:06:23
11567,tick05,11:06:24
11568,tick05,11:06:24
11569,tick05,11:06:25
11570,tick05,11:06:25
11571,tick05,11:06:26
11572,tick05,11:06:26
11573,tick05,11:06:27
11574,tick05,11:06:27
11575,tick05,11:06:28
11576,tick05,11:06:28
11577,tick05,11:06:29
11578,tick05,11:06:29
11579,tick05,11:06:30
11580,tick05,11:06:30
11581,tick05,11:06:31
11582,tick05,11:06:31
11583,tick05,11:06:32
11584,tick05,11:06:32
11585,tick05,11:06:33
11586,tick05,11:06:33
11587,tick05,11:06:34
11588,tick05,11:06:34
11589,tick05,11:06:35
11590,tick05,11:06:35
11591,tick05,11:06:36
11592,tick05,11:06:36
11593,tick05,11:06:37
11594,tick05,11:06:37
11595,tick05,11:06:38
11596,tick05,11:06:38
11597,tick05,11:06:39
11598,tick05,11:06:39
11599,tick05,11:06:40
11600,tick05,11:06:40
11601,tick05,11:06:41
11602,tick05,11:06:41
11603,tick05,11:06:42
11604,tick05,11:06:42
11605,tick05,11:06:43
11606,tick05,11:06:43
11607,tick05,11:06:44
11608,tick05,11:06:44
11609,tick05,11:06:45
11610,tick05,11:06:45
11611,tick05,11:06:46
11612,tick05,11:06:46
11613,tick05,11:06:47
11614,tick05,11:06:47
11615,tick05,11:06:48
11616,tick05,11:06:48
11617,tick05,11:06:49
11618,tick05,11:06:49
11619,tick05,11:06:50
11620,tick05,11:06:50
11621,tick05,11:06:51
11622,tick05,11:06:51
11623,tick05,11:06:52
11624,tick05,11:06:52
11625,tick05,11:06:53
11626,tick05,11:06:53
11627,tick05,11:06:54
11628,tick05,11:06:54
11629,tick05,11:06:55
11630,tick05,11:06:55
11631,tick05,11:06:56
11632,tick05,11:06:56
11633,tick05,11:06:57
11634,tick05,11:06:57
11635,tick05,11:06:58
11636,tick05,11:06:58
11637,tick05,11:06:59
11638,tick05,11:06:59
11639,tick05,11:07:00
11640,tick05,11:07:00
11641,tick05,11:07:01
11642,tick05,11:07:01
11643,tick05,11:07:02
11644,tick05,11:07:02
11645,tick05,11:07:03
11646,tick05,11:07:03
11647,tick05,11:07:04
11648,tick05,11:07:04
11649,tick05,11:07:05
11650,tick05,11:07:05
11651,tick05,11:07:06
11652,tick05,11:07:06
11653,tick05,11:07:07
11654,tick05,11:07:07
11655,tick05,11:07:08
11656,tick05,11:07:08
11657,tick05,11:07:09
11658,tick05,11:07:09
11659,tick05,11:07:10
11660,tick05,11:07:10
11661,tick05,11:07:11
11662,tick05,11:07:11
11663,tick05,11:07:12
11664,tick05,11:07:12
11665,tick05,11:07:13
11666,tick05,11:07:13
11667,tick05,11:07:14
11668,tick05,11:07:14
11669,tick05,11:07:15
11670,tick05,11:07:15
11671,tick05,11:07:16
11672,tick05,11:07:16
11673,tick05,11:07:17
11674,tick05,11:07:17
11675,tick05,11:07:18
11676,tick05,11:07:18
11677,tick05,11:07:19
11678,tick05,11:07:19
11679,tick05,11:07:20
11680,tick05,11:07:20
11681,tick05,11:07:21
11682,tick05,11:07:21
11683,tick05,11:07:22
11684,tick05,11:07:22
11685,tick05,11:07:23
11686,tick05,11:07:23
11687,tick05,11:07:24
11688,tick05,11:07:24
11689,tick05,11:07:25
11690,tick05,11:07:25
11691,tick05,11:07:26
11692,tick05,11:07:26
11693,tick05,11:07:27
11694,tick05,11:07:27
11695,tick05,11:07:28
11696,tick05,11:07:28
11697,tick05,11:07:29
11698,tick05,11:07:29
11699,tick05,11:07:30
11700,tick05,11:07:30
11701,tick05,11:07:31
11702,tick05,11:07:31
11703,tick05,11:07:32
11704,tick05,11:07:32
11705,tick05,11:07:33
11706,tick05,11:07:33
11707,tick05,11:07:34
11708,tick05,11:07:34
11709,tick05,11:07:35
11710,tick05,11:07:35
11711,tick05,11:07:36
11712,tick05,11:07:36
11713,tick05,11:07:37
11714,tick05,11:07:37
11715,tick05,11:07:38
11716,tick05,11:07:38
11717,tick05,11:07:39
11718,tick05,11:07:39
11719,tick05,11:07:40
11720,tick05,11:07:40
11721,tick05,11:07:41
11722,tick05,11:07:41
11723,tick05,11:07:42
11724,tick05,11:07:42
11725,tick05,11:07:43
11726,tick05,11:07:43
11727,tick05,11:07:44
11728,tick05,11:07:44
11729,tick05,11:07:45
11730,tick05,11:07:45
11731,tick05,11:07:46
11732,tick05,11:07:46
11733,tick05,11:07:47
11734,tick05,11:07:47
11735,tick05,11:07:48
11736,tick05,11:07:48
11737,tick05,11:07:49
11738,tick05,11:07:49
11739,tick05,11:07:50
11740,tick05,11:07:50
11741,tick05,11:07:51
11742,tick05,11:07:51
11743,tick05,11:07:52
11744,tick05,11:07:52
11745,tick05,11:07:53
11746,tick05,11:07:53
11747,tick05,11:07:54
11748,tick05,11:07:54
11749,tick05,11:07:55
11750,tick05,11:07:55
11751,tick05,11:07:56
11752,tick05,11:07:56
11753,tick05,11:07:57
11754,tick05,11:07:57
11755,tick05,11:07:58
11756,tick05,11:07:58
11757,tick05,11:07:59
11758,tick05,11:07:59
11759,tick05,11:08:00
11760,tick05,11:08:00
11761,tick05,11:08:01
11762,tick05,11:08:01
11763,tick05,11:08:02
11764,tick05,11:08:02
11765,tick05,11:08:03
11766,tick05,11:08:03
11767,tick05,11:08:04
11768,tick05,11:08:04
11769,tick05,11:08:05
11770,tick05,11:08:05
11771,tick05,11:08:06
11772,tick05,11:08:06
11773,tick05,11:08:07
11774,tick05,11:08:07
11775,tick05,11:08:08
11776,tick05,11:08:08
11777,tick05,11:08:09
11778,tick05,11:08:09
11779,tick05,11:08:10
11780,tick05,11:08:10
11781,tick05,11:08:11
11782,tick05,11:08:11
11783,tick05,11:08:12
11784,tick05,11:08:12
11785,tick05,11:08:13
11786,tick05,11:08:13
11787,tick05,11:08:14
11788,tick05,11:08:14
11789,tick05,11:08:15
11790,tick05,11:08:15
11791,tick05,11:08:16
11792,tick05,11:08:16
11793,tick05,11:08:17
11794,tick05,11:08:17
11795,tick05,11:08:18
11796,tick05,11:08:18
11797,tick05,11:08:19
11798,tick05,11:08:19
11799,tick05,11:08:20
11800,tick05,11:08:20
11801,tick05,11:08:21
11802,tick05,11:08:21
11803,tick05,11:08:22
11804,tick05,11:08:22
11805,tick05,11:08:23
11806,tick05,11:08:23
11807,tick05,11:08:24
11808,tick05,11:08:24
11809,tick05,11:08:25
11810,tick05,11:08:25
11811,tick05,11:08:26
11812,tick05,11:08:26
11813,tick05,11:08:27
11814,tick05,11:08:27
11815,tick05,11:08:28
11816,tick05,11:08:28
11817,tick05,11:08:29
11818,tick05,11:08:29
11819,tick05,11:08:30
11820,tick05,11:08:30
11821,tick05,11:08:31
11822,tick05,11:08:31
11823,tick05,11:08:32
11824,tick05,11:08:32
11825,tick05,11:08:33
11826,tick05,11:08:33
11827,tick05,11:08:34
11828,tick05,11:08:34
11829,tick05,11:08:35
11830,tick05,11:08:35
11831,tick05,11:08:36
11832,tick05,11:08:36
11833,tick05,11:08:37
11834,tick05,11:08:37
11835,tick05,11:08:38
11836,tick05,11:08:38
11837,tick05,11:08:39
11838,tick05,11:08:39
11839,tick05,11:08:40
11840,tick05,11:08:40
11841,tick05,11:08:41
11842,tick05,11:08:41
11843,tick05,11:08:42
11844,tick05,11:08:42
11845,tick05,11:08:43
11846,tick05,11:08:43
11847,tick05,11:08:44
11848,tick05,11:08:44
11849,tick05,11:08:45
11850,tick05,11:08:45
11851,tick05,11:08:46
11852,tick05,11:08:46
11853,tick05,11:08:47
11854,tick05,11:08:47
11855,tick05,11:08:48
11856,tick05,11:08:48
11857,tick05,11:08:49
11858,tick05,11:08:49
11859,tick05,11:08:50
11860,tick05,11:08:50
11861,tick05,11:08:51
11862,tick05,11:08:51
11863,tick05,11:08:52
11864,tick05,11:08:52
11865,tick05,11:08:53
11866,tick05,11:08:53
11867,tick05,11:08:54
11868,tick05,11:08:54
11869,tick05,11:08:55
11870,tick05,11:08:55
11871,tick05,11:08:56
11872,tick05,11:08:56
11873,tick05,11:08:57
11874,tick05,11:08:57
11875,tick05,11:08:58
11876,tick05,11:08:58
11877,tick05,11:08:59
11878,tick05,11:08:59
11879,tick05,11:09:00
11880,tick05,11:09:00
11881,tick05,11:09:01
11882,tick05,11:09:01
11883,tick05,11:09:02
11884,tick05,11:09:02
11885,tick05,11:09:03
11886,tick05,11:09:03
11887,tick05,11:09:04
11888,tick05,11:09:04
11889,tick05,11:09:05
11890,tick05,11:09:05
11891,tick05,11:09:06
11892,tick05,11:09:06
11893,tick05,11:09:07
11894,tick05,11:09:07
11895,tick05,11:09:08
11896,tick05,11:09:08
11897,tick05,11:09:09
11898,tick05,11:09:09
11899,tick05,11:09:10
11900,tick05,11:09:10
11901,tick05,11:09:11
11902,tick05,11:09:11
11903,tick05,11:09:12
11904,tick05,11:09:12
11905,tick05,11:09:13
11906,tick05,11:09:13
11907,tick05,11:09:14
11908,tick05,11:09:14
11909,tick05,11:09:15
11910,tick05,11:09:15
11911,tick05,11:09:16
11912,tick05,11:09:16
11913,tick05,11:09:17
11914,tick05,11:09:17
11915,tick05,11:09:18
11916,tick05,11:09:18
11917,tick05,11:09:19
11918,tick05,11:09:19
11919,tick05,11:09:20
11920,tick05,11:09:20
11921,tick05,11:09:21
11922,tick05,11:09:21
11923,tick05,11:09:22
11924,tick05,11:09:22
11925,tick05,11:09:23
11926,tick05,11:09:23
11927,tick05,11:09:24
11928,tick05,11:09:24
11929,tick05,11:09:25
11930,tick05,11:09:25
11931,tick05,11:09:26
11932,tick05,11:09:26
11933,tick05,11:09:27
11934,tick05,11:09:27
11935,tick05,11:09:28
11936,tick05,11:09:28
11937,tick05,11:09:29
11938,tick05,11:09:29
11939,tick05,11:09:30
11940,tick05,11:09:30
11941,tick05,11:09:31
11942,tick05,11:09:31
11943,tick05,11:09:32
11944,tick05,11:09:32
11945,tick05,11:09:33
11946,tick05,11:09:33
11947,tick05,11:09:34
11948,tick05,11:09:34
11949,tick05,11:09:35
11950,tick05,11:09:35
11951,tick05,11:09:36
11952,tick05,11:09:36
11953,tick05,11:09:37
11954,tick05,11:09:37
11955,tick05,11:09:38
11956,tick05,11:09:38
11957,tick05,11:09:39
11958,tick05,11:09:39
11959,tick05,11:09:40
11960,tick05,11:09:40
11961,tick05,11:09:41
11962,tick05,11:09:41
11963,tick05,11:09:42
11964,tick05,11:09:42
11965,tick05,11:09:43
11966,tick05,11:09:43
11967,tick05,11:09:44
11968,tick05,11:09:44
11969,tick05,11:09:45
11970,tick05,11:09:45
11971,tick05,11:09:46
11972,tick05,11:09:46
11973,tick05,11:09:47
11974,tick05,11:09:47
11975,tick05,11:09:48
11976,tick05,11:09:48
11977,tick05,11:09:49
11978,tick05,11:09:49
11979,tick05,11:09:50
11980,tick05,11:09:50
11981,tick05,11:09:51
11982,tick05,11:09:51
11983,tick05,11:09:52
11984,tick05,11:09:52
11985,tick05,11:09:53
11986,tick05,11:09:53
11987,tick05,11:09:54
11988,tick05,11:09:54
11989,tick05,11:09:55
11990,tick05,11:09:55
11991,tick05,11:09:56
11992,tick05,11:09:56
11993,tick05,11:09:57
11994,tick05,11:09:57
11995,tick05,11:09:58
11996,tick05,11:09:58
11997,tick05,11:09:59
11998,tick05,11:09:59
11999,tick05,11:10:00
12000,tick05,11:10:00
12001,tick05,11:10:01
12002,tick05,11:10:01
12003,tick05,11:10:02
12004,tick05,11:10:02
12005,tick05,11:10:03
12006,tick05,11:10:03
12007,tick05,11:10:04
12008,tick05,11:10:04
12009,tick05,11:10:05
12010,tick05,11:10:05
12011,tick05,11:10:06
12012,tick05,11:10:06
12013,tick05,11:10:07
12014,tick05,11:10:07
12015,tick05,11:10:08
12016,tick05,11:10:08
12017,tick05,11:10:09
12018,tick05,11:10:09
12019,tick05,11:10:10
12020,tick05,11:10:10
12021,tick05,11:10:11
12022,tick05,11:10:11
12023,tick05,11:10:12
12024,tick05,11:10:12
12025,tick05,11:10:13
12026,tick05,11:10:13
12027,tick05,11:10:14
12028,tick05,11:10:14
12029,tick05,11:10:15
12030,tick05,11:10:15
12031,tick05,11:10:16
12032,tick05,11:10:16
12033,tick05,11:10:17
12034,tick05,11:10:17
12035,tick05,11:10:18
12036,tick05,11:10:18
12037,tick05,11:10:19
12038,tick05,11:10:19
12039,tick05,11:10:20
12040,tick05,11:10:20
12041,tick05,11:10:21
12042,tick05,11:10:21
12043,tick05,11:10:22
12044,tick05,11:10:22
12045,tick05,11:10:23
12046,tick05,11:10:23
12047,tick05,11:10:24
12048,tick05,11:10:24
12049,tick05,11:10:25
12050,tick05,11:10:25
12051,tick05,11:10:26
12052,tick05,11:10:26
12053,tick05,11:10:27
12054,tick05,11:10:27
12055,tick05,11:10:28
12056,tick05,11:10:28
12057,tick05,11:10:29
12058,tick05,11:10:29
12059,tick05,11:10:30
12060,tick05,11:10:30
12061,tick05,11:10:31
12062,tick05,11:10:31
12063,tick05,11:10:32
12064,tick05,11:10:32
12065,tick05,11:10:33
12066,tick05,11:10:33
12067,tick05,11:10:34
12068,tick05,11:10:34
12069,tick05,11:10:35
12070,tick05,11:10:35
12071,tick05,11:10:36
12072,tick05,11:10:36
12073,tick05,11:10:37
12074,tick05,11:10:37
12075,tick05,11:10:38
12076,tick05,11:10:38
12077,tick05,11:10:39
12078,tick05,11:10:39
12079,tick05,11:10:40
12080,tick05,11:10:40
12081,tick05,11:10:41
12082,tick05,11:10:41
12083,tick05,11:10:42
12084,tick05,11:10:42
12085,tick05,11:10:43
12086,tick05,11:10:43
12087,tick05,11:10:44
12088,tick05,11:10:44
12089,tick05,11:10:45
12090,tick05,11:10:45
12091,tick05,11:10:46
12092,tick05,11:10:46
12093,tick05,11:10:47
12094,tick05,11:10:47
12095,tick05,11:10:48
12096,tick05,11:10:48
12097,tick05,11:10:49
12098,tick05,11:10:49
12099,tick05,11:10:50
12100,tick05,11:10:50
12101,tick05,11:10:51
12102,tick05,11:10:51
12103,tick05,11:10:52
12104,tick05,11:10:52
12105,tick05,11:10:53
12106,tick05,11:10:53
12107,tick05,11:10:54
12108,tick05,11:10:54
12109,tick05,11:10:55
12110,tick05,11:10:55
12111,tick05,11:10:56
12112,tick05,11:10:56
12113,tick05,11:10:57
12114,tick05,11:10:57
12115,tick05,11:10:58
12116,tick05,11:10:58
12117,tick05,11:10:59
12118,tick05,11:10:59
12119,tick05,11:11:00
12120,tick05,11:11:00
12121,tick05,11:11:01
12122,tick05,11:11:01
12123,tick05,11:11:02
12124,tick05,11:11:02
12125,tick05,11:11:03
12126,tick05,11:11:03
12127,tick05,11:11:04
12128,tick05,11:11:04
12129,tick05,11:11:05
12130,tick05,11:11:05
12131,tick05,11:11:06
12132,tick05,11:11:06
12133,tick05,11:11:07
12134,tick05,11:11:07
12135,tick05,11:11:08
12136,tick05,11:11:08
12137,tick05,11:11:09
12138,tick05,11:11:09
12139,tick05,11:11:10
12140,tick05,11:11:10
12141,tick05,11:11:11
12142,tick05,11:11:11
12143,tick05,11:11:12
12144,tick05,11:11:12
12145,tick05,11:11:13
12146,tick05,11:11:13
12147,tick05,11:11:14
12148,tick05,11:11:14
12149,tick05,11:11:15
12150,tick05,11:11:15
12151,tick05,11:11:16
12152,tick05,11:11:16
12153,tick05,11:11:17
12154,tick05,11:11:17
12155,tick05,11:11:18
12156,tick05,11:11:18
12157,tick05,11:11:19
12158,tick05,11:11:19
12159,tick05,11:11:20
12160,tick05,11:11:20
12161,tick05,11:11:21
12162,tick05,11:11:21
12163,tick05,11:11:22
12164,tick05,11:11:22
12165,tick05,11:11:23
12166,tick05,11:11:23
12167,tick05,11:11:24
12168,tick05,11:11:24
12169,tick05,11:11:25
12170,tick05,11:11:25
12171,tick05,11:11:26
12172,tick05,11:11:26
12173,tick05,11:11:27
12174,tick05,11:11:27
12175,tick05,11:11:28
12176,tick05,11:11:28
12177,tick05,11:11:29
12178,tick05,11:11:29
12179,tick05,11:11:30
12180,tick05,11:11:30
12181,tick05,11:11:31
12182,tick05,11:11:31
12183,tick05,11:11:32
12184,tick05,11:11:32
12185,tick05,11:11:33
12186,tick05,11:11:33
12187,tick05,11:11:34
12188,tick05,11:11:34
12189,tick05,11:11:35
12190,tick05,11:11:35
12191,tick05,11:11:36
12192,tick05,11:11:36
12193,tick05,11:11:37
12194,tick05,11:11:37
12195,tick05,11:11:38
12196,tick05,11:11:38
12197,tick05,11:11:39
12198,tick05,11:11:39
12199,tick05,11:11:40
12200,tick05,11:11:40
12201,tick05,11:11:41
12202,tick05,11:11:41
12203,tick05,11:11:42
12204,tick05,11:11:42
12205,tick05,11:11:43
12206,tick05,11:11:43
12207,tick05,11:11:44
12208,tick05,11:11:44
12209,tick05,11:11:45
12210,tick05,11:11:45
12211,tick05,11:11:46
12212,tick05,11:11:46
12213,tick05,11:11:47
12214,tick05,11:11:47
12215,tick05,11:11:48
12216,tick05,11:11:48
12217,tick05,11:11:49
12218,tick05,11:11:49
12219,tick05,11:11:50
12220,tick05,11:11:50
12221,tick05,11:11:51
12222,tick05,11:11:51
12223,tick05,11:11:52
12224,tick05,11:11:52
12225,tick05,11:11:53
12226,tick05,11:11:53
12227,tick05,11:11:54
12228,tick05,11:11:54
12229,tick05,11:11:55
12230,tick05,11:11:55
12231,tick05,11:11:56
12232,tick05,11:11:56
12233,tick05,11:11:57
12234,tick05,11:11:57
12235,tick05,11:11:58
12236,tick05,11:11:58
12237,tick05,11:11:59
12238,tick05,11:11:59
12239,tick05,11:12:00
12240,tick05,11:12:00
12241,tick05,11:12:01
12242,tick05,11:12:01
12243,tick05,11:12:02
12244,tick05,11:12:02
12245,tick05,11:12:03
12246,tick05,11:12:03
12247,tick05,11:12:04
12248,tick05,11:12:04
12249,tick05,11:12:05
12250,tick05,11:12:05
12251,tick05,11:12:06
12252,tick05,11:12:06
12253,tick05,11:12:07
12254,tick05,11:12:07
12255,tick05,11:12:08
12256,tick05,11:12:08
12257,tick05,11:12:09
12258,tick05,11:12:09
12259,tick05,11:12:10
12260,tick05,11:12:10
12261,tick05,11:12:11
12262,tick05,11:12:11
12263,tick05,11:12:12
12264,tick05,11:12:12
12265,tick05,11:12:13
12266,tick05,11:12:13
12267,tick05,11:12:14
12268,tick05,11:12:14
12269,tick05,11:12:15
12270,tick05,11:12:15
12271,tick05,11:12:16
12272,tick05,11:12:16
12273,tick05,11:12:17
12274,tick05,11:12:17
12275,tick05,11:12:18
12276,tick05,11:12:18
12277,tick05,11:12:19
12278,tick05,11:12:19
12279,tick05,11:12:20
12280,tick05,11:12:20
12281,tick05,11:12:21
12282,tick05,11:12:21
12283,tick05,11:12:22
12284,tick05,11:12:22
12285,tick05,11:12:23
12286,tick05,11:12:23
12287,tick05,11:12:24
12288,tick05,11:12:24
12289,tick05,11:12:25
12290,tick05,11:12:25
12291,tick05,11:12:26
12292,tick05,11:12:26
12293,tick05,11:12:27
12294,tick05,11:12:27
12295,tick05,11:12:28
12296,tick05,11:12:28
12297,tick05,11:12:29
12298,tick05,11:12:29
12299,tick05,11:12:30
12300,tick05,11:12:30
12301,tick05,11:12:31
12302,tick05,11:12:31
12303,tick05,11:12:32
12304,tick05,11:12:32
12305,tick05,11:12:33
12306,tick05,11:12:33
12307,tick05,11:12:34
12308,tick05,11:12:34
12309,tick05,11:12:35
12310,tick05,11:12:35
12311,tick05,11:12:36
12312,tick05,11:12:36
12313,tick05,11:12:37
12314,tick05,11:12:37
12315,tick05,11:12:38
12316,tick05,11:12:38
12317,tick05,11:12:39
12318,tick05,11:12:39
12319,tick05,11:12:40
12320,tick05,11:12:40
12321,tick05,11:12:41
12322,tick05,11:12:41
12323,tick05,11:12:42
12324,tick05,11:12:42
12325,tick05,11:12:43
12326,tick05,11:12:43
12327,tick05,11:12:44
12328,tick05,11:12:44
12329,tick05,11:12:45
12330,tick05,11:12:45
12331,tick05,11:12:46
12332,tick05,11:12:46
12333,tick05,11:12:47
12334,tick05,11:12:47
12335,tick05,11:12:48
12336,tick05,11:12:48
12337,tick05,11:12:49
12338,tick05,11:12:49
12339,tick05,11:12:50
12340,tick05,11:12:50
12341,tick05,11:12:51
12342,tick05,11:12:51
12343,tick05,11:12:52
12344,tick05,11:12:52
12345,tick05,11:12:53
12346,tick05,11:12:53
12347,tick05,11:12:54
12348,tick05,11:12:54
12349,tick05,11:12:55
12350,tick05,11:12:55
12351,tick05,11:12:56
12352,tick05,11:12:56
12353,tick05,11:12:57
12354,tick05,11:12:57
12355,tick05,11:12:58
12356,tick05,11:12:58
12357,tick05,11:12:59
12358,tick05,11:12:59
12359,tick05,11:13:00
12360,tick05,11:13:00
12361,tick05,11:13:01
12362,tick05,11:13:01
12363,tick05,11:13:02
12364,tick05,11:13:02
12365,tick05,11:13:03
12366,tick05,11:13:03
12367,tick05,11:13:04
12368,tick05,11:13:04
12369,tick05,11:13:05
12370,tick05,11:13:05
12371,tick05,11:13:06
12372,tick05,11:13:06
12373,tick05,11:13:07
12374,tick05,11:13:07
12375,tick05,11:13:08
12376,tick05,11:13:08
12377,tick05,11:13:09
12378,tick05,11:13:09
12379,tick05,11:13:10
12380,tick05,11:13:10
12381,tick05,11:13:11
12382,tick05,11:13:11
12383,tick05,11:13:12
12384,tick05,11:13:12
12385,tick05,11:13:13
12386,tick05,11:13:13
12387,tick05,11:13:14
12388,tick05,11:13:14
12389,tick05,11:13:15
12390,tick05,11:13:15
12391,tick05,11:13:16
12392,tick05,11:13:16
12393,tick05,11:13:17
12394,tick05,11:13:17
12395,tick05,11:13:18
12396,tick05,11:13:18
12397,tick05,11:13:19
12398,tick05,11:13:19
12399,tick05,11:13:20
12400,tick05,11:13:20
12401,tick05,11:13:21
12402,tick05,11:13:21
12403,tick05,11:13:22
12404,tick05,11:13:22
12405,tick05,11:13:23
12406,tick05,11:13:23
12407,tick05,11:13:24
12408,tick05,11:13:24
12409,tick05,11:13:25
12410,tick05,11:13:25
12411,tick05,11:13:26
12412,tick05,11:13:26
12413,tick05,11:13:27
12414,tick05,11:13:27
12415,tick05,11:13:28
12416,tick05,11:13:28
12417,tick05,11:13:29
12418,tick05,11:13:29
12419,tick05,11:13:30
12420,tick05,11:13:30
12421,tick05,11:13:31
12422,tick05,11:13:31
12423,tick05,11:13:32
12424,tick05,11:13:32
12425,tick05,11:13:33
12426,tick05,11:13:33
12427,tick05,11:13:34
12428,tick05,11:13:34
12429,tick05,11:13:35
12430,tick05,11:13:35
12431,tick05,11:13:36
12432,tick05,11:13:36
12433,tick05,11:13:37
12434,tick05,11:13:37
12435,tick05,11:13:38
12436,tick05,11:13:38
12437,tick05,11:13:39
12438,tick05,11:13:39
12439,tick05,11:13:40
12440,tick05,11:13:40
12441,tick05,11:13:41
12442,tick05,11:13:41
12443,tick05,11:13:42
12444,tick05,11:13:42
12445,tick05,11:13:43
12446,tick05,11:13:43
12447,tick05,11:13:44
12448,tick05,11:13:44
12449,tick05,11:13:45
12450,tick05,11:13:45
12451,tick05,11:13:46
12452,tick05,11:13:46
12453,tick05,11:13:47
12454,tick05,11:13:47
12455,tick05,11:13:48
12456,tick05,11:13:48
12457,tick05,11:13:49
12458,tick05,11:13:49
12459,tick05,11:13:50
12460,tick05,11:13:50
12461,tick05,11:13:51
12462,tick05,11:13:51
12463,tick05,11:13:52
12464,tick05,11:13:52
12465,tick05,11:13:53
12466,tick05,11:13:53
12467,tick05,11:13:54
12468,tick05,11:13:54
12469,tick05,11:13:55
12470,tick05,11:13:55
12471,tick05,11:13:56
12472,tick05,11:13:56
12473,tick05,11:13:57
12474,tick05,11:13:57
12475,tick05,11:13:58
12476,tick05,11:13:58
12477,tick05,11:13:59
12478,tick05,11:13:59
12479,tick05,11:14:00
12480,tick05,11:14:00
12481,tick05,11:14:01
12482,tick05,11:14:01
12483,tick05,11:14:02
12484,tick05,11:14:02
12485,tick05,11:14:03
12486,tick05,11:14:03
12487,tick05,11:14:04
12488,tick05,11:14:04
12489,tick05,11:14:05
12490,tick05,11:14:05
12491,tick05,11:14:06
12492,tick05,11:14:06
12493,tick05,11:14:07
12494,tick05,11:14:07
12495,tick05,11:14:08
12496,tick05,11:14:08
12497,tick05,11:14:09
12498,tick05,11:14:09
12499,tick05,11:14:10
12500,tick05,11:14:10
12501,tick05,11:14:11
12502,tick05,11:14:11
12503,tick05,11:14:12
12504,tick05,11:14:12
12505,tick05,11:14:13
12506,tick05,11:14:13
12507,tick05,11:14:14
12508,tick05,11:14:14
12509,tick05,11:14:15
12510,tick05,11:14:15
12511,tick05,11:14:16
12512,tick05,11:14:16
12513,tick05,11:14:17
12514,tick05,11:14:17
12515,tick05,11:14:18
12516,tick05,11:14:18
12517,tick05,11:14:19
12518,tick05,11:14:19
12519,tick05,11:14:20
12520,tick05,11:14:20
12521,tick05,11:14:21
12522,tick05,11:14:21
12523,tick05,11:14:22
12524,tick05,11:14:22
12525,tick05,11:14:23
12526,tick05,11:14:23
12527,tick05,11:14:24
12528,tick05,11:14:24
12529,tick05,11:14:25
12530,tick05,11:14:25
12531,tick05,11:14:26
12532,tick05,11:14:26
12533,tick05,11:14:27
12534,tick05,11:14:27
12535,tick05,11:14:28
12536,tick05,11:14:28
12537,tick05,11:14:29
12538,tick05,11:14:29
12539,tick05,11:14:30
12540,tick05,11:14:30
12541,tick05,11:14:31
12542,tick05,11:14:31
12543,tick05,11:14:32
12544,tick05,11:14:32
12545,tick05,11:14:33
12546,tick05,11:14:33
12547,tick05,11:14:34
12548,tick05,11:14:34
12549,tick05,11:14:35
12550,tick05,11:14:35
12551,tick05,11:14:36
12552,tick05,11:14:36
12553,tick05,11:14:37
12554,tick05,11:14:37
12555,tick05,11:14:38
12556,tick05,11:14:38
12557,tick05,11:14:39
12558,tick05,11:14:39
12559,tick05,11:14:40
12560,tick05,11:14:40
12561,tick05,11:14:41
12562,tick05,11:14:41
12563,tick05,11:14:42
12564,tick05,11:14:42
12565,tick05,11:14:43
12566,tick05,11:14:43
12567,tick05,11:14:44
12568,tick05,11:14:44
12569,tick05,11:14:45
12570,tick05,11:14:45
12571,tick05,11:14:46
12572,tick05,11:14:46
12573,tick05,11:14:47
12574,tick05,11:14:47
12575,tick05,11:14:48
12576,tick05,11:14:48
12577,tick05,11:14:49
12578,tick05,11:14:49
12579,tick05,11:14:50
12580,tick05,11:14:50
12581,tick05,11:14:51
12582,tick05,11:14:51
12583,tick05,11:14:52
12584,tick05,11:14:52
12585,tick05,11:14:53
12586,tick05,11:14:53
12587,tick05,11:14:54
12588,tick05,11:14:54
12589,tick05,11:14:55
12590,tick05,11:14:55
12591,tick05,11:14:56
12592,tick05,11:14:56
12593,tick05,11:14:57
12594,tick05,11:14:57
12595,tick05,11:14:58
12596,tick05,11:14:58
12597,tick05,11:14:59
12598,tick05,11:14:59
12599,tick05,11:15:00
12600,tick05,11:15:00
12601,tick05,11:15:01
12602,tick05,11:15:01
12603,tick05,11:15:02
12604,tick05,11:15:02
12605,tick05,11:15:03
12606,tick05,11:15:03
12607,tick05,11:15:04
12608,tick05,11:15:04
12609,tick05,11:15:05
12610,tick05,11:15:05
12611,tick05,11:15:06
12612,tick05,11:15:06
12613,tick05,11:15:07
12614,tick05,11:15:07
12615,tick05,11:15:08
12616,tick05,11:15:08
12617,tick05,11:15:09
12618,tick05,11:15:09
12619,tick05,11:15:10
12620,tick05,11:15:10
12621,tick05,11:15:11
12622,tick05,11:15:11
12623,tick05,11:15:12
12624,tick05,11:15:12
12625,tick05,11:15:13
12626,tick05,11:15:13
12627,tick05,11:15:14
12628,tick05,11:15:14
12629,tick05,11:15:15
12630,tick05,11:15:15
12631,tick05,11:15:16
12632,tick05,11:15:16
12633,tick05,11:15:17
12634,tick05,11:15:17
12635,tick05,11:15:18
12636,tick05,11:15:18
12637,tick05,11:15:19
12638,tick05,11:15:19
12639,tick05,11:15:20
12640,tick05,11:15:20
12641,tick05,11:15:21
12642,tick05,11:15:21
12643,tick05,11:15:22
12644,tick05,11:15:22
12645,tick05,11:15:23
12646,tick05,11:15:23
12647,tick05,11:15:24
12648,tick05,11:15:24
12649,tick05,11:15:25
12650,tick05,11:15:25
12651,tick05,11:15:26
12652,tick05,11:15:26
12653,tick05,11:15:27
12654,tick05,11:15:27
12655,tick05,11:15:28
12656,tick05,11:15:28
12657,tick05,11:15:29
12658,tick05,11:15:29
12659,tick05,11:15:30
12660,tick05,11:15:30
12661,tick05,11:15:31
12662,tick05,11:15:31
12663,tick05,11:15:32
12664,tick05,11:15:32
12665,tick05,11:15:33
12666,tick05,11:15:33
12667,tick05,11:15:34
12668,tick05,11:15:34
12669,tick05,11:15:35
12670,tick05,11:15:35
12671,tick05,11:15:36
12672,tick05,11:15:36
12673,tick05,11:15:37
12674,tick05,11:15:37
12675,tick05,11:15:38
12676,tick05,11:15:38
12677,tick05,11:15:39
12678,tick05,11:15:39
12679,tick05,11:15:40
12680,tick05,11:15:40
12681,tick05,11:15:41
12682,tick05,11:15:41
12683,tick05,11:15:42
12684,tick05,11:15:42
12685,tick05,11:15:43
12686,tick05,11:15:43
12687,tick05,11:15:44
12688,tick05,11:15:44
12689,tick05,11:15:45
12690,tick05,11:15:45
12691,tick05,11:15:46
12692,tick05,11:15:46
12693,tick05,11:15:47
12694,tick05,11:15:47
12695,tick05,11:15:48
12696,tick05,11:15:48
12697,tick05,11:15:49
12698,tick05,11:15:49
12699,tick05,11:15:50
12700,tick05,11:15:50
12701,tick05,11:15:51
12702,tick05,11:15:51
12703,tick05,11:15:52
12704,tick05,11:15:52
12705,tick05,11:15:53
12706,tick05,11:15:53
12707,tick05,11:15:54
12708,tick05,11:15:54
12709,tick05,11:15:55
12710,tick05,11:15:55
12711,tick05,11:15:56
12712,tick05,11:15:56
12713,tick05,11:15:57
12714,tick05,11:15:57
12715,tick05,11:15:58
12716,tick05,11:15:58
12717,tick05,11:15:59
12718,tick05,11:15:59
12719,tick05,11:16:00
12720,tick05,11:16:00
12721,tick05,11:16:01
12722,tick05,11:16:01
12723,tick05,11:16:02
12724,tick05,11:16:02
12725,tick05,11:16:03
12726,tick05,11:16:03
12727,tick05,11:16:04
12728,tick05,11:16:04
12729,tick05,11:16:05
12730,tick05,11:16:05
12731,tick05,11:16:06
12732,tick05,11:16:06
12733,tick05,11:16:07
12734,tick05,11:16:07
12735,tick05,11:16:08
12736,tick05,11:16:08
12737,tick05,11:16:09
12738,tick05,11:16:09
12739,tick05,11:16:10
12740,tick05,11:16:10
12741,tick05,11:16:11
12742,tick05,11:16:11
12743,tick05,11:16:12
12744,tick05,11:16:12
12745,tick05,11:16:13
12746,tick05,11:16:13
12747,tick05,11:16:14
12748,tick05,11:16:14
12749,tick05,11:16:15
12750,tick05,11:16:15
12751,tick05,11:16:16
12752,tick05,11:16:16
12753,tick05,11:16:17
12754,tick05,11:16:17
12755,tick05,11:16:18
12756,tick05,11:16:18
12757,tick05,11:16:19
12758,tick05,11:16:19
12759,tick05,11:16:20
12760,tick05,11:16:20
12761,tick05,11:16:21
12762,tick05,11:16:21
12763,tick05,11:16:22
12764,tick05,11:16:22
12765,tick05,11:16:23
12766,tick05,11:16:23
12767,tick05,11:16:24
12768,tick05,11:16:24
12769,tick05,11:16:25
12770,tick05,11:16:25
12771,tick05,11:16:26
12772,tick05,11:16:26
12773,tick05,11:16:27
12774,tick05,11:16:27
12775,tick05,11:16:28
12776,tick05,11:16:28
12777,tick05,11:16:29
12778,tick05,11:16:29
12779,tick05,11:16:30
12780,tick05,11:16:30
12781,tick05,11:16:31
12782,tick05,11:16:31
12783,tick05,11:16:32
12784,tick05,11:16:32
12785,tick05,11:16:33
12786,tick05,11:16:33
12787,tick05,11:16:34
12788,tick05,11:16:34
12789,tick05,11:16:35
12790,tick05,11:16:35
12791,tick05,11:16:36
12792,tick05,11:16:36
12793,tick05,11:16:37
12794,tick05,11:16:37
12795,tick05,11:16:38
12796,tick05,11:16:38
12797,tick05,11:16:39
12798,tick05,11:16:39
12799,tick05,11:16:40
12800,tick05,11:16:40
12801,tick05,11:16:41
12802,tick05,11:16:41
12803,tick05,11:16:42
12804,tick05,11:16:42
12805,tick05,11:16:43
12806,tick05,11:16:43
12807,tick05,11:16:44
12808,tick05,11:16:44
12809,tick05,11:16:45
12810,tick05,11:16:45
12811,tick05,11:16:46
12812,tick05,11:16:46
12813,tick05,11:16:47
12814,tick05,11:16:47
12815,tick05,11:16:48
12816,tick05,11:16:48
12817,tick05,11:16:49
12818,tick05,11:16:49
12819,tick05,11:16:50
12820,tick05,11:16:50
12821,tick05,11:16:51
12822,tick05,11:16:51
12823,tick05,11:16:52
12824,tick05,11:16:52
12825,tick05,11:16:53
12826,tick05,11:16:53
12827,tick05,11:16:54
12828,tick05,11:16:54
12829,tick05,11:16:55
12830,tick05,11:16:55
12831,tick05,11:16:56
12832,tick05,11:16:56
12833,tick05,11:16:57
12834,tick05,11:16:57
12835,tick05,11:16:58
12836,tick05,11:16:58
12837,tick05,11:16:59
12838,tick05,11:16:59
12839,tick05,11:17:00
12840,tick05,11:17:00
12841,tick05,11:17:01
12842,tick05,11:17:01
12843,tick05,11:17:02
12844,tick05,11:17:02
12845,tick05,11:17:03
12846,tick05,11:17:03
12847,tick05,11:17:04
12848,tick05,11:17:04
12849,tick05,11:17:05
12850,tick05,11:17:05
12851,tick05,11:17:06
12852,tick05,11:17:06
12853,tick05,11:17:07
12854,tick05,11:17:07
12855,tick05,11:17:08
12856,tick05,11:17:08
12857,tick05,11:17:09
12858,tick05,11:17:09
12859,tick05,11:17:10
12860,tick05,11:17:10
12861,tick05,11:17:11
12862,tick05,11:17:11
12863,tick05,11:17:12
12864,tick05,11:17:12
12865,tick05,11:17:13
12866,tick05,11:17:13
12867,tick05,11:17:14
12868,tick05,11:17:14
12869,tick05,11:17:15
12870,tick05,11:17:15
12871,tick05,11:17:16
12872,tick05,11:17:16
12873,tick05,11:17:17
12874,tick05,11:17:17
12875,tick05,11:17:18
12876,tick05,11:17:18
12877,tick05,11:17:19
12878,tick05,11:17:19
12879,tick05,11:17:20
12880,tick05,11:17:20
12881,tick05,11:17:21
12882,tick05,11:17:21
12883,tick05,11:17:22
12884,tick05,11:17:22
12885,tick05,11:17:23
12886,tick05,11:17:23
12887,tick05,11:17:24
12888,tick05,11:17:24
12889,tick05,11:17:25
12890,tick05,11:17:25
12891,tick05,11:17:26
12892,tick05,11:17:26
12893,tick05,11:17:27
12894,tick05,11:17:27
12895,tick05,11:17:28
12896,tick05,11:17:28
12897,tick05,11:17:29
12898,tick05,11:17:29
12899,tick05,11:17:30
12900,tick05,11:17:30
12901,tick05,11:17:31
12902,tick05,11:17:31
12903,tick05,11:17:32
12904,tick05,11:17:32
12905,tick05,11:17:33
12906,tick05,11:17:33
12907,tick05,11:17:34
12908,tick05,11:17:34
12909,tick05,11:17:35
12910,tick05,11:17:35
12911,tick05,11:17:36
12912,tick05,11:17:36
12913,tick05,11:17:37
12914,tick05,11:17:37
12915,tick05,11:17:38
12916,tick05,11:17:38
12917,tick05,11:17:39
12918,tick05,11:17:39
12919,tick05,11:17:40
12920,tick05,11:17:40
12921,tick05,11:17:41
12922,tick05,11:17:41
12923,tick05,11:17:42
12924,tick05,11:17:42
12925,tick05,11:17:43
12926,tick05,11:17:43
12927,tick05,11:17:44
12928,tick05,11:17:44
12929,tick05,11:17:45
12930,tick05,11:17:45
12931,tick05,11:17:46
12932,tick05,11:17:46
12933,tick05,11:17:47
12934,tick05,11:17:47
12935,tick05,11:17:48
12936,tick05,11:17:48
12937,tick05,11:17:49
12938,tick05,11:17:49
12939,tick05,11:17:50
12940,tick05,11:17:50
12941,tick05,11:17:51
12942,tick05,11:17:51
12943,tick05,11:17:52
12944,tick05,11:17:52
12945,tick05,11:17:53
12946,tick05,11:17:53
12947,tick05,11:17:54
12948,tick05,11:17:54
12949,tick05,11:17:55
12950,tick05,11:17:55
12951,tick05,11:17:56
12952,tick05,11:17:56
12953,tick05,11:17:57
12954,tick05,11:17:57
12955,tick05,11:17:58
12956,tick05,11:17:58
12957,tick05,11:17:59
12958,tick05,11:17:59
12959,tick05,11:18:00
12960,tick05,11:18:00
12961,tick05,11:18:01
12962,tick05,11:18:01
12963,tick05,11:18:02
12964,tick05,11:18:02
12965,tick05,11:18:03
12966,tick05,11:18:03
12967,tick05,11:18:04
12968,tick05,11:18:04
12969,tick05,11:18:05
12970,tick05,11:18:05
12971,tick05,11:18:06
12972,tick05,11:18:06
12973,tick05,11:18:07
12974,tick05,11:18:07
12975,tick05,11:18:08
12976,tick05,11:18:08
12977,tick05,11:18:09
12978,tick05,11:18:09
12979,tick05,11:18:10
12980,tick05,11:18:10
12981,tick05,11:18:11
12982,tick05,11:18:11
12983,tick05,11:18:12
12984,tick05,11:18:12
12985,tick05,11:18:13
12986,tick05,11:18:13
12987,tick05,11:18:14
12988,tick05,11:18:14
12989,tick05,11:18:15
12990,tick05,11:18:15
12991,tick05,11:18:16
12992,tick05,11:18:16
12993,tick05,11:18:17
12994,tick05,11:18:17
12995,tick05,11:18:18
12996,tick05,11:18:18
12997,tick05,11:18:19
12998,tick05,11:18:19
12999,tick05,11:18:20
13000,tick05,11:18:20
13001,tick05,11:18:21
13002,tick05,11:18:21
13003,tick05,11:18:22
13004,tick05,11:18:22
13005,tick05,11:18:23
13006,tick05,11:18:23
13007,tick05,11:18:24
13008,tick05,11:18:24
13009,tick05,11:18:25
13010,tick05,11:18:25
13011,tick05,11:18:26
13012,tick05,11:18:26
13013,tick05,11:18:27
13014,tick05,11:18:27
13015,tick05,11:18:28
13016,tick05,11:18:28
13017,tick05,11:18:29
13018,tick05,11:18:29
13019,tick05,11:18:30
13020,tick05,11:18:30
13021,tick05,11:18:31
13022,tick05,11:18:31
13023,tick05,11:18:32
13024,tick05,11:18:32
13025,tick05,11:18:33
13026,tick05,11:18:33
13027,tick05,11:18:34
13028,tick05,11:18:34
13029,tick05,11:18:35
13030,tick05,11:18:35
13031,tick05,11:18:36
13032,tick05,11:18:36
13033,tick05,11:18:37
13034,tick05,11:18:37
13035,tick05,11:18:38
13036,tick05,11:18:38
13037,tick05,11:18:39
13038,tick05,11:18:39
13039,tick05,11:18:40
13040,tick05,11:18:40
13041,tick05,11:18:41
13042,tick05,11:18:41
13043,tick05,11:18:42
13044,tick05,11:18:42
13045,tick05,11:18:43
13046,tick05,11:18:43
13047,tick05,11:18:44
13048,tick05,11:18:44
13049,tick05,11:18:45
13050,tick05,11:18:45
13051,tick05,11:18:46
13052,tick05,11:18:46
13053,tick05,11:18:47
13054,tick05,11:18:47
13055,tick05,11:18:48
13056,tick05,11:18:48
13057,tick05,11:18:49
13058,tick05,11:18:49
13059,tick05,11:18:50
13060,tick05,11:18:50
13061,tick05,11:18:51
13062,tick05,11:18:51
13063,tick05,11:18:52
13064,tick05,11:18:52
13065,tick05,11:18:53
13066,tick05,11:18:53
13067,tick05,11:18:54
13068,tick05,11:18:54
13069,tick05,11:18:55
13070,tick05,11:18:55
13071,tick05,11:18:56
13072,tick05,11:18:56
13073,tick05,11:18:57
13074,tick05,11:18:57
13075,tick05,11:18:58
13076,tick05,11:18:58
13077,tick05,11:18:59
13078,tick05,11:18:59
13079,tick05,11:19:00
13080,tick05,11:19:00
13081,tick05,11:19:01
13082,tick05,11:19:01
13083,tick05,11:19:02
13084,tick05,11:19:02
13085,tick05,11:19:03
13086,tick05,11:19:03
13087,tick05,11:19:04
13088,tick05,11:19:04
13089,tick05,11:19:05
13090,tick05,11:19:05
13091,tick05,11:19:06
13092,tick05,11:19:06
13093,tick05,11:19:07
13094,tick05,11:19:07
13095,tick05,11:19:08
13096,tick05,11:19:08
13097,tick05,11:19:09
13098,tick05,11:19:09
13099,tick05,11:19:10
13100,tick05,11:19:10
13101,tick05,11:19:11
13102,tick05,11:19:11
13103,tick05,11:19:12
13104,tick05,11:19:12
13105,tick05,11:19:13
13106,tick05,11:19:13
13107,tick05,11:19:14
13108,tick05,11:19:14
13109,tick05,11:19:15
13110,tick05,11:19:15
13111,tick05,11:19:16
13112,tick05,11:19:16
13113,tick05,11:19:17
13114,tick05,11:19:17
13115,tick05,11:19:18
13116,tick05,11:19:18
13117,tick05,11:19:19
13118,tick05,11:19:19
13119,tick05,11:19:20
13120,tick05,11:19:20
13121,tick05,11:19:21
13122,tick05,11:19:21
13123,tick05,11:19:22
13124,tick05,11:19:22
13125,tick05,11:19:23
13126,tick05,11:19:23
13127,tick05,11:19:24
13128,tick05,11:19:24
13129,tick05,11:19:25
13130,tick05,11:19:25
13131,tick05,11:19:26
13132,tick05,11:19:26
13133,tick05,11:19:27
13134,tick05,11:19:27
13135,tick05,11:19:28
13136,tick05,11:19:28
13137,tick05,11:19:29
13138,tick05,11:19:29
13139,tick05,11:19:30
13140,tick05,11:19:30
13141,tick05,11:19:31
13142,tick05,11:19:31
13143,tick05,11:19:32
13144,tick05,11:19:32
13145,tick05,11:19:33
13146,tick05,11:19:33
13147,tick05,11:19:34
13148,tick05,11:19:34
13149,tick05,11:19:35
13150,tick05,11:19:35
13151,tick05,11:19:36
13152,tick05,11:19:36
13153,tick05,11:19:37
13154,tick05,11:19:37
13155,tick05,11:19:38
13156,tick05,11:19:38
13157,tick05,11:19:39
13158,tick05,11:19:39
13159,tick05,11:19:40
13160,tick05,11:19:40
13161,tick05,11:19:41
13162,tick05,11:19:41
13163,tick05,11:19:42
13164,tick05,11:19:42
13165,tick05,11:19:43
13166,tick05,11:19:43
13167,tick05,11:19:44
13168,tick05,11:19:44
13169,tick05,11:19:45
13170,tick05,11:19:45
13171,tick05,11:19:46
13172,tick05,11:19:46
13173,tick05,11:19:47
13174,tick05,11:19:47
13175,tick05,11:19:48
13176,tick05,11:19:48
13177,tick05,11:19:49
13178,tick05,11:19:49
13179,tick05,11:19:50
13180,tick05,11:19:50
13181,tick05,11:19:51
13182,tick05,11:19:51
13183,tick05,11:19:52
13184,tick05,11:19:52
13185,tick05,11:19:53
13186,tick05,11:19:53
13187,tick05,11:19:54
13188,tick05,11:19:54
13189,tick05,11:19:55
13190,tick05,11:19:55
13191,tick05,11:19:56
13192,tick05,11:19:56
13193,tick05,11:19:57
13194,tick05,11:19:57
13195,tick05,11:19:58
13196,tick05,11:19:58
13197,tick05,11:19:59
13198,tick05,11:19:59
13199,tick05,11:20:00
13200,tick05,11:20:00
13201,tick05,11:20:01
13202,tick05,11:20:01
13203,tick05,11:20:02
13204,tick05,11:20:02
13205,tick05,11:20:03
13206,tick05,11:20:03
13207,tick05,11:20:04
13208,tick05,11:20:04
13209,tick05,11:20:05
13210,tick05,11:20:05
13211,tick05,11:20:06
13212,tick05,11:20:06
13213,tick05,11:20:07
13214,tick05,11:20:07
13215,tick05,11:20:08
13216,tick05,11:20:08
13217,tick05,11:20:09
13218,tick05,11:20:09
13219,tick05,11:20:10
13220,tick05,11:20:10
13221,tick05,11:20:11
13222,tick05,11:20:11
13223,tick05,11:20:12
13224,tick05,11:20:12
13225,tick05,11:20:13
13226,tick05,11:20:13
13227,tick05,11:20:14
13228,tick05,11:20:14
13229,tick05,11:20:15
13230,tick05,11:20:15
13231,tick05,11:20:16
13232,tick05,11:20:16
13233,tick05,11:20:17
13234,tick05,11:20:17
13235,tick05,11:20:18
13236,tick05,11:20:18
13237,tick05,11:20:19
13238,tick05,11:20:19
13239,tick05,11:20:20
13240,tick05,11:20:20
13241,tick05,11:20:21
13242,tick05,11:20:21
13243,tick05,11:20:22
13244,tick05,11:20:22
13245,tick05,11:20:23
13246,tick05,11:20:23
13247,tick05,11:20:24
13248,tick05,11:20:24
13249,tick05,11:20:25
13250,tick05,11:20:25
13251,tick05,11:20:26
13252,tick05,11:20:26
13253,tick05,11:20:27
13254,tick05,11:20:27
13255,tick05,11:20:28
13256,tick05,11:20:28
13257,tick05,11:20:29
13258,tick05,11:20:29
13259,tick05,11:20:30
13260,tick05,11:20:30
13261,tick05,11:20:31
13262,tick05,11:20:31
13263,tick05,11:20:32
13264,tick05,11:20:32
13265,tick05,11:20:33
13266,tick05,11:20:33
13267,tick05,11:20:34
13268,tick05,11:20:34
13269,tick05,11:20:35
13270,tick05,11:20:35
13271,tick05,11:20:36
13272,tick05,11:20:36
13273,tick05,11:20:37
13274,tick05,11:20:37
13275,tick05,11:20:38
13276,tick05,11:20:38
13277,tick05,11:20:39
13278,tick05,11:20:39
13279,tick05,11:20:40
13280,tick05,11:20:40
13281,tick05,11:20:41
13282,tick05,11:20:41
13283,tick05,11:20:42
13284,tick05,11:20:42
13285,tick05,11:20:43
13286,tick05,11:20:43
13287,tick05,11:20:44
13288,tick05,11:20:44
13289,tick05,11:20:45
13290,tick05,11:20:45
13291,tick05,11:20:46
13292,tick05,11:20:46
13293,tick05,11:20:47
13294,tick05,11:20:47
13295,tick05,11:20:48
13296,tick05,11:20:48
13297,tick05,11:20:49
13298,tick05,11:20:49
13299,tick05,11:20:50
13300,tick05,11:20:50
13301,tick05,11:20:51
13302,tick05,11:20:51
13303,tick05,11:20:52
13304,tick05,11:20:52
13305,tick05,11:20:53
13306,tick05,11:20:53
13307,tick05,11:20:54
13308,tick05,11:20:54
13309,tick05,11:20:55
13310,tick05,11:20:55
13311,tick05,11:20:56
13312,tick05,11:20:56
13313,tick05,11:20:57
13314,tick05,11:20:57
13315,tick05,11:20:58
13316,tick05,11:20:58
13317,tick05,11:20:59
13318,tick05,11:20:59
13319,tick05,11:21:00
13320,tick05,11:21:00
13321,tick05,11:21:01
13322,tick05,11:21:01
13323,tick05,11:21:02
13324,tick05,11:21:02
13325,tick05,11:21:03
13326,tick05,11:21:03
13327,tick05,11:21:04
13328,tick05,11:21:04
13329,tick05,11:21:05
13330,tick05,11:21:05
13331,tick05,11:21:06
13332,tick05,11:21:06
13333,tick05,11:21:07
13334,tick05,11:21:07
13335,tick05,11:21:08
13336,tick05,11:21:08
13337,tick05,11:21:09
13338,tick05,11:21:09
13339,tick05,11:21:10
13340,tick05,11:21:10
13341,tick05,11:21:11
13342,tick05,11:21:11
13343,tick05,11:21:12
13344,tick05,11:21:12
13345,tick05,11:21:13
13346,tick05,11:21:13
13347,tick05,11:21:14
13348,tick05,11:21:14
13349,tick05,11:21:15
13350,tick05,11:21:15
13351,tick05,11:21:16
13352,tick05,11:21:16
13353,tick05,11:21:17
13354,tick05,11:21:17
13355,tick05,11:21:18
13356,tick05,11:21:18
13357,tick05,11:21:19
13358,tick05,11:21:19
13359,tick05,11:21:20
13360,tick05,11:21:20
13361,tick05,11:21:21
13362,tick05,11:21:21
13363,tick05,11:21:22
13364,tick05,11:21:22
13365,tick05,11:21:23
13366,tick05,11:21:23
13367,tick05,11:21:24
13368,tick05,11:21:24
13369,tick05,11:21:25
13370,tick05,11:21:25
13371,tick05,11:21:26
13372,tick05,11:21:26
13373,tick05,11:21:27
13374,tick05,11:21:27
13375,tick05,11:21:28
13376,tick05,11:21:28
13377,tick05,11:21:29
13378,tick05,11:21:29
13379,tick05,11:21:30
13380,tick05,11:21:30
13381,tick05,11:21:31
13382,tick05,11:21:31
13383,tick05,11:21:32
13384,tick05,11:21:32
13385,tick05,11:21:33
13386,tick05,11:21:33
13387,tick05,11:21:34
13388,tick05,11:21:34
13389,tick05,11:21:35
13390,tick05,11:21:35
13391,tick05,11:21:36
13392,tick05,11:21:36
13393,tick05,11:21:37
13394,tick05,11:21:37
13395,tick05,11:21:38
13396,tick05,11:21:38
13397,tick05,11:21:39
13398,tick05,11:21:39
13399,tick05,11:21:40
13400,tick05,11:21:40
13401,tick05,11:21:41
13402,tick05,11:21:41
13403,tick05,11:21:42
13404,tick05,11:21:42
13405,tick05,11:21:43
13406,tick05,11:21:43
13407,tick05,11:21:44
13408,tick05,11:21:44
13409,tick05,11:21:45
13410,tick05,11:21:45
13411,tick05,11:21:46
13412,tick05,11:21:46
13413,tick05,11:21:47
13414,tick05,11:21:47
13415,tick05,11:21:48
13416,tick05,11:21:48
13417,tick05,11:21:49
13418,tick05,11:21:49
13419,tick05,11:21:50
13420,tick05,11:21:50
13421,tick05,11:21:51
13422,tick05,11:21:51
13423,tick05,11:21:52
13424,tick05,11:21:52
13425,tick05,11:21:53
13426,tick05,11:21:53
13427,tick05,11:21:54
13428,tick05,11:21:54
13429,tick05,11:21:55
13430,tick05,11:21:55
13431,tick05,11:21:56
13432,tick05,11:21:56
13433,tick05,11:21:57
13434,tick05,11:21:57
13435,tick05,11:21:58
13436,tick05,11:21:58
13437,tick05,11:21:59
13438,tick05,11:21:59
13439,tick05,11:22:00
13440,tick05,11:22:00
13441,tick05,11:22:01
13442,tick05,11:22:01
13443,tick05,11:22:02
13444,tick05,11:22:02
13445,tick05,11:22:03
13446,tick05,11:22:03
13447,tick05,11:22:04
13448,tick05,11:22:04
13449,tick05,11:22:05
13450,tick05,11:22:05
13451,tick05,11:22:06
13452,tick05,11:22:06
13453,tick05,11:22:07
13454,tick05,11:22:07
13455,tick05,11:22:08
13456,tick05,11:22:08
13457,tick05,11:22:09
13458,tick05,11:22:09
13459,tick05,11:22:10
13460,tick05,11:22:10
13461,tick05,11:22:11
13462,tick05,11:22:11
13463,tick05,11:22:12
13464,tick05,11:22:12
13465,tick05,11:22:13
13466,tick05,11:22:13
13467,tick05,11:22:14
13468,tick05,11:22:14
13469,tick05,11:22:15
13470,tick05,11:22:15
13471,tick05,11:22:16
13472,tick05,11:22:16
13473,tick05,11:22:17
13474,tick05,11:22:17
13475,tick05,11:22:18
13476,tick05,11:22:18
13477,tick05,11:22:19
13478,tick05,11:22:19
13479,tick05,11:22:20
13480,tick05,11:22:20
13481,tick05,11:22:21
13482,tick05,11:22:21
13483,tick05,11:22:22
13484,tick05,11:22:22
13485,tick05,11:22:23
13486,tick05,11:22:23
13487,tick05,11:22:24
13488,tick05,11:22:24
13489,tick05,11:22:25
13490,tick05,11:22:25
13491,tick05,11:22:26
13492,tick05,11:22:26
13493,tick05,11:22:27
13494,tick05,11:22:27
13495,tick05,11:22:28
13496,tick05,11:22:28
13497,tick05,11:22:29
13498,tick05,11:22:29
13499,tick05,11:22:30
13500,tick05,11:22:30
13501,tick05,11:22:31
13502,tick05,11:22:31
13503,tick05,11:22:32
13504,tick05,11:22:32
13505,tick05,11:22:33
13506,tick05,11:22:33
13507,tick05,11:22:34
13508,tick05,11:22:34
13509,tick05,11:22:35
13510,tick05,11:22:35
13511,tick05,11:22:36
13512,tick05,11:22:36
13513,tick05,11:22:37
13514,tick05,11:22:37
13515,tick05,11:22:38
13516,tick05,11:22:38
13517,tick05,11:22:39
13518,tick05,11:22:39
13519,tick05,11:22:40
13520,tick05,11:22:40
13521,tick05,11:22:41
13522,tick05,11:22:41
13523,tick05,11:22:42
13524,tick05,11:22:42
13525,tick05,11:22:43
13526,tick05,11:22:43
13527,tick05,11:22:44
13528,tick05,11:22:44
13529,tick05,11:22:45
13530,tick05,11:22:45
13531,tick05,11:22:46
13532,tick05,11:22:46
13533,tick05,11:22:47
13534,tick05,11:22:47
13535,tick05,11:22:48
13536,tick05,11:22:48
13537,tick05,11:22:49
13538,tick05,11:22:49
13539,tick05,11:22:50
13540,tick05,11:22:50
13541,tick05,11:22:51
13542,tick05,11:22:51
13543,tick05,11:22:52
13544,tick05,11:22:52
13545,tick05,11:22:53
13546,tick05,11:22:53
13547,tick05,11:22:54
13548,tick05,11:22:54
13549,tick05,11:22:55
13550,tick05,11:22:55
13551,tick05,11:22:56
13552,tick05,11:22:56
13553,tick05,11:22:57
13554,tick05,11:22:57
13555,tick05,11:22:58
13556,tick05,11:22:58
13557,tick05,11:22:59
13558,tick05,11:22:59
13559,tick05,11:23:00
13560,tick05,11:23:00
13561,tick05,11:23:01
13562,tick05,11:23:01
13563,tick05,11:23:02
13564,tick05,11:23:02
13565,tick05,11:23:03
13566,tick05,11:23:03
13567,tick05,11:23:04
13568,tick05,11:23:04
13569,tick05,11:23:05
13570,tick05,11:23:05
13571,tick05,11:23:06
13572,tick05,11:23:06
13573,tick05,11:23:07
13574,tick05,11:23:07
13575,tick05,11:23:08
13576,tick05,11:23:08
13577,tick05,11:23:09
13578,tick05,11:23:09
13579,tick05,11:23:10
13580,tick05,11:23:10
13581,tick05,11:23:11
13582,tick05,11:23:11
13583,tick05,11:23:12
13584,tick05,11:23:12
13585,tick05,11:23:13
13586,tick05,11:23:13
13587,tick05,11:23:14
13588,tick05,11:23:14
13589,tick05,11:23:15
13590,tick05,11:23:15
13591,tick05,11:23:16
13592,tick05,11:23:16
13593,tick05,11:23:17
13594,tick05,11:23:17
13595,tick05,11:23:18
13596,tick05,11:23:18
13597,tick05,11:23:19
13598,tick05,11:23:19
13599,tick05,11:23:20
13600,tick05,11:23:20
13601,tick05,11:23:21
13602,tick05,11:23:21
13603,tick05,11:23:22
13604,tick05,11:23:22
13605,tick05,11:23:23
13606,tick05,11:23:23
13607,tick05,11:23:24
13608,tick05,11:23:24
13609,tick05,11:23:25
13610,tick05,11:23:25
13611,tick05,11:23:26
13612,tick05,11:23:26
13613,tick05,11:23:27
13614,tick05,11:23:27
13615,tick05,11:23:28
13616,tick05,11:23:28
13617,tick05,11:23:29
13618,tick05,11:23:29
13619,tick05,11:23:30
13620,tick05,11:23:30
13621,tick05,11:23:31
13622,tick05,11:23:31
13623,tick05,11:23:32
13624,tick05,11:23:32
13625,tick05,11:23:33
13626,tick05,11:23:33
13627,tick05,11:23:34
13628,tick05,11:23:34
13629,tick05,11:23:35
13630,tick05,11:23:35
13631,tick05,11:23:36
13632,tick05,11:23:36
13633,tick05,11:23:37
13634,tick05,11:23:37
13635,tick05,11:23:38
13636,tick05,11:23:38
13637,tick05,11:23:39
13638,tick05,11:23:39
13639,tick05,11:23:40
13640,tick05,11:23:40
13641,tick05,11:23:41
13642,tick05,11:23:41
13643,tick05,11:23:42
13644,tick05,11:23:42
13645,tick05,11:23:43
13646,tick05,11:23:43
13647,tick05,11:23:44
13648,tick05,11:23:44
13649,tick05,11:23:45
13650,tick05,11:23:45
13651,tick05,11:23:46
13652,tick05,11:23:46
13653,tick05,11:23:47
13654,tick05,11:23:47
13655,tick05,11:23:48
13656,tick05,11:23:48
13657,tick05,11:23:49
13658,tick05,11:23:49
13659,tick05,11:23:50
13660,tick05,11:23:50
13661,tick05,11:23:51
13662,tick05,11:23:51
13663,tick05,11:23:52
13664,tick05,11:23:52
13665,tick05,11:23:53
13666,tick05,11:23:53
13667,tick05,11:23:54
13668,tick05,11:23:54
13669,tick05,11:23:55
13670,tick05,11:23:55
13671,tick05,11:23:56
13672,tick05,11:23:56
13673,tick05,11:23:57
13674,tick05,11:23:57
13675,tick05,11:23:58
13676,tick05,11:23:58
13677,tick05,11:23:59
13678,tick05,11:23:59
13679,tick05,11:24:00
13680,tick05,11:24:00
13681,tick05,11:24:01
13682,tick05,11:24:01
13683,tick05,11:24:02
13684,tick05,11:24:02
13685,tick05,11:24:03
13686,tick05,11:24:03
13687,tick05,11:24:04
13688,tick05,11:24:04
13689,tick05,11:24:05
13690,tick05,11:24:05
13691,tick05,11:24:06
13692,tick05,11:24:06
13693,tick05,11:24:07
13694,tick05,11:24:07
13695,tick05,11:24:08
13696,tick05,11:24:08
13697,tick05,11:24:09
13698,tick05,11:24:09
13699,tick05,11:24:10
13700,tick05,11:24:10
13701,tick05,11:24:11
13702,tick05,11:24:11
13703,tick05,11:24:12
13704,tick05,11:24:12
13705,tick05,11:24:13
13706,tick05,11:24:13
13707,tick05,11:24:14
13708,tick05,11:24:14
13709,tick05,11:24:15
13710,tick05,11:24:15
13711,tick05,11:24:16
13712,tick05,11:24:16
13713,tick05,11:24:17
13714,tick05,11:24:17
13715,tick05,11:24:18
13716,tick05,11:24:18
13717,tick05,11:24:19
13718,tick05,11:24:19
13719,tick05,11:24:20
13720,tick05,11:24:20
13721,tick05,11:24:21
13722,tick05,11:24:21
13723,tick05,11:24:22
13724,tick05,11:24:22
13725,tick05,11:24:23
13726,tick05,11:24:23
13727,tick05,11:24:24
13728,tick05,11:24:24
13729,tick05,11:24:25
13730,tick05,11:24:25
13731,tick05,11:24:26
13732,tick05,11:24:26
13733,tick05,11:24:27
13734,tick05,11:24:27
13735,tick05,11:24:28
13736,tick05,11:24:28
13737,tick05,11:24:29
13738,tick05,11:24:29
13739,tick05,11:24:30
13740,tick05,11:24:30
13741,tick05,11:24:31
13742,tick05,11:24:31
13743,tick05,11:24:32
13744,tick05,11:24:32
13745,tick05,11:24:33
13746,tick05,11:24:33
13747,tick05,11:24:34
13748,tick05,11:24:34
13749,tick05,11:24:35
13750,tick05,11:24:35
13751,tick05,11:24:36
13752,tick05,11:24:36
13753,tick05,11:24:37
13754,tick05,11:24:37
13755,tick05,11:24:38
13756,tick05,11:24:38
13757,tick05,11:24:39
13758,tick05,11:24:39
13759,tick05,11:24:40
13760,tick05,11:24:40
13761,tick05,11:24:41
13762,tick05,11:24:41
13763,tick05,11:24:42
13764,tick05,11:24:42
13765,tick05,11:24:43
13766,tick05,11:24:43
13767,tick05,11:24:44
13768,tick05,11:24:44
13769,tick05,11:24:45
13770,tick05,11:24:45
13771,tick05,11:24:46
13772,tick05,11:24:46
13773,tick05,11:24:47
13774,tick05,11:24:47
13775,tick05,11:24:48
13776,tick05,11:24:48
13777,tick05,11:24:49
13778,tick05,11:24:49
13779,tick05,11:24:50
13780,tick05,11:24:50
13781,tick05,11:24:51
13782,tick05,11:24:51
13783,tick05,11:24:52
13784,tick05,11:24:52
13785,tick05,11:24:53
13786,tick05,11:24:53
13787,tick05,11:24:54
13788,tick05,11:24:54
13789,tick05,11:24:55
13790,tick05,11:24:55
13791,tick05,11:24:56
13792,tick05,11:24:56
13793,tick05,11:24:57
13794,tick05,11:24:57
13795,tick05,11:24:58
13796,tick05,11:24:58
13797,tick05,11:24:59
13798,tick05,11:24:59
13799,tick05,11:25:00
13800,tick05,11:25:00
13801,tick05,11:25:01
13802,tick05,11:25:01
13803,tick05,11:25:02
13804,tick05,11:25:02
13805,tick05,11:25:03
13806,tick05,11:25:03
13807,tick05,11:25:04
13808,tick05,11:25:04
13809,tick05,11:25:05
13810,tick05,11:25:05
13811,tick05,11:25:06
13812,tick05,11:25:06
13813,tick05,11:25:07
13814,tick05,11:25:07
13815,tick05,11:25:08
13816,tick05,11:25:08
13817,tick05,11:25:09
13818,tick05,11:25:09
13819,tick05,11:25:10
13820,tick05,11:25:10
13821,tick05,11:25:11
13822,tick05,11:25:11
13823,tick05,11:25:12
13824,tick05,11:25:12
13825,tick05,11:25:13
13826,tick05,11:25:13
13827,tick05,11:25:14
13828,tick05,11:25:14
13829,tick05,11:25:15
13830,tick05,11:25:15
13831,tick05,11:25:16
13832,tick05,11:25:16
13833,tick05,11:25:17
13834,tick05,11:25:17
13835,tick05,11:25:18
13836,tick05,11:25:18
13837,tick05,11:25:19
13838,tick05,11:25:19
13839,tick05,11:25:20
13840,tick05,11:25:20
13841,tick05,11:25:21
13842,tick05,11:25:21
13843,tick05,11:25:22
13844,tick05,11:25:22
13845,tick05,11:25:23
13846,tick05,11:25:23
13847,tick05,11:25:24
13848,tick05,11:25:24
13849,tick05,11:25:25
13850,tick05,11:25:25
13851,tick05,11:25:26
13852,tick05,11:25:26
13853,tick05,11:25:27
13854,tick05,11:25:27
13855,tick05,11:25:28
13856,tick05,11:25:28
13857,tick05,11:25:29
13858,tick05,11:25:29
13859,tick05,11:25:30
13860,tick05,11:25:30
13861,tick05,11:25:31
13862,tick05,11:25:31
13863,tick05,11:25:32
13864,tick05,11:25:32
13865,tick05,11:25:33
13866,tick05,11:25:33
13867,tick05,11:25:34
13868,tick05,11:25:34
13869,tick05,11:25:35
13870,tick05,11:25:35
13871,tick05,11:25:36
13872,tick05,11:25:36
13873,tick05,11:25:37
13874,tick05,11:25:37
13875,tick05,11:25:38
13876,tick05,11:25:38
13877,tick05,11:25:39
13878,tick05,11:25:39
13879,tick05,11:25:40
13880,tick05,11:25:40
13881,tick05,11:25:41
13882,tick05,11:25:41
13883,tick05,11:25:42
13884,tick05,11:25:42
13885,tick05,11:25:43
13886,tick05,11:25:43
13887,tick05,11:25:44
13888,tick05,11:25:44
13889,tick05,11:25:45
13890,tick05,11:25:45
13891,tick05,11:25:46
13892,tick05,11:25:46
13893,tick05,11:25:47
13894,tick05,11:25:47
13895,tick05,11:25:48
13896,tick05,11:25:48
13897,tick05,11:25:49
13898,tick05,11:25:49
13899,tick05,11:25:50
13900,tick05,11:25:50
13901,tick05,11:25:51
13902,tick05,11:25:51
13903,tick05,11:25:52
13904,tick05,11:25:52
13905,tick05,11:25:53
13906,tick05,11:25:53
13907,tick05,11:25:54
13908,tick05,11:25:54
13909,tick05,11:25:55
13910,tick05,11:25:55
13911,tick05,11:25:56
13912,tick05,11:25:56
13913,tick05,11:25:57
13914,tick05,11:25:57
13915,tick05,11:25:58
13916,tick05,11:25:58
13917,tick05,11:25:59
13918,tick05,11:25:59
13919,tick05,11:26:00
13920,tick05,11:26:00
13921,tick05,11:26:01
13922,tick05,11:26:01
13923,tick05,11:26:02
13924,tick05,11:26:02
13925,tick05,11:26:03
13926,tick05,11:26:03
13927,tick05,11:26:04
13928,tick05,11:26:04
13929,tick05,11:26:05
13930,tick05,11:26:05
13931,tick05,11:26:06
13932,tick05,11:26:06
13933,tick05,11:26:07
13934,tick05,11:26:07
13935,tick05,11:26:08
13936,tick05,11:26:08
13937,tick05,11:26:09
13938,tick05,11:26:09
13939,tick05,11:26:10
13940,tick05,11:26:10
13941,tick05,11:26:11
13942,tick05,11:26:11
13943,tick05,11:26:12
13944,tick05,11:26:12
13945,tick05,11:26:13
13946,tick05,11:26:13
13947,tick05,11:26:14
13948,tick05,11:26:14
13949,tick05,11:26:15
13950,tick05,11:26:15
13951,tick05,11:26:16
13952,tick05,11:26:16
13953,tick05,11:26:17
13954,tick05,11:26:17
13955,tick05,11:26:18
13956,tick05,11:26:18
13957,tick05,11:26:19
13958,tick05,11:26:19
13959,tick05,11:26:20
13960,tick05,11:26:20
13961,tick05,11:26:21
13962,tick05,11:26:21
13963,tick05,11:26:22
13964,tick05,11:26:22
13965,tick05,11:26:23
13966,tick05,11:26:23
13967,tick05,11:26:24
13968,tick05,11:26:24
13969,tick05,11:26:25
13970,tick05,11:26:25
13971,tick05,11:26:26
13972,tick05,11:26:26
13973,tick05,11:26:27
13974,tick05,11:26:27
13975,tick05,11:26:28
13976,tick05,11:26:28
13977,tick05,11:26:29
13978,tick05,11:26:29
13979,tick05,11:26:30
13980,tick05,11:26:30
13981,tick05,11:26:31
13982,tick05,11:26:31
13983,tick05,11:26:32
13984,tick05,11:26:32
13985,tick05,11:26:33
13986,tick05,11:26:33
13987,tick05,11:26:34
13988,tick05,11:26:34
13989,tick05,11:26:35
13990,tick05,11:26:35
13991,tick05,11:26:36
13992,tick05,11:26:36
13993,tick05,11:26:37
13994,tick05,11:26:37
13995,tick05,11:26:38
13996,tick05,11:26:38
13997,tick05,11:26:39
13998,tick05,11:26:39
13999,tick05,11:26:40
14000,tick05,11:26:40
14001,tick05,11:26:41
14002,tick05,11:26:41
14003,tick05,11:26:42
14004,tick05,11:26:42
14005,tick05,11:26:43
14006,tick05,11:26:43
14007,tick05,11:26:44
14008,tick05,11:26:44
14009,tick05,11:26:45
14010,tick05,11:26:45
14011,tick05,11:26:46
14012,tick05,11:26:46
14013,tick05,11:26:47
14014,tick05,11:26:47
14015,tick05,11:26:48
14016,tick05,11:26:48
14017,tick05,11:26:49
14018,tick05,11:26:49
14019,tick05,11:26:50
14020,tick05,11:26:50
14021,tick05,11:26:51
14022,tick05,11:26:51
14023,tick05,11:26:52
14024,tick05,11:26:52
14025,tick05,11:26:53
14026,tick05,11:26:53
14027,tick05,11:26:54
14028,tick05,11:26:54
14029,tick05,11:26:55
14030,tick05,11:26:55
14031,tick05,11:26:56
14032,tick05,11:26:56
14033,tick05,11:26:57
14034,tick05,11:26:57
14035,tick05,11:26:58
14036,tick05,11:26:58
14037,tick05,11:26:59
14038,tick05,11:26:59
14039,tick05,11:27:00
14040,tick05,11:27:00
14041,tick05,11:27:01
14042,tick05,11:27:01
14043,tick05,11:27:02
14044,tick05,11:27:02
14045,tick05,11:27:03
14046,tick05,11:27:03
14047,tick05,11:27:04
14048,tick05,11:27:04
14049,tick05,11:27:05
14050,tick05,11:27:05
14051,tick05,11:27:06
14052,tick05,11:27:06
14053,tick05,11:27:07
14054,tick05,11:27:07
14055,tick05,11:27:08
14056,tick05,11:27:08
14057,tick05,11:27:09
14058,tick05,11:27:09
14059,tick05,11:27:10
14060,tick05,11:27:10
14061,tick05,11:27:11
14062,tick05,11:27:11
14063,tick05,11:27:12
14064,tick05,11:27:12
14065,tick05,11:27:13
14066,tick05,11:27:13
14067,tick05,11:27:14
14068,tick05,11:27:14
14069,tick05,11:27:15
14070,tick05,11:27:15
14071,tick05,11:27:16
14072,tick05,11:27:16
14073,tick05,11:27:17
14074,tick05,11:27:17
14075,tick05,11:27:18
14076,tick05,11:27:18
14077,tick05,11:27:19
14078,tick05,11:27:19
14079,tick05,11:27:20
14080,tick05,11:27:20
14081,tick05,11:27:21
14082,tick05,11:27:21
14083,tick05,11:27:22
14084,tick05,11:27:22
14085,tick05,11:27:23
14086,tick05,11:27:23
14087,tick05,11:27:24
14088,tick05,11:27:24
14089,tick05,11:27:25
14090,tick05,11:27:25
14091,tick05,11:27:26
14092,tick05,11:27:26
14093,tick05,11:27:27
14094,tick05,11:27:27
14095,tick05,11:27:28
14096,tick05,11:27:28
14097,tick05,11:27:29
14098,tick05,11:27:29
14099,tick05,11:27:30
14100,tick05,11:27:30
14101,tick05,11:27:31
14102,tick05,11:27:31
14103,tick05,11:27:32
14104,tick05,11:27:32
14105,tick05,11:27:33
14106,tick05,11:27:33
14107,tick05,11:27:34
14108,tick05,11:27:34
14109,tick05,11:27:35
14110,tick05,11:27:35
14111,tick05,11:27:36
14112,tick05,11:27:36
14113,tick05,11:27:37
14114,tick05,11:27:37
14115,tick05,11:27:38
14116,tick05,11:27:38
14117,tick05,11:27:39
14118,tick05,11:27:39
14119,tick05,11:27:40
14120,tick05,11:27:40
14121,tick05,11:27:41
14122,tick05,11:27:41
14123,tick05,11:27:42
14124,tick05,11:27:42
14125,tick05,11:27:43
14126,tick05,11:27:43
14127,tick05,11:27:44
14128,tick05,11:27:44
14129,tick05,11:27:45
14130,tick05,11:27:45
14131,tick05,11:27:46
14132,tick05,11:27:46
14133,tick05,11:27:47
14134,tick05,11:27:47
14135,tick05,11:27:48
14136,tick05,11:27:48
14137,tick05,11:27:49
14138,tick05,11:27:49
14139,tick05,11:27:50
14140,tick05,11:27:50
14141,tick05,11:27:51
14142,tick05,11:27:51
14143,tick05,11:27:52
14144,tick05,11:27:52
14145,tick05,11:27:53
14146,tick05,11:27:53
14147,tick05,11:27:54
14148,tick05,11:27:54
14149,tick05,11:27:55
14150,tick05,11:27:55
14151,tick05,11:27:56
14152,tick05,11:27:56
14153,tick05,11:27:57
14154,tick05,11:27:57
14155,tick05,11:27:58
14156,tick05,11:27:58
14157,tick05,11:27:59
14158,tick05,11:27:59
14159,tick05,11:28:00
14160,tick05,11:28:00
14161,tick05,11:28:01
14162,tick05,11:28:01
14163,tick05,11:28:02
14164,tick05,11:28:02
14165,tick05,11:28:03
14166,tick05,11:28:03
14167,tick05,11:28:04
14168,tick05,11:28:04
14169,tick05,11:28:05
14170,tick05,11:28:05
14171,tick05,11:28:06
14172,tick05,11:28:06
14173,tick05,11:28:07
14174,tick05,11:28:07
14175,tick05,11:28:08
14176,tick05,11:28:08
14177,tick05,11:28:09
14178,tick05,11:28:09
14179,tick05,11:28:10
14180,tick05,11:28:10
14181,tick05,11:28:11
14182,tick05,11:28:11
14183,tick05,11:28:12
14184,tick05,11:28:12
14185,tick05,11:28:13
14186,tick05,11:28:13
14187,tick05,11:28:14
14188,tick05,11:28:14
14189,tick05,11:28:15
14190,tick05,11:28:15
14191,tick05,11:28:16
14192,tick05,11:28:16
14193,tick05,11:28:17
14194,tick05,11:28:17
14195,tick05,11:28:18
14196,tick05,11:28:18
14197,tick05,11:28:19
14198,tick05,11:28:19
14199,tick05,11:28:20
14200,tick05,11:28:20
14201,tick05,11:28:21
14202,tick05,11:28:21
14203,tick05,11:28:22
14204,tick05,11:28:22
14205,tick05,11:28:23
14206,tick05,11:28:23
14207,tick05,11:28:24
14208,tick05,11:28:24
14209,tick05,11:28:25
14210,tick05,11:28:25
14211,tick05,11:28:26
14212,tick05,11:28:26
14213,tick05,11:28:27
14214,tick05,11:28:27
14215,tick05,11:28:28
14216,tick05,11:28:28
14217,tick05,11:28:29
14218,tick05,11:28:29
14219,tick05,11:28:30
14220,tick05,11:28:30
14221,tick05,11:28:31
14222,tick05,11:28:31
14223,tick05,11:28:32
14224,tick05,11:28:32
14225,tick05,11:28:33
14226,tick05,11:28:33
14227,tick05,11:28:34
14228,tick05,11:28:34
14229,tick05,11:28:35
14230,tick05,11:28:35
14231,tick05,11:28:36
14232,tick05,11:28:36
14233,tick05,11:28:37
14234,tick05,11:28:37
14235,tick05,11:28:38
14236,tick05,11:28:38
14237,tick05,11:28:39
14238,tick05,11:28:39
14239,tick05,11:28:40
14240,tick05,11:28:40
14241,tick05,11:28:41
14242,tick05,11:28:41
14243,tick05,11:28:42
14244,tick05,11:28:42
14245,tick05,11:28:43
14246,tick05,11:28:43
14247,tick05,11:28:44
14248,tick05,11:28:44
14249,tick05,11:28:45
14250,tick05,11:28:45
14251,tick05,11:28:46
14252,tick05,11:28:46
14253,tick05,11:28:47
14254,tick05,11:28:47
14255,tick05,11:28:48
14256,tick05,11:28:48
14257,tick05,11:28:49
14258,tick05,11:28:49
14259,tick05,11:28:50
14260,tick05,11:28:50
14261,tick05,11:28:51
14262,tick05,11:28:51
14263,tick05,11:28:52
14264,tick05,11:28:52
14265,tick05,11:28:53
14266,tick05,11:28:53
14267,tick05,11:28:54
14268,tick05,11:28:54
14269,tick05,11:28:55
14270,tick05,11:28:55
14271,tick05,11:28:56
14272,tick05,11:28:56
14273,tick05,11:28:57
14274,tick05,11:28:57
14275,tick05,11:28:58
14276,tick05,11:28:58
14277,tick05,11:28:59
14278,tick05,11:28:59
14279,tick05,11:29:00
14280,tick05,11:29:00
14281,tick05,11:29:01
14282,tick05,11:29:01
14283,tick05,11:29:02
14284,tick05,11:29:02
14285,tick05,11:29:03
14286,tick05,11:29:03
14287,tick05,11:29:04
14288,tick05,11:29:04
14289,tick05,11:29:05
14290,tick05,11:29:05
14291,tick05,11:29:06
14292,tick05,11:29:06
14293,tick05,11:29:07
14294,tick05,11:29:07
14295,tick05,11:29:08
14296,tick05,11:29:08
14297,tick05,11:29:09
14298,tick05,11:29:09
14299,tick05,11:29:10
14300,tick05,11:29:10
14301,tick05,11:29:11
14302,tick05,11:29:11
14303,tick05,11:29:12
14304,tick05,11:29:12
14305,tick05,11:29:13
14306,tick05,11:29:13
14307,tick05,11:29:14
14308,tick05,11:29:14
14309,tick05,11:29:15
14310,tick05,11:29:15
14311,tick05,11:29:16
14312,tick05,11:29:16
14313,tick05,11:29:17
14314,tick05,11:29:17
14315,tick05,11:29:18
14316,tick05,11:29:18
14317,tick05,11:29:19
14318,tick05,11:29:19
14319,tick05,11:29:20
14320,tick05,11:29:20
14321,tick05,11:29:21
14322,tick05,11:29:21
14323,tick05,11:29:22
14324,tick05,11:29:22
14325,tick05,11:29:23
14326,tick05,11:29:23
14327,tick05,11:29:24
14328,tick05,11:29:24
14329,tick05,11:29:25
14330,tick05,11:29:25
14331,tick05,11:29:26
14332,tick05,11:29:26
14333,tick05,11:29:27
14334,tick05,11:29:27
14335,tick05,11:29:28
14336,tick05,11:29:28
14337,tick05,11:29:29
14338,tick05,11:29:29
14339,tick05,11:29:30
14340,tick05,11:29:30
14341,tick05,11:29:31
14342,tick05,11:29:31
14343,tick05,11:29:32
14344,tick05,11:29:32
14345,tick05,11:29:33
14346,tick05,11:29:33
14347,tick05,11:29:34
14348,tick05,11:29:34
14349,tick05,11:29:35
14350,tick05,11:29:35
14351,tick05,11:29:36
14352,tick05,11:29:36
14353,tick05,11:29:37
14354,tick05,11:29:37
14355,tick05,11:29:38
14356,tick05,11:29:38
14357,tick05,11:29:39
14358,tick05,11:29:39
14359,tick05,11:29:40
14360,tick05,11:29:40
14361,tick05,11:29:41
14362,tick05,11:29:41
14363,tick05,11:29:42
14364,tick05,11:29:42
14365,tick05,11:29:43
14366,tick05,11:29:43
14367,tick05,11:29:44
14368,tick05,11:29:44
14369,tick05,11:29:45
14370,tick05,11:29:45
14371,tick05,11:29:46
14372,tick05,11:29:46
14373,tick05,11:29:47
14374,tick05,11:29:47
14375,tick05,11:29:48
14376,tick05,11:29:48
14377,tick05,11:29:49
14378,tick05,11:29:49
14379,tick05,11:29:50
14380,tick05,11:29:50
14381,tick05,11:29:51
14382,tick05,11:29:51
14383,tick05,11:29:52
14384,tick05,11:29:52
14385,tick05,11:29:53
14386,tick05,11:29:53
14387,tick05,11:29:54
14388,tick05,11:29:54
14389,tick05,11:29:55
14390,tick05,11:29:55
14391,tick05,11:29:56
14392,tick05,11:29:56
14393,tick05,11:29:57
14394,tick05,11:29:57
14395,tick05,11:29:58
14396,tick05,11:29:58
14397,tick05,11:29:59
14398,tick05,11:29:59
14399,tick05,11:30:00
14400,tick05,13:00:01
14401,tick05,13:00:01
14402,tick05,13:00:02
14403,tick05,13:00:02
14404,tick05,13:00:02
14405,tick05,13:00:03
14406,tick05,13:00:03
14407,tick05,13:00:04
14408,tick05,13:00:04
14409,tick05,13:00:05
14410,tick05,13:00:05
14411,tick05,13:00:06
14412,tick05,13:00:06
14413,tick05,13:00:07
14414,tick05,13:00:07
14415,tick05,13:00:08
14416,tick05,13:00:08
14417,tick05,13:00:09
14418,tick05,13:00:09
14419,tick05,13:00:10
14420,tick05,13:00:10
14421,tick05,13:00:11
14422,tick05,13:00:11
14423,tick05,13:00:12
14424,tick05,13:00:12
14425,tick05,13:00:13
14426,tick05,13:00:13
14427,tick05,13:00:14
14428,tick05,13:00:14
14429,tick05,13:00:15
14430,tick05,13:00:15
14431,tick05,13:00:16
14432,tick05,13:00:16
14433,tick05,13:00:17
14434,tick05,13:00:17
14435,tick05,13:00:18
14436,tick05,13:00:18
14437,tick05,13:00:19
14438,tick05,13:00:19
14439,tick05,13:00:20
14440,tick05,13:00:20
14441,tick05,13:00:21
14442,tick05,13:00:21
14443,tick05,13:00:22
14444,tick05,13:00:22
14445,tick05,13:00:23
14446,tick05,13:00:23
14447,tick05,13:00:24
14448,tick05,13:00:24
14449,tick05,13:00:25
14450,tick05,13:00:25
14451,tick05,13:00:26
14452,tick05,13:00:26
14453,tick05,13:00:27
14454,tick05,13:00:27
14455,tick05,13:00:28
14456,tick05,13:00:28
14457,tick05,13:00:29
14458,tick05,13:00:29
14459,tick05,13:00:30
14460,tick05,13:00:30
14461,tick05,13:00:31
14462,tick05,13:00:31
14463,tick05,13:00:32
14464,tick05,13:00:32
14465,tick05,13:00:33
14466,tick05,13:00:33
14467,tick05,13:00:34
14468,tick05,13:00:34
14469,tick05,13:00:35
14470,tick05,13:00:35
14471,tick05,13:00:36
14472,tick05,13:00:36
14473,tick05,13:00:37
14474,tick05,13:00:37
14475,tick05,13:00:38
14476,tick05,13:00:38
14477,tick05,13:00:39
14478,tick05,13:00:39
14479,tick05,13:00:40
14480,tick05,13:00:40
14481,tick05,13:00:41
14482,tick05,13:00:41
14483,tick05,13:00:42
14484,tick05,13:00:42
14485,tick05,13:00:43
14486,tick05,13:00:43
14487,tick05,13:00:44
14488,tick05,13:00:44
14489,tick05,13:00:45
14490,tick05,13:00:45
14491,tick05,13:00:46
14492,tick05,13:00:46
14493,tick05,13:00:47
14494,tick05,13:00:47
14495,tick05,13:00:48
14496,tick05,13:00:48
14497,tick05,13:00:49
14498,tick05,13:00:49
14499,tick05,13:00:50
14500,tick05,13:00:50
14501,tick05,13:00:51
14502,tick05,13:00:51
14503,tick05,13:00:52
14504,tick05,13:00:52
14505,tick05,13:00:53
14506,tick05,13:00:53
14507,tick05,13:00:54
14508,tick05,13:00:54
14509,tick05,13:00:55
14510,tick05,13:00:55
14511,tick05,13:00:56
14512,tick05,13:00:56
14513,tick05,13:00:57
14514,tick05,13:00:57
14515,tick05,13:00:58
14516,tick05,13:00:58
14517,tick05,13:00:59
14518,tick05,13:00:59
14519,tick05,13:01:00
14520,tick05,13:01:00
14521,tick05,13:01:01
14522,tick05,13:01:01
14523,tick05,13:01:02
14524,tick05,13:01:02
14525,tick05,13:01:03
14526,tick05,13:01:03
14527,tick05,13:01:04
14528,tick05,13:01:04
14529,tick05,13:01:05
14530,tick05,13:01:05
14531,tick05,13:01:06
14532,tick05,13:01:06
14533,tick05,13:01:07
14534,tick05,13:01:07
14535,tick05,13:01:08
14536,tick05,13:01:08
14537,tick05,13:01:09
14538,tick05,13:01:09
14539,tick05,13:01:10
14540,tick05,13:01:10
14541,tick05,13:01:11
14542,tick05,13:01:11
14543,tick05,13:01:12
14544,tick05,13:01:12
14545,tick05,13:01:13
14546,tick05,13:01:13
14547,tick05,13:01:14
14548,tick05,13:01:14
14549,tick05,13:01:15
14550,tick05,13:01:15
14551,tick05,13:01:16
14552,tick05,13:01:16
14553,tick05,13:01:17
14554,tick05,13:01:17
14555,tick05,13:01:18
14556,tick05,13:01:18
14557,tick05,13:01:19
14558,tick05,13:01:19
14559,tick05,13:01:20
14560,tick05,13:01:20
14561,tick05,13:01:21
14562,tick05,13:01:21
14563,tick05,13:01:22
14564,tick05,13:01:22
14565,tick05,13:01:23
14566,tick05,13:01:23
14567,tick05,13:01:24
14568,tick05,13:01:24
14569,tick05,13:01:25
14570,tick05,13:01:25
14571,tick05,13:01:26
14572,tick05,13:01:26
14573,tick05,13:01:27
14574,tick05,13:01:27
14575,tick05,13:01:28
14576,tick05,13:01:28
14577,tick05,13:01:29
14578,tick05,13:01:29
14579,tick05,13:01:30
14580,tick05,13:01:30
14581,tick05,13:01:31
14582,tick05,13:01:31
14583,tick05,13:01:32
14584,tick05,13:01:32
14585,tick05,13:01:33
14586,tick05,13:01:33
14587,tick05,13:01:34
14588,tick05,13:01:34
14589,tick05,13:01:35
14590,tick05,13:01:35
14591,tick05,13:01:36
14592,tick05,13:01:36
14593,tick05,13:01:37
14594,tick05,13:01:37
14595,tick05,13:01:38
14596,tick05,13:01:38
14597,tick05,13:01:39
14598,tick05,13:01:39
14599,tick05,13:01:40
14600,tick05,13:01:40
14601,tick05,13:01:41
14602,tick05,13:01:41
14603,tick05,13:01:42
14604,tick05,13:01:42
14605,tick05,13:01:43
14606,tick05,13:01:43
14607,tick05,13:01:44
14608,tick05,13:01:44
14609,tick05,13:01:45
14610,tick05,13:01:45
14611,tick05,13:01:46
14612,tick05,13:01:46
14613,tick05,13:01:47
14614,tick05,13:01:47
14615,tick05,13:01:48
14616,tick05,13:01:48
14617,tick05,13:01:49
14618,tick05,13:01:49
14619,tick05,13:01:50
14620,tick05,13:01:50
14621,tick05,13:01:51
14622,tick05,13:01:51
14623,tick05,13:01:52
14624,tick05,13:01:52
14625,tick05,13:01:53
14626,tick05,13:01:53
14627,tick05,13:01:54
14628,tick05,13:01:54
14629,tick05,13:01:55
14630,tick05,13:01:55
14631,tick05,13:01:56
14632,tick05,13:01:56
14633,tick05,13:01:57
14634,tick05,13:01:57
14635,tick05,13:01:58
14636,tick05,13:01:58
14637,tick05,13:01:59
14638,tick05,13:01:59
14639,tick05,13:02:00
14640,tick05,13:02:00
14641,tick05,13:02:01
14642,tick05,13:02:01
14643,tick05,13:02:02
14644,tick05,13:02:02
14645,tick05,13:02:03
14646,tick05,13:02:03
14647,tick05,13:02:04
14648,tick05,13:02:04
14649,tick05,13:02:05
14650,tick05,13:02:05
14651,tick05,13:02:06
14652,tick05,13:02:06
14653,tick05,13:02:07
14654,tick05,13:02:07
14655,tick05,13:02:08
14656,tick05,13:02:08
14657,tick05,13:02:09
14658,tick05,13:02:09
14659,tick05,13:02:10
14660,tick05,13:02:10
14661,tick05,13:02:11
14662,tick05,13:02:11
14663,tick05,13:02:12
14664,tick05,13:02:12
14665,tick05,13:02:13
14666,tick05,13:02:13
14667,tick05,13:02:14
14668,tick05,13:02:14
14669,tick05,13:02:15
14670,tick05,13:02:15
14671,tick05,13:02:16
14672,tick05,13:02:16
14673,tick05,13:02:17
14674,tick05,13:02:17
14675,tick05,13:02:18
14676,tick05,13:02:18
14677,tick05,13:02:19
14678,tick05,13:02:19
14679,tick05,13:02:20
14680,tick05,13:02:20
14681,tick05,13:02:21
14682,tick05,13:02:21
14683,tick05,13:02:22
14684,tick05,13:02:22
14685,tick05,13:02:23
14686,tick05,13:02:23
14687,tick05,13:02:24
14688,tick05,13:02:24
14689,tick05,13:02:25
14690,tick05,13:02:25
14691,tick05,13:02:26
14692,tick05,13:02:26
14693,tick05,13:02:27
14694,tick05,13:02:27
14695,tick05,13:02:28
14696,tick05,13:02:28
14697,tick05,13:02:29
14698,tick05,13:02:29
14699,tick05,13:02:30
14700,tick05,13:02:30
14701,tick05,13:02:31
14702,tick05,13:02:31
14703,tick05,13:02:32
14704,tick05,13:02:32
14705,tick05,13:02:33
14706,tick05,13:02:33
14707,tick05,13:02:34
14708,tick05,13:02:34
14709,tick05,13:02:35
14710,tick05,13:02:35
14711,tick05,13:02:36
14712,tick05,13:02:36
14713,tick05,13:02:37
14714,tick05,13:02:37
14715,tick05,13:02:38
14716,tick05,13:02:38
14717,tick05,13:02:39
14718,tick05,13:02:39
14719,tick05,13:02:40
14720,tick05,13:02:40
14721,tick05,13:02:41
14722,tick05,13:02:41
14723,tick05,13:02:42
14724,tick05,13:02:42
14725,tick05,13:02:43
14726,tick05,13:02:43
14727,tick05,13:02:44
14728,tick05,13:02:44
14729,tick05,13:02:45
14730,tick05,13:02:45
14731,tick05,13:02:46
14732,tick05,13:02:46
14733,tick05,13:02:47
14734,tick05,13:02:47
14735,tick05,13:02:48
14736,tick05,13:02:48
14737,tick05,13:02:49
14738,tick05,13:02:49
14739,tick05,13:02:50
14740,tick05,13:02:50
14741,tick05,13:02:51
14742,tick05,13:02:51
14743,tick05,13:02:52
14744,tick05,13:02:52
14745,tick05,13:02:53
14746,tick05,13:02:53
14747,tick05,13:02:54
14748,tick05,13:02:54
14749,tick05,13:02:55
14750,tick05,13:02:55
14751,tick05,13:02:56
14752,tick05,13:02:56
14753,tick05,13:02:57
14754,tick05,13:02:57
14755,tick05,13:02:58
14756,tick05,13:02:58
14757,tick05,13:02:59
14758,tick05,13:02:59
14759,tick05,13:03:00
14760,tick05,13:03:00
14761,tick05,13:03:01
14762,tick05,13:03:01
14763,tick05,13:03:02
14764,tick05,13:03:02
14765,tick05,13:03:03
14766,tick05,13:03:03
14767,tick05,13:03:04
14768,tick05,13:03:04
14769,tick05,13:03:05
14770,tick05,13:03:05
14771,tick05,13:03:06
14772,tick05,13:03:06
14773,tick05,13:03:07
14774,tick05,13:03:07
14775,tick05,13:03:08
14776,tick05,13:03:08
14777,tick05,13:03:09
14778,tick05,13:03:09
14779,tick05,13:03:10
14780,tick05,13:03:10
14781,tick05,13:03:11
14782,tick05,13:03:11
14783,tick05,13:03:12
14784,tick05,13:03:12
14785,tick05,13:03:13
14786,tick05,13:03:13
14787,tick05,13:03:14
14788,tick05,13:03:14
14789,tick05,13:03:15
14790,tick05,13:03:15
14791,tick05,13:03:16
14792,tick05,13:03:16
14793,tick05,13:03:17
14794,tick05,13:03:17
14795,tick05,13:03:18
14796,tick05,13:03:18
14797,tick05,13:03:19
14798,tick05,13:03:19
14799,tick05,13:03:20
14800,tick05,13:03:20
14801,tick05,13:03:21
14802,tick05,13:03:21
14803,tick05,13:03:22
14804,tick05,13:03:22
14805,tick05,13:03:23
14806,tick05,13:03:23
14807,tick05,13:03:24
14808,tick05,13:03:24
14809,tick05,13:03:25
14810,tick05,13:03:25
14811,tick05,13:03:26
14812,tick05,13:03:26
14813,tick05,13:03:27
14814,tick05,13:03:27
14815,tick05,13:03:28
14816,tick05,13:03:28
14817,tick05,13:03:29
14818,tick05,13:03:29
14819,tick05,13:03:30
14820,tick05,13:03:30
14821,tick05,13:03:31
14822,tick05,13:03:31
14823,tick05,13:03:32
14824,tick05,13:03:32
14825,tick05,13:03:33
14826,tick05,13:03:33
14827,tick05,13:03:34
14828,tick05,13:03:34
14829,tick05,13:03:35
14830,tick05,13:03:35
14831,tick05,13:03:36
14832,tick05,13:03:36
14833,tick05,13:03:37
14834,tick05,13:03:37
14835,tick05,13:03:38
14836,tick05,13:03:38
14837,tick05,13:03:39
14838,tick05,13:03:39
14839,tick05,13:03:40
14840,tick05,13:03:40
14841,tick05,13:03:41
14842,tick05,13:03:41
14843,tick05,13:03:42
14844,tick05,13:03:42
14845,tick05,13:03:43
14846,tick05,13:03:43
14847,tick05,13:03:44
14848,tick05,13:03:44
14849,tick05,13:03:45
14850,tick05,13:03:45
14851,tick05,13:03:46
14852,tick05,13:03:46
14853,tick05,13:03:47
14854,tick05,13:03:47
14855,tick05,13:03:48
14856,tick05,13:03:48
14857,tick05,13:03:49
14858,tick05,13:03:49
14859,tick05,13:03:50
14860,tick05,13:03:50
14861,tick05,13:03:51
14862,tick05,13:03:51
14863,tick05,13:03:52
14864,tick05,13:03:52
14865,tick05,13:03:53
14866,tick05,13:03:53
14867,tick05,13:03:54
14868,tick05,13:03:54
14869,tick05,13:03:55
14870,tick05,13:03:55
14871,tick05,13:03:56
14872,tick05,13:03:56
14873,tick05,13:03:57
14874,tick05,13:03:57
14875,tick05,13:03:58
14876,tick05,13:03:58
14877,tick05,13:03:59
14878,tick05,13:03:59
14879,tick05,13:04:00
14880,tick05,13:04:00
14881,tick05,13:04:01
14882,tick05,13:04:01
14883,tick05,13:04:02
14884,tick05,13:04:02
14885,tick05,13:04:03
14886,tick05,13:04:03
14887,tick05,13:04:04
14888,tick05,13:04:04
14889,tick05,13:04:05
14890,tick05,13:04:05
14891,tick05,13:04:06
14892,tick05,13:04:06
14893,tick05,13:04:07
14894,tick05,13:04:07
14895,tick05,13:04:08
14896,tick05,13:04:08
14897,tick05,13:04:09
14898,tick05,13:04:09
14899,tick05,13:04:10
14900,tick05,13:04:10
14901,tick05,13:04:11
14902,tick05,13:04:11
14903,tick05,13:04:12
14904,tick05,13:04:12
14905,tick05,13:04:13
14906,tick05,13:04:13
14907,tick05,13:04:14
14908,tick05,13:04:14
14909,tick05,13:04:15
14910,tick05,13:04:15
14911,tick05,13:04:16
14912,tick05,13:04:16
14913,tick05,13:04:17
14914,tick05,13:04:17
14915,tick05,13:04:18
14916,tick05,13:04:18
14917,tick05,13:04:19
14918,tick05,13:04:19
14919,tick05,13:04:20
14920,tick05,13:04:20
14921,tick05,13:04:21
14922,tick05,13:04:21
14923,tick05,13:04:22
14924,tick05,13:04:22
14925,tick05,13:04:23
14926,tick05,13:04:23
14927,tick05,13:04:24
14928,tick05,13:04:24
14929,tick05,13:04:25
14930,tick05,13:04:25
14931,tick05,13:04:26
14932,tick05,13:04:26
14933,tick05,13:04:27
14934,tick05,13:04:27
14935,tick05,13:04:28
14936,tick05,13:04:28
14937,tick05,13:04:29
14938,tick05,13:04:29
14939,tick05,13:04:30
14940,tick05,13:04:30
14941,tick05,13:04:31
14942,tick05,13:04:31
14943,tick05,13:04:32
14944,tick05,13:04:32
14945,tick05,13:04:33
14946,tick05,13:04:33
14947,tick05,13:04:34
14948,tick05,13:04:34
14949,tick05,13:04:35
14950,tick05,13:04:35
14951,tick05,13:04:36
14952,tick05,13:04:36
14953,tick05,13:04:37
14954,tick05,13:04:37
14955,tick05,13:04:38
14956,tick05,13:04:38
14957,tick05,13:04:39
14958,tick05,13:04:39
14959,tick05,13:04:40
14960,tick05,13:04:40
14961,tick05,13:04:41
14962,tick05,13:04:41
14963,tick05,13:04:42
14964,tick05,13:04:42
14965,tick05,13:04:43
14966,tick05,13:04:43
14967,tick05,13:04:44
14968,tick05,13:04:44
14969,tick05,13:04:45
14970,tick05,13:04:45
14971,tick05,13:04:46
14972,tick05,13:04:46
14973,tick05,13:04:47
14974,tick05,13:04:47
14975,tick05,13:04:48
14976,tick05,13:04:48
14977,tick05,13:04:49
14978,tick05,13:04:49
14979,tick05,13:04:50
14980,tick05,13:04:50
14981,tick05,13:04:51
14982,tick05,13:04:51
14983,tick05,13:04:52
14984,tick05,13:04:52
14985,tick05,13:04:53
14986,tick05,13:04:53
14987,tick05,13:04:54
14988,tick05,13:04:54
14989,tick05,13:04:55
14990,tick05,13:04:55
14991,tick05,13:04:56
14992,tick05,13:04:56
14993,tick05,13:04:57
14994,tick05,13:04:57
14995,tick05,13:04:58
14996,tick05,13:04:58
14997,tick05,13:04:59
14998,tick05,13:04:59
14999,tick05,13:05:00
15000,tick05,13:05:00
15001,tick05,13:05:01
15002,tick05,13:05:01
15003,tick05,13:05:02
15004,tick05,13:05:02
15005,tick05,13:05:03
15006,tick05,13:05:03
15007,tick05,13:05:04
15008,tick05,13:05:04
15009,tick05,13:05:05
15010,tick05,13:05:05
15011,tick05,13:05:06
15012,tick05,13:05:06
15013,tick05,13:05:07
15014,tick05,13:05:07
15015,tick05,13:05:08
15016,tick05,13:05:08
15017,tick05,13:05:09
15018,tick05,13:05:09
15019,tick05,13:05:10
15020,tick05,13:05:10
15021,tick05,13:05:11
15022,tick05,13:05:11
15023,tick05,13:05:12
15024,tick05,13:05:12
15025,tick05,13:05:13
15026,tick05,13:05:13
15027,tick05,13:05:14
15028,tick05,13:05:14
15029,tick05,13:05:15
15030,tick05,13:05:15
15031,tick05,13:05:16
15032,tick05,13:05:16
15033,tick05,13:05:17
15034,tick05,13:05:17
15035,tick05,13:05:18
15036,tick05,13:05:18
15037,tick05,13:05:19
15038,tick05,13:05:19
15039,tick05,13:05:20
15040,tick05,13:05:20
15041,tick05,13:05:21
15042,tick05,13:05:21
15043,tick05,13:05:22
15044,tick05,13:05:22
15045,tick05,13:05:23
15046,tick05,13:05:23
15047,tick05,13:05:24
15048,tick05,13:05:24
15049,tick05,13:05:25
15050,tick05,13:05:25
15051,tick05,13:05:26
15052,tick05,13:05:26
15053,tick05,13:05:27
15054,tick05,13:05:27
15055,tick05,13:05:28
15056,tick05,13:05:28
15057,tick05,13:05:29
15058,tick05,13:05:29
15059,tick05,13:05:30
15060,tick05,13:05:30
15061,tick05,13:05:31
15062,tick05,13:05:31
15063,tick05,13:05:32
15064,tick05,13:05:32
15065,tick05,13:05:33
15066,tick05,13:05:33
15067,tick05,13:05:34
15068,tick05,13:05:34
15069,tick05,13:05:35
15070,tick05,13:05:35
15071,tick05,13:05:36
15072,tick05,13:05:36
15073,tick05,13:05:37
15074,tick05,13:05:37
15075,tick05,13:05:38
15076,tick05,13:05:38
15077,tick05,13:05:39
15078,tick05,13:05:39
15079,tick05,13:05:40
15080,tick05,13:05:40
15081,tick05,13:05:41
15082,tick05,13:05:41
15083,tick05,13:05:42
15084,tick05,13:05:42
15085,tick05,13:05:43
15086,tick05,13:05:43
15087,tick05,13:05:44
15088,tick05,13:05:44
15089,tick05,13:05:45
15090,tick05,13:05:45
15091,tick05,13:05:46
15092,tick05,13:05:46
15093,tick05,13:05:47
15094,tick05,13:05:47
15095,tick05,13:05:48
15096,tick05,13:05:48
15097,tick05,13:05:49
15098,tick05,13:05:49
15099,tick05,13:05:50
15100,tick05,13:05:50
15101,tick05,13:05:51
15102,tick05,13:05:51
15103,tick05,13:05:52
15104,tick05,13:05:52
15105,tick05,13:05:53
15106,tick05,13:05:53
15107,tick05,13:05:54
15108,tick05,13:05:54
15109,tick05,13:05:55
15110,tick05,13:05:55
15111,tick05,13:05:56
15112,tick05,13:05:56
15113,tick05,13:05:57
15114,tick05,13:05:57
15115,tick05,13:05:58
15116,tick05,13:05:58
15117,tick05,13:05:59
15118,tick05,13:05:59
15119,tick05,13:06:00
15120,tick05,13:06:00
15121,tick05,13:06:01
15122,tick05,13:06:01
15123,tick05,13:06:02
15124,tick05,13:06:02
15125,tick05,13:06:03
15126,tick05,13:06:03
15127,tick05,13:06:04
15128,tick05,13:06:04
15129,tick05,13:06:05
15130,tick05,13:06:05
15131,tick05,13:06:06
15132,tick05,13:06:06
15133,tick05,13:06:07
15134,tick05,13:06:07
15135,tick05,13:06:08
15136,tick05,13:06:08
15137,tick05,13:06:09
15138,tick05,13:06:09
15139,tick05,13:06:10
15140,tick05,13:06:10
15141,tick05,13:06:11
15142,tick05,13:06:11
15143,tick05,13:06:12
15144,tick05,13:06:12
15145,tick05,13:06:13
15146,tick05,13:06:13
15147,tick05,13:06:14
15148,tick05,13:06:14
15149,tick05,13:06:15
15150,tick05,13:06:15
15151,tick05,13:06:16
15152,tick05,13:06:16
15153,tick05,13:06:17
15154,tick05,13:06:17
15155,tick05,13:06:18
15156,tick05,13:06:18
15157,tick05,13:06:19
15158,tick05,13:06:19
15159,tick05,13:06:20
15160,tick05,13:06:20
15161,tick05,13:06:21
15162,tick05,13:06:21
15163,tick05,13:06:22
15164,tick05,13:06:22
15165,tick05,13:06:23
15166,tick05,13:06:23
15167,tick05,13:06:24
15168,tick05,13:06:24
15169,tick05,13:06:25
15170,tick05,13:06:25
15171,tick05,13:06:26
15172,tick05,13:06:26
15173,tick05,13:06:27
15174,tick05,13:06:27
15175,tick05,13:06:28
15176,tick05,13:06:28
15177,tick05,13:06:29
15178,tick05,13:06:29
15179,tick05,13:06:30
15180,tick05,13:06:30
15181,tick05,13:06:31
15182,tick05,13:06:31
15183,tick05,13:06:32
15184,tick05,13:06:32
15185,tick05,13:06:33
15186,tick05,13:06:33
15187,tick05,13:06:34
15188,tick05,13:06:34
15189,tick05,13:06:35
15190,tick05,13:06:35
15191,tick05,13:06:36
15192,tick05,13:06:36
15193,tick05,13:06:37
15194,tick05,13:06:37
15195,tick05,13:06:38
15196,tick05,13:06:38
15197,tick05,13:06:39
15198,tick05,13:06:39
15199,tick05,13:06:40
15200,tick05,13:06:40
15201,tick05,13:06:41
15202,tick05,13:06:41
15203,tick05,13:06:42
15204,tick05,13:06:42
15205,tick05,13:06:43
15206,tick05,13:06:43
15207,tick05,13:06:44
15208,tick05,13:06:44
15209,tick05,13:06:45
15210,tick05,13:06:45
15211,tick05,13:06:46
15212,tick05,13:06:46
15213,tick05,13:06:47
15214,tick05,13:06:47
15215,tick05,13:06:48
15216,tick05,13:06:48
15217,tick05,13:06:49
15218,tick05,13:06:49
15219,tick05,13:06:50
15220,tick05,13:06:50
15221,tick05,13:06:51
15222,tick05,13:06:51
15223,tick05,13:06:52
15224,tick05,13:06:52
15225,tick05,13:06:53
15226,tick05,13:06:53
15227,tick05,13:06:54
15228,tick05,13:06:54
15229,tick05,13:06:55
15230,tick05,13:06:55
15231,tick05,13:06:56
15232,tick05,13:06:56
15233,tick05,13:06:57
15234,tick05,13:06:57
15235,tick05,13:06:58
15236,tick05,13:06:58
15237,tick05,13:06:59
15238,tick05,13:06:59
15239,tick05,13:07:00
15240,tick05,13:07:00
15241,tick05,13:07:01
15242,tick05,13:07:01
15243,tick05,13:07:02
15244,tick05,13:07:02
15245,tick05,13:07:03
15246,tick05,13:07:03
15247,tick05,13:07:04
15248,tick05,13:07:04
15249,tick05,13:07:05
15250,tick05,13:07:05
15251,tick05,13:07:06
15252,tick05,13:07:06
15253,tick05,13:07:07
15254,tick05,13:07:07
15255,tick05,13:07:08
15256,tick05,13:07:08
15257,tick05,13:07:09
15258,tick05,13:07:09
15259,tick05,13:07:10
15260,tick05,13:07:10
15261,tick05,13:07:11
15262,tick05,13:07:11
15263,tick05,13:07:12
15264,tick05,13:07:12
15265,tick05,13:07:13
15266,tick05,13:07:13
15267,tick05,13:07:14
15268,tick05,13:07:14
15269,tick05,13:07:15
15270,tick05,13:07:15
15271,tick05,13:07:16
15272,tick05,13:07:16
15273,tick05,13:07:17
15274,tick05,13:07:17
15275,tick05,13:07:18
15276,tick05,13:07:18
15277,tick05,13:07:19
15278,tick05,13:07:19
15279,tick05,13:07:20
15280,tick05,13:07:20
15281,tick05,13:07:21
15282,tick05,13:07:21
15283,tick05,13:07:22
15284,tick05,13:07:22
15285,tick05,13:07:23
15286,tick05,13:07:23
15287,tick05,13:07:24
15288,tick05,13:07:24
15289,tick05,13:07:25
15290,tick05,13:07:25
15291,tick05,13:07:26
15292,tick05,13:07:26
15293,tick05,13:07:27
15294,tick05,13:07:27
15295,tick05,13:07:28
15296,tick05,13:07:28
15297,tick05,13:07:29
15298,tick05,13:07:29
15299,tick05,13:07:30
15300,tick05,13:07:30
15301,tick05,13:07:31
15302,tick05,13:07:31
15303,tick05,13:07:32
15304,tick05,13:07:32
15305,tick05,13:07:33
15306,tick05,13:07:33
15307,tick05,13:07:34
15308,tick05,13:07:34
15309,tick05,13:07:35
15310,tick05,13:07:35
15311,tick05,13:07:36
15312,tick05,13:07:36
15313,tick05,13:07:37
15314,tick05,13:07:37
15315,tick05,13:07:38
15316,tick05,13:07:38
15317,tick05,13:07:39
15318,tick05,13:07:39
15319,tick05,13:07:40
15320,tick05,13:07:40
15321,tick05,13:07:41
15322,tick05,13:07:41
15323,tick05,13:07:42
15324,tick05,13:07:42
15325,tick05,13:07:43
15326,tick05,13:07:43
15327,tick05,13:07:44
15328,tick05,13:07:44
15329,tick05,13:07:45
15330,tick05,13:07:45
15331,tick05,13:07:46
15332,tick05,13:07:46
15333,tick05,13:07:47
15334,tick05,13:07:47
15335,tick05,13:07:48
15336,tick05,13:07:48
15337,tick05,13:07:49
15338,tick05,13:07:49
15339,tick05,13:07:50
15340,tick05,13:07:50
15341,tick05,13:07:51
15342,tick05,13:07:51
15343,tick05,13:07:52
15344,tick05,13:07:52
15345,tick05,13:07:53
15346,tick05,13:07:53
15347,tick05,13:07:54
15348,tick05,13:07:54
15349,tick05,13:07:55
15350,tick05,13:07:55
15351,tick05,13:07:56
15352,tick05,13:07:56
15353,tick05,13:07:57
15354,tick05,13:07:57
15355,tick05,13:07:58
15356,tick05,13:07:58
15357,tick05,13:07:59
15358,tick05,13:07:59
15359,tick05,13:08:00
15360,tick05,13:08:00
15361,tick05,13:08:01
15362,tick05,13:08:01
15363,tick05,13:08:02
15364,tick05,13:08:02
15365,tick05,13:08:03
15366,tick05,13:08:03
15367,tick05,13:08:04
15368,tick05,13:08:04
15369,tick05,13:08:05
15370,tick05,13:08:05
15371,tick05,13:08:06
15372,tick05,13:08:06
15373,tick05,13:08:07
15374,tick05,13:08:07
15375,tick05,13:08:08
15376,tick05,13:08:08
15377,tick05,13:08:09
15378,tick05,13:08:09
15379,tick05,13:08:10
15380,tick05,13:08:10
15381,tick05,13:08:11
15382,tick05,13:08:11
15383,tick05,13:08:12
15384,tick05,13:08:12
15385,tick05,13:08:13
15386,tick05,13:08:13
15387,tick05,13:08:14
15388,tick05,13:08:14
15389,tick05,13:08:15
15390,tick05,13:08:15
15391,tick05,13:08:16
15392,tick05,13:08:16
15393,tick05,13:08:17
15394,tick05,13:08:17
15395,tick05,13:08:18
15396,tick05,13:08:18
15397,tick05,13:08:19
15398,tick05,13:08:19
15399,tick05,13:08:20
15400,tick05,13:08:20
15401,tick05,13:08:21
15402,tick05,13:08:21
15403,tick05,13:08:22
15404,tick05,13:08:22
15405,tick05,13:08:23
15406,tick05,13:08:23
15407,tick05,13:08:24
15408,tick05,13:08:24
15409,tick05,13:08:25
15410,tick05,13:08:25
15411,tick05,13:08:26
15412,tick05,13:08:26
15413,tick05,13:08:27
15414,tick05,13:08:27
15415,tick05,13:08:28
15416,tick05,13:08:28
15417,tick05,13:08:29
15418,tick05,13:08:29
15419,tick05,13:08:30
15420,tick05,13:08:30
15421,tick05,13:08:31
15422,tick05,13:08:31
15423,tick05,13:08:32
15424,tick05,13:08:32
15425,tick05,13:08:33
15426,tick05,13:08:33
15427,tick05,13:08:34
15428,tick05,13:08:34
15429,tick05,13:08:35
15430,tick05,13:08:35
15431,tick05,13:08:36
15432,tick05,13:08:36
15433,tick05,13:08:37
15434,tick05,13:08:37
15435,tick05,13:08:38
15436,tick05,13:08:38
15437,tick05,13:08:39
15438,tick05,13:08:39
15439,tick05,13:08:40
15440,tick05,13:08:40
15441,tick05,13:08:41
15442,tick05,13:08:41
15443,tick05,13:08:42
15444,tick05,13:08:42
15445,tick05,13:08:43
15446,tick05,13:08:43
15447,tick05,13:08:44
15448,tick05,13:08:44
15449,tick05,13:08:45
15450,tick05,13:08:45
15451,tick05,13:08:46
15452,tick05,13:08:46
15453,tick05,13:08:47
15454,tick05,13:08:47
15455,tick05,13:08:48
15456,tick05,13:08:48
15457,tick05,13:08:49
15458,tick05,13:08:49
15459,tick05,13:08:50
15460,tick05,13:08:50
15461,tick05,13:08:51
15462,tick05,13:08:51
15463,tick05,13:08:52
15464,tick05,13:08:52
15465,tick05,13:08:53
15466,tick05,13:08:53
15467,tick05,13:08:54
15468,tick05,13:08:54
15469,tick05,13:08:55
15470,tick05,13:08:55
15471,tick05,13:08:56
15472,tick05,13:08:56
15473,tick05,13:08:57
15474,tick05,13:08:57
15475,tick05,13:08:58
15476,tick05,13:08:58
15477,tick05,13:08:59
15478,tick05,13:08:59
15479,tick05,13:09:00
15480,tick05,13:09:00
15481,tick05,13:09:01
15482,tick05,13:09:01
15483,tick05,13:09:02
15484,tick05,13:09:02
15485,tick05,13:09:03
15486,tick05,13:09:03
15487,tick05,13:09:04
15488,tick05,13:09:04
15489,tick05,13:09:05
15490,tick05,13:09:05
15491,tick05,13:09:06
15492,tick05,13:09:06
15493,tick05,13:09:07
15494,tick05,13:09:07
15495,tick05,13:09:08
15496,tick05,13:09:08
15497,tick05,13:09:09
15498,tick05,13:09:09
15499,tick05,13:09:10
15500,tick05,13:09:10
15501,tick05,13:09:11
15502,tick05,13:09:11
15503,tick05,13:09:12
15504,tick05,13:09:12
15505,tick05,13:09:13
15506,tick05,13:09:13
15507,tick05,13:09:14
15508,tick05,13:09:14
15509,tick05,13:09:15
15510,tick05,13:09:15
15511,tick05,13:09:16
15512,tick05,13:09:16
15513,tick05,13:09:17
15514,tick05,13:09:17
15515,tick05,13:09:18
15516,tick05,13:09:18
15517,tick05,13:09:19
15518,tick05,13:09:19
15519,tick05,13:09:20
15520,tick05,13:09:20
15521,tick05,13:09:21
15522,tick05,13:09:21
15523,tick05,13:09:22
15524,tick05,13:09:22
15525,tick05,13:09:23
15526,tick05,13:09:23
15527,tick05,13:09:24
15528,tick05,13:09:24
15529,tick05,13:09:25
15530,tick05,13:09:25
15531,tick05,13:09:26
15532,tick05,13:09:26
15533,tick05,13:09:27
15534,tick05,13:09:27
15535,tick05,13:09:28
15536,tick05,13:09:28
15537,tick05,13:09:29
15538,tick05,13:09:29
15539,tick05,13:09:30
15540,tick05,13:09:30
15541,tick05,13:09:31
15542,tick05,13:09:31
15543,tick05,13:09:32
15544,tick05,13:09:32
15545,tick05,13:09:33
15546,tick05,13:09:33
15547,tick05,13:09:34
15548,tick05,13:09:34
15549,tick05,13:09:35
15550,tick05,13:09:35
15551,tick05,13:09:36
15552,tick05,13:09:36
15553,tick05,13:09:37
15554,tick05,13:09:37
15555,tick05,13:09:38
15556,tick05,13:09:38
15557,tick05,13:09:39
15558,tick05,13:09:39
15559,tick05,13:09:40
15560,tick05,13:09:40
15561,tick05,13:09:41
15562,tick05,13:09:41
15563,tick05,13:09:42
15564,tick05,13:09:42
15565,tick05,13:09:43
15566,tick05,13:09:43
15567,tick05,13:09:44
15568,tick05,13:09:44
15569,tick05,13:09:45
15570,tick05,13:09:45
15571,tick05,13:09:46
15572,tick05,13:09:46
15573,tick05,13:09:47
15574,tick05,13:09:47
15575,tick05,13:09:48
15576,tick05,13:09:48
15577,tick05,13:09:49
15578,tick05,13:09:49
15579,tick05,13:09:50
15580,tick05,13:09:50
15581,tick05,13:09:51
15582,tick05,13:09:51
15583,tick05,13:09:52
15584,tick05,13:09:52
15585,tick05,13:09:53
15586,tick05,13:09:53
15587,tick05,13:09:54
15588,tick05,13:09:54
15589,tick05,13:09:55
15590,tick05,13:09:55
15591,tick05,13:09:56
15592,tick05,13:09:56
15593,tick05,13:09:57
15594,tick05,13:09:57
15595,tick05,13:09:58
15596,tick05,13:09:58
15597,tick05,13:09:59
15598,tick05,13:09:59
15599,tick05,13:10:00
15600,tick05,13:10:00
15601,tick05,13:10:01
15602,tick05,13:10:01
15603,tick05,13:10:02
15604,tick05,13:10:02
15605,tick05,13:10:03
15606,tick05,13:10:03
15607,tick05,13:10:04
15608,tick05,13:10:04
15609,tick05,13:10:05
15610,tick05,13:10:05
15611,tick05,13:10:06
15612,tick05,13:10:06
15613,tick05,13:10:07
15614,tick05,13:10:07
15615,tick05,13:10:08
15616,tick05,13:10:08
15617,tick05,13:10:09
15618,tick05,13:10:09
15619,tick05,13:10:10
15620,tick05,13:10:10
15621,tick05,13:10:11
15622,tick05,13:10:11
15623,tick05,13:10:12
15624,tick05,13:10:12
15625,tick05,13:10:13
15626,tick05,13:10:13
15627,tick05,13:10:14
15628,tick05,13:10:14
15629,tick05,13:10:15
15630,tick05,13:10:15
15631,tick05,13:10:16
15632,tick05,13:10:16
15633,tick05,13:10:17
15634,tick05,13:10:17
15635,tick05,13:10:18
15636,tick05,13:10:18
15637,tick05,13:10:19
15638,tick05,13:10:19
15639,tick05,13:10:20
15640,tick05,13:10:20
15641,tick05,13:10:21
15642,tick05,13:10:21
15643,tick05,13:10:22
15644,tick05,13:10:22
15645,tick05,13:10:23
15646,tick05,13:10:23
15647,tick05,13:10:24
15648,tick05,13:10:24
15649,tick05,13:10:25
15650,tick05,13:10:25
15651,tick05,13:10:26
15652,tick05,13:10:26
15653,tick05,13:10:27
15654,tick05,13:10:27
15655,tick05,13:10:28
15656,tick05,13:10:28
15657,tick05,13:10:29
15658,tick05,13:10:29
15659,tick05,13:10:30
15660,tick05,13:10:30
15661,tick05,13:10:31
15662,tick05,13:10:31
15663,tick05,13:10:32
15664,tick05,13:10:32
15665,tick05,13:10:33
15666,tick05,13:10:33
15667,tick05,13:10:34
15668,tick05,13:10:34
15669,tick05,13:10:35
15670,tick05,13:10:35
15671,tick05,13:10:36
15672,tick05,13:10:36
15673,tick05,13:10:37
15674,tick05,13:10:37
15675,tick05,13:10:38
15676,tick05,13:10:38
15677,tick05,13:10:39
15678,tick05,13:10:39
15679,tick05,13:10:40
15680,tick05,13:10:40
15681,tick05,13:10:41
15682,tick05,13:10:41
15683,tick05,13:10:42
15684,tick05,13:10:42
15685,tick05,13:10:43
15686,tick05,13:10:43
15687,tick05,13:10:44
15688,tick05,13:10:44
15689,tick05,13:10:45
15690,tick05,13:10:45
15691,tick05,13:10:46
15692,tick05,13:10:46
15693,tick05,13:10:47
15694,tick05,13:10:47
15695,tick05,13:10:48
15696,tick05,13:10:48
15697,tick05,13:10:49
15698,tick05,13:10:49
15699,tick05,13:10:50
15700,tick05,13:10:50
15701,tick05,13:10:51
15702,tick05,13:10:51
15703,tick05,13:10:52
15704,tick05,13:10:52
15705,tick05,13:10:53
15706,tick05,13:10:53
15707,tick05,13:10:54
15708,tick05,13:10:54
15709,tick05,13:10:55
15710,tick05,13:10:55
15711,tick05,13:10:56
15712,tick05,13:10:56
15713,tick05,13:10:57
15714,tick05,13:10:57
15715,tick05,13:10:58
15716,tick05,13:10:58
15717,tick05,13:10:59
15718,tick05,13:10:59
15719,tick05,13:11:00
15720,tick05,13:11:00
15721,tick05,13:11:01
15722,tick05,13:11:01
15723,tick05,13:11:02
15724,tick05,13:11:02
15725,tick05,13:11:03
15726,tick05,13:11:03
15727,tick05,13:11:04
15728,tick05,13:11:04
15729,tick05,13:11:05
15730,tick05,13:11:05
15731,tick05,13:11:06
15732,tick05,13:11:06
15733,tick05,13:11:07
15734,tick05,13:11:07
15735,tick05,13:11:08
15736,tick05,13:11:08
15737,tick05,13:11:09
15738,tick05,13:11:09
15739,tick05,13:11:10
15740,tick05,13:11:10
15741,tick05,13:11:11
15742,tick05,13:11:11
15743,tick05,13:11:12
15744,tick05,13:11:12
15745,tick05,13:11:13
15746,tick05,13:11:13
15747,tick05,13:11:14
15748,tick05,13:11:14
15749,tick05,13:11:15
15750,tick05,13:11:15
15751,tick05,13:11:16
15752,tick05,13:11:16
15753,tick05,13:11:17
15754,tick05,13:11:17
15755,tick05,13:11:18
15756,tick05,13:11:18
15757,tick05,13:11:19
15758,tick05,13:11:19
15759,tick05,13:11:20
15760,tick05,13:11:20
15761,tick05,13:11:21
15762,tick05,13:11:21
15763,tick05,13:11:22
15764,tick05,13:11:22
15765,tick05,13:11:23
15766,tick05,13:11:23
15767,tick05,13:11:24
15768,tick05,13:11:24
15769,tick05,13:11:25
15770,tick05,13:11:25
15771,tick05,13:11:26
15772,tick05,13:11:26
15773,tick05,13:11:27
15774,tick05,13:11:27
15775,tick05,13:11:28
15776,tick05,13:11:28
15777,tick05,13:11:29
15778,tick05,13:11:29
15779,tick05,13:11:30
15780,tick05,13:11:30
15781,tick05,13:11:31
15782,tick05,13:11:31
15783,tick05,13:11:32
15784,tick05,13:11:32
15785,tick05,13:11:33
15786,tick05,13:11:33
15787,tick05,13:11:34
15788,tick05,13:11:34
15789,tick05,13:11:35
15790,tick05,13:11:35
15791,tick05,13:11:36
15792,tick05,13:11:36
15793,tick05,13:11:37
15794,tick05,13:11:37
15795,tick05,13:11:38
15796,tick05,13:11:38
15797,tick05,13:11:39
15798,tick05,13:11:39
15799,tick05,13:11:40
15800,tick05,13:11:40
15801,tick05,13:11:41
15802,tick05,13:11:41
15803,tick05,13:11:42
15804,tick05,13:11:42
15805,tick05,13:11:43
15806,tick05,13:11:43
15807,tick05,13:11:44
15808,tick05,13:11:44
15809,tick05,13:11:45
15810,tick05,13:11:45
15811,tick05,13:11:46
15812,tick05,13:11:46
15813,tick05,13:11:47
15814,tick05,13:11:47
15815,tick05,13:11:48
15816,tick05,13:11:48
15817,tick05,13:11:49
15818,tick05,13:11:49
15819,tick05,13:11:50
15820,tick05,13:11:50
15821,tick05,13:11:51
15822,tick05,13:11:51
15823,tick05,13:11:52
15824,tick05,13:11:52
15825,tick05,13:11:53
15826,tick05,13:11:53
15827,tick05,13:11:54
15828,tick05,13:11:54
15829,tick05,13:11:55
15830,tick05,13:11:55
15831,tick05,13:11:56
15832,tick05,13:11:56
15833,tick05,13:11:57
15834,tick05,13:11:57
15835,tick05,13:11:58
15836,tick05,13:11:58
15837,tick05,13:11:59
15838,tick05,13:11:59
15839,tick05,13:12:00
15840,tick05,13:12:00
15841,tick05,13:12:01
15842,tick05,13:12:01
15843,tick05,13:12:02
15844,tick05,13:12:02
15845,tick05,13:12:03
15846,tick05,13:12:03
15847,tick05,13:12:04
15848,tick05,13:12:04
15849,tick05,13:12:05
15850,tick05,13:12:05
15851,tick05,13:12:06
15852,tick05,13:12:06
15853,tick05,13:12:07
15854,tick05,13:12:07
15855,tick05,13:12:08
15856,tick05,13:12:08
15857,tick05,13:12:09
15858,tick05,13:12:09
15859,tick05,13:12:10
15860,tick05,13:12:10
15861,tick05,13:12:11
15862,tick05,13:12:11
15863,tick05,13:12:12
15864,tick05,13:12:12
15865,tick05,13:12:13
15866,tick05,13:12:13
15867,tick05,13:12:14
15868,tick05,13:12:14
15869,tick05,13:12:15
15870,tick05,13:12:15
15871,tick05,13:12:16
15872,tick05,13:12:16
15873,tick05,13:12:17
15874,tick05,13:12:17
15875,tick05,13:12:18
15876,tick05,13:12:18
15877,tick05,13:12:19
15878,tick05,13:12:19
15879,tick05,13:12:20
15880,tick05,13:12:20
15881,tick05,13:12:21
15882,tick05,13:12:21
15883,tick05,13:12:22
15884,tick05,13:12:22
15885,tick05,13:12:23
15886,tick05,13:12:23
15887,tick05,13:12:24
15888,tick05,13:12:24
15889,tick05,13:12:25
15890,tick05,13:12:25
15891,tick05,13:12:26
15892,tick05,13:12:26
15893,tick05,13:12:27
15894,tick05,13:12:27
15895,tick05,13:12:28
15896,tick05,13:12:28
15897,tick05,13:12:29
15898,tick05,13:12:29
15899,tick05,13:12:30
15900,tick05,13:12:30
15901,tick05,13:12:31
15902,tick05,13:12:31
15903,tick05,13:12:32
15904,tick05,13:12:32
15905,tick05,13:12:33
15906,tick05,13:12:33
15907,tick05,13:12:34
15908,tick05,13:12:34
15909,tick05,13:12:35
15910,tick05,13:12:35
15911,tick05,13:12:36
15912,tick05,13:12:36
15913,tick05,13:12:37
15914,tick05,13:12:37
15915,tick05,13:12:38
15916,tick05,13:12:38
15917,tick05,13:12:39
15918,tick05,13:12:39
15919,tick05,13:12:40
15920,tick05,13:12:40
15921,tick05,13:12:41
15922,tick05,13:12:41
15923,tick05,13:12:42
15924,tick05,13:12:42
15925,tick05,13:12:43
15926,tick05,13:12:43
15927,tick05,13:12:44
15928,tick05,13:12:44
15929,tick05,13:12:45
15930,tick05,13:12:45
15931,tick05,13:12:46
15932,tick05,13:12:46
15933,tick05,13:12:47
15934,tick05,13:12:47
15935,tick05,13:12:48
15936,tick05,13:12:48
15937,tick05,13:12:49
15938,tick05,13:12:49
15939,tick05,13:12:50
15940,tick05,13:12:50
15941,tick05,13:12:51
15942,tick05,13:12:51
15943,tick05,13:12:52
15944,tick05,13:12:52
15945,tick05,13:12:53
15946,tick05,13:12:53
15947,tick05,13:12:54
15948,tick05,13:12:54
15949,tick05,13:12:55
15950,tick05,13:12:55
15951,tick05,13:12:56
15952,tick05,13:12:56
15953,tick05,13:12:57
15954,tick05,13:12:57
15955,tick05,13:12:58
15956,tick05,13:12:58
15957,tick05,13:12:59
15958,tick05,13:12:59
15959,tick05,13:13:00
15960,tick05,13:13:00
15961,tick05,13:13:01
15962,tick05,13:13:01
15963,tick05,13:13:02
15964,tick05,13:13:02
15965,tick05,13:13:03
15966,tick05,13:13:03
15967,tick05,13:13:04
15968,tick05,13:13:04
15969,tick05,13:13:05
15970,tick05,13:13:05
15971,tick05,13:13:06
15972,tick05,13:13:06
15973,tick05,13:13:07
15974,tick05,13:13:07
15975,tick05,13:13:08
15976,tick05,13:13:08
15977,tick05,13:13:09
15978,tick05,13:13:09
15979,tick05,13:13:10
15980,tick05,13:13:10
15981,tick05,13:13:11
15982,tick05,13:13:11
15983,tick05,13:13:12
15984,tick05,13:13:12
15985,tick05,13:13:13
15986,tick05,13:13:13
15987,tick05,13:13:14
15988,tick05,13:13:14
15989,tick05,13:13:15
15990,tick05,13:13:15
15991,tick05,13:13:16
15992,tick05,13:13:16
15993,tick05,13:13:17
15994,tick05,13:13:17
15995,tick05,13:13:18
15996,tick05,13:13:18
15997,tick05,13:13:19
15998,tick05,13:13:19
15999,tick05,13:13:20
16000,tick05,13:13:20
16001,tick05,13:13:21
16002,tick05,13:13:21
16003,tick05,13:13:22
16004,tick05,13:13:22
16005,tick05,13:13:23
16006,tick05,13:13:23
16007,tick05,13:13:24
16008,tick05,13:13:24
16009,tick05,13:13:25
16010,tick05,13:13:25
16011,tick05,13:13:26
16012,tick05,13:13:26
16013,tick05,13:13:27
16014,tick05,13:13:27
16015,tick05,13:13:28
16016,tick05,13:13:28
16017,tick05,13:13:29
16018,tick05,13:13:29
16019,tick05,13:13:30
16020,tick05,13:13:30
16021,tick05,13:13:31
16022,tick05,13:13:31
16023,tick05,13:13:32
16024,tick05,13:13:32
16025,tick05,13:13:33
16026,tick05,13:13:33
16027,tick05,13:13:34
16028,tick05,13:13:34
16029,tick05,13:13:35
16030,tick05,13:13:35
16031,tick05,13:13:36
16032,tick05,13:13:36
16033,tick05,13:13:37
16034,tick05,13:13:37
16035,tick05,13:13:38
16036,tick05,13:13:38
16037,tick05,13:13:39
16038,tick05,13:13:39
16039,tick05,13:13:40
16040,tick05,13:13:40
16041,tick05,13:13:41
16042,tick05,13:13:41
16043,tick05,13:13:42
16044,tick05,13:13:42
16045,tick05,13:13:43
16046,tick05,13:13:43
16047,tick05,13:13:44
16048,tick05,13:13:44
16049,tick05,13:13:45
16050,tick05,13:13:45
16051,tick05,13:13:46
16052,tick05,13:13:46
16053,tick05,13:13:47
16054,tick05,13:13:47
16055,tick05,13:13:48
16056,tick05,13:13:48
16057,tick05,13:13:49
16058,tick05,13:13:49
16059,tick05,13:13:50
16060,tick05,13:13:50
16061,tick05,13:13:51
16062,tick05,13:13:51
16063,tick05,13:13:52
16064,tick05,13:13:52
16065,tick05,13:13:53
16066,tick05,13:13:53
16067,tick05,13:13:54
16068,tick05,13:13:54
16069,tick05,13:13:55
16070,tick05,13:13:55
16071,tick05,13:13:56
16072,tick05,13:13:56
16073,tick05,13:13:57
16074,tick05,13:13:57
16075,tick05,13:13:58
16076,tick05,13:13:58
16077,tick05,13:13:59
16078,tick05,13:13:59
16079,tick05,13:14:00
16080,tick05,13:14:00
16081,tick05,13:14:01
16082,tick05,13:14:01
16083,tick05,13:14:02
16084,tick05,13:14:02
16085,tick05,13:14:03
16086,tick05,13:14:03
16087,tick05,13:14:04
16088,tick05,13:14:04
16089,tick05,13:14:05
16090,tick05,13:14:05
16091,tick05,13:14:06
16092,tick05,13:14:06
16093,tick05,13:14:07
16094,tick05,13:14:07
16095,tick05,13:14:08
16096,tick05,13:14:08
16097,tick05,13:14:09
16098,tick05,13:14:09
16099,tick05,13:14:10
16100,tick05,13:14:10
16101,tick05,13:14:11
16102,tick05,13:14:11
16103,tick05,13:14:12
16104,tick05,13:14:12
16105,tick05,13:14:13
16106,tick05,13:14:13
16107,tick05,13:14:14
16108,tick05,13:14:14
16109,tick05,13:14:15
16110,tick05,13:14:15
16111,tick05,13:14:16
16112,tick05,13:14:16
16113,tick05,13:14:17
16114,tick05,13:14:17
16115,tick05,13:14:18
16116,tick05,13:14:18
16117,tick05,13:14:19
16118,tick05,13:14:19
16119,tick05,13:14:20
16120,tick05,13:14:20
16121,tick05,13:14:21
16122,tick05,13:14:21
16123,tick05,13:14:22
16124,tick05,13:14:22
16125,tick05,13:14:23
16126,tick05,13:14:23
16127,tick05,13:14:24
16128,tick05,13:14:24
16129,tick05,13:14:25
16130,tick05,13:14:25
16131,tick05,13:14:26
16132,tick05,13:14:26
16133,tick05,13:14:27
16134,tick05,13:14:27
16135,tick05,13:14:28
16136,tick05,13:14:28
16137,tick05,13:14:29
16138,tick05,13:14:29
16139,tick05,13:14:30
16140,tick05,13:14:30
16141,tick05,13:14:31
16142,tick05,13:14:31
16143,tick05,13:14:32
16144,tick05,13:14:32
16145,tick05,13:14:33
16146,tick05,13:14:33
16147,tick05,13:14:34
16148,tick05,13:14:34
16149,tick05,13:14:35
16150,tick05,13:14:35
16151,tick05,13:14:36
16152,tick05,13:14:36
16153,tick05,13:14:37
16154,tick05,13:14:37
16155,tick05,13:14:38
16156,tick05,13:14:38
16157,tick05,13:14:39
16158,tick05,13:14:39
16159,tick05,13:14:40
16160,tick05,13:14:40
16161,tick05,13:14:41
16162,tick05,13:14:41
16163,tick05,13:14:42
16164,tick05,13:14:42
16165,tick05,13:14:43
16166,tick05,13:14:43
16167,tick05,13:14:44
16168,tick05,13:14:44
16169,tick05,13:14:45
16170,tick05,13:14:45
16171,tick05,13:14:46
16172,tick05,13:14:46
16173,tick05,13:14:47
16174,tick05,13:14:47
16175,tick05,13:14:48
16176,tick05,13:14:48
16177,tick05,13:14:49
16178,tick05,13:14:49
16179,tick05,13:14:50
16180,tick05,13:14:50
16181,tick05,13:14:51
16182,tick05,13:14:51
16183,tick05,13:14:52
16184,tick05,13:14:52
16185,tick05,13:14:53
16186,tick05,13:14:53
16187,tick05,13:14:54
16188,tick05,13:14:54
16189,tick05,13:14:55
16190,tick05,13:14:55
16191,tick05,13:14:56
16192,tick05,13:14:56
16193,tick05,13:14:57
16194,tick05,13:14:57
16195,tick05,13:14:58
16196,tick05,13:14:58
16197,tick05,13:14:59
16198,tick05,13:14:59
16199,tick05,13:15:00
16200,tick05,13:15:00
16201,tick05,13:15:01
16202,tick05,13:15:01
16203,tick05,13:15:02
16204,tick05,13:15:02
16205,tick05,13:15:03
16206,tick05,13:15:03
16207,tick05,13:15:04
16208,tick05,13:15:04
16209,tick05,13:15:05
16210,tick05,13:15:05
16211,tick05,13:15:06
16212,tick05,13:15:06
16213,tick05,13:15:07
16214,tick05,13:15:07
16215,tick05,13:15:08
16216,tick05,13:15:08
16217,tick05,13:15:09
16218,tick05,13:15:09
16219,tick05,13:15:10
16220,tick05,13:15:10
16221,tick05,13:15:11
16222,tick05,13:15:11
16223,tick05,13:15:12
16224,tick05,13:15:12
16225,tick05,13:15:13
16226,tick05,13:15:13
16227,tick05,13:15:14
16228,tick05,13:15:14
16229,tick05,13:15:15
16230,tick05,13:15:15
16231,tick05,13:15:16
16232,tick05,13:15:16
16233,tick05,13:15:17
16234,tick05,13:15:17
16235,tick05,13:15:18
16236,tick05,13:15:18
16237,tick05,13:15:19
16238,tick05,13:15:19
16239,tick05,13:15:20
16240,tick05,13:15:20
16241,tick05,13:15:21
16242,tick05,13:15:21
16243,tick05,13:15:22
16244,tick05,13:15:22
16245,tick05,13:15:23
16246,tick05,13:15:23
16247,tick05,13:15:24
16248,tick05,13:15:24
16249,tick05,13:15:25
16250,tick05,13:15:25
16251,tick05,13:15:26
16252,tick05,13:15:26
16253,tick05,13:15:27
16254,tick05,13:15:27
16255,tick05,13:15:28
16256,tick05,13:15:28
16257,tick05,13:15:29
16258,tick05,13:15:29
16259,tick05,13:15:30
16260,tick05,13:15:30
16261,tick05,13:15:31
16262,tick05,13:15:31
16263,tick05,13:15:32
16264,tick05,13:15:32
16265,tick05,13:15:33
16266,tick05,13:15:33
16267,tick05,13:15:34
16268,tick05,13:15:34
16269,tick05,13:15:35
16270,tick05,13:15:35
16271,tick05,13:15:36
16272,tick05,13:15:36
16273,tick05,13:15:37
16274,tick05,13:15:37
16275,tick05,13:15:38
16276,tick05,13:15:38
16277,tick05,13:15:39
16278,tick05,13:15:39
16279,tick05,13:15:40
16280,tick05,13:15:40
16281,tick05,13:15:41
16282,tick05,13:15:41
16283,tick05,13:15:42
16284,tick05,13:15:42
16285,tick05,13:15:43
16286,tick05,13:15:43
16287,tick05,13:15:44
16288,tick05,13:15:44
16289,tick05,13:15:45
16290,tick05,13:15:45
16291,tick05,13:15:46
16292,tick05,13:15:46
16293,tick05,13:15:47
16294,tick05,13:15:47
16295,tick05,13:15:48
16296,tick05,13:15:48
16297,tick05,13:15:49
16298,tick05,13:15:49
16299,tick05,13:15:50
16300,tick05,13:15:50
16301,tick05,13:15:51
16302,tick05,13:15:51
16303,tick05,13:15:52
16304,tick05,13:15:52
16305,tick05,13:15:53
16306,tick05,13:15:53
16307,tick05,13:15:54
16308,tick05,13:15:54
16309,tick05,13:15:55
16310,tick05,13:15:55
16311,tick05,13:15:56
16312,tick05,13:15:56
16313,tick05,13:15:57
16314,tick05,13:15:57
16315,tick05,13:15:58
16316,tick05,13:15:58
16317,tick05,13:15:59
16318,tick05,13:15:59
16319,tick05,13:16:00
16320,tick05,13:16:00
16321,tick05,13:16:01
16322,tick05,13:16:01
16323,tick05,13:16:02
16324,tick05,13:16:02
16325,tick05,13:16:03
16326,tick05,13:16:03
16327,tick05,13:16:04
16328,tick05,13:16:04
16329,tick05,13:16:05
16330,tick05,13:16:05
16331,tick05,13:16:06
16332,tick05,13:16:06
16333,tick05,13:16:07
16334,tick05,13:16:07
16335,tick05,13:16:08
16336,tick05,13:16:08
16337,tick05,13:16:09
16338,tick05,13:16:09
16339,tick05,13:16:10
16340,tick05,13:16:10
16341,tick05,13:16:11
16342,tick05,13:16:11
16343,tick05,13:16:12
16344,tick05,13:16:12
16345,tick05,13:16:13
16346,tick05,13:16:13
16347,tick05,13:16:14
16348,tick05,13:16:14
16349,tick05,13:16:15
16350,tick05,13:16:15
16351,tick05,13:16:16
16352,tick05,13:16:16
16353,tick05,13:16:17
16354,tick05,13:16:17
16355,tick05,13:16:18
16356,tick05,13:16:18
16357,tick05,13:16:19
16358,tick05,13:16:19
16359,tick05,13:16:20
16360,tick05,13:16:20
16361,tick05,13:16:21
16362,tick05,13:16:21
16363,tick05,13:16:22
16364,tick05,13:16:22
16365,tick05,13:16:23
16366,tick05,13:16:23
16367,tick05,13:16:24
16368,tick05,13:16:24
16369,tick05,13:16:25
16370,tick05,13:16:25
16371,tick05,13:16:26
16372,tick05,13:16:26
16373,tick05,13:16:27
16374,tick05,13:16:27
16375,tick05,13:16:28
16376,tick05,13:16:28
16377,tick05,13:16:29
16378,tick05,13:16:29
16379,tick05,13:16:30
16380,tick05,13:16:30
16381,tick05,13:16:31
16382,tick05,13:16:31
16383,tick05,13:16:32
16384,tick05,13:16:32
16385,tick05,13:16:33
16386,tick05,13:16:33
16387,tick05,13:16:34
16388,tick05,13:16:34
16389,tick05,13:16:35
16390,tick05,13:16:35
16391,tick05,13:16:36
16392,tick05,13:16:36
16393,tick05,13:16:37
16394,tick05,13:16:37
16395,tick05,13:16:38
16396,tick05,13:16:38
16397,tick05,13:16:39
16398,tick05,13:16:39
16399,tick05,13:16:40
16400,tick05,13:16:40
16401,tick05,13:16:41
16402,tick05,13:16:41
16403,tick05,13:16:42
16404,tick05,13:16:42
16405,tick05,13:16:43
16406,tick05,13:16:43
16407,tick05,13:16:44
16408,tick05,13:16:44
16409,tick05,13:16:45
16410,tick05,13:16:45
16411,tick05,13:16:46
16412,tick05,13:16:46
16413,tick05,13:16:47
16414,tick05,13:16:47
16415,tick05,13:16:48
16416,tick05,13:16:48
16417,tick05,13:16:49
16418,tick05,13:16:49
16419,tick05,13:16:50
16420,tick05,13:16:50
16421,tick05,13:16:51
16422,tick05,13:16:51
16423,tick05,13:16:52
16424,tick05,13:16:52
16425,tick05,13:16:53
16426,tick05,13:16:53
16427,tick05,13:16:54
16428,tick05,13:16:54
16429,tick05,13:16:55
16430,tick05,13:16:55
16431,tick05,13:16:56
16432,tick05,13:16:56
16433,tick05,13:16:57
16434,tick05,13:16:57
16435,tick05,13:16:58
16436,tick05,13:16:58
16437,tick05,13:16:59
16438,tick05,13:16:59
16439,tick05,13:17:00
16440,tick05,13:17:00
16441,tick05,13:17:01
16442,tick05,13:17:01
16443,tick05,13:17:02
16444,tick05,13:17:02
16445,tick05,13:17:03
16446,tick05,13:17:03
16447,tick05,13:17:04
16448,tick05,13:17:04
16449,tick05,13:17:05
16450,tick05,13:17:05
16451,tick05,13:17:06
16452,tick05,13:17:06
16453,tick05,13:17:07
16454,tick05,13:17:07
16455,tick05,13:17:08
16456,tick05,13:17:08
16457,tick05,13:17:09
16458,tick05,13:17:09
16459,tick05,13:17:10
16460,tick05,13:17:10
16461,tick05,13:17:11
16462,tick05,13:17:11
16463,tick05,13:17:12
16464,tick05,13:17:12
16465,tick05,13:17:13
16466,tick05,13:17:13
16467,tick05,13:17:14
16468,tick05,13:17:14
16469,tick05,13:17:15
16470,tick05,13:17:15
16471,tick05,13:17:16
16472,tick05,13:17:16
16473,tick05,13:17:17
16474,tick05,13:17:17
16475,tick05,13:17:18
16476,tick05,13:17:18
16477,tick05,13:17:19
16478,tick05,13:17:19
16479,tick05,13:17:20
16480,tick05,13:17:20
16481,tick05,13:17:21
16482,tick05,13:17:21
16483,tick05,13:17:22
16484,tick05,13:17:22
16485,tick05,13:17:23
16486,tick05,13:17:23
16487,tick05,13:17:24
16488,tick05,13:17:24
16489,tick05,13:17:25
16490,tick05,13:17:25
16491,tick05,13:17:26
16492,tick05,13:17:26
16493,tick05,13:17:27
16494,tick05,13:17:27
16495,tick05,13:17:28
16496,tick05,13:17:28
16497,tick05,13:17:29
16498,tick05,13:17:29
16499,tick05,13:17:30
16500,tick05,13:17:30
16501,tick05,13:17:31
16502,tick05,13:17:31
16503,tick05,13:17:32
16504,tick05,13:17:32
16505,tick05,13:17:33
16506,tick05,13:17:33
16507,tick05,13:17:34
16508,tick05,13:17:34
16509,tick05,13:17:35
16510,tick05,13:17:35
16511,tick05,13:17:36
16512,tick05,13:17:36
16513,tick05,13:17:37
16514,tick05,13:17:37
16515,tick05,13:17:38
16516,tick05,13:17:38
16517,tick05,13:17:39
16518,tick05,13:17:39
16519,tick05,13:17:40
16520,tick05,13:17:40
16521,tick05,13:17:41
16522,tick05,13:17:41
16523,tick05,13:17:42
16524,tick05,13:17:42
16525,tick05,13:17:43
16526,tick05,13:17:43
16527,tick05,13:17:44
16528,tick05,13:17:44
16529,tick05,13:17:45
16530,tick05,13:17:45
16531,tick05,13:17:46
16532,tick05,13:17:46
16533,tick05,13:17:47
16534,tick05,13:17:47
16535,tick05,13:17:48
16536,tick05,13:17:48
16537,tick05,13:17:49
16538,tick05,13:17:49
16539,tick05,13:17:50
16540,tick05,13:17:50
16541,tick05,13:17:51
16542,tick05,13:17:51
16543,tick05,13:17:52
16544,tick05,13:17:52
16545,tick05,13:17:53
16546,tick05,13:17:53
16547,tick05,13:17:54
16548,tick05,13:17:54
16549,tick05,13:17:55
16550,tick05,13:17:55
16551,tick05,13:17:56
16552,tick05,13:17:56
16553,tick05,13:17:57
16554,tick05,13:17:57
16555,tick05,13:17:58
16556,tick05,13:17:58
16557,tick05,13:17:59
16558,tick05,13:17:59
16559,tick05,13:18:00
16560,tick05,13:18:00
16561,tick05,13:18:01
16562,tick05,13:18:01
16563,tick05,13:18:02
16564,tick05,13:18:02
16565,tick05,13:18:03
16566,tick05,13:18:03
16567,tick05,13:18:04
16568,tick05,13:18:04
16569,tick05,13:18:05
16570,tick05,13:18:05
16571,tick05,13:18:06
16572,tick05,13:18:06
16573,tick05,13:18:07
16574,tick05,13:18:07
16575,tick05,13:18:08
16576,tick05,13:18:08
16577,tick05,13:18:09
16578,tick05,13:18:09
16579,tick05,13:18:10
16580,tick05,13:18:10
16581,tick05,13:18:11
16582,tick05,13:18:11
16583,tick05,13:18:12
16584,tick05,13:18:12
16585,tick05,13:18:13
16586,tick05,13:18:13
16587,tick05,13:18:14
16588,tick05,13:18:14
16589,tick05,13:18:15
16590,tick05,13:18:15
16591,tick05,13:18:16
16592,tick05,13:18:16
16593,tick05,13:18:17
16594,tick05,13:18:17
16595,tick05,13:18:18
16596,tick05,13:18:18
16597,tick05,13:18:19
16598,tick05,13:18:19
16599,tick05,13:18:20
16600,tick05,13:18:20
16601,tick05,13:18:21
16602,tick05,13:18:21
16603,tick05,13:18:22
16604,tick05,13:18:22
16605,tick05,13:18:23
16606,tick05,13:18:23
16607,tick05,13:18:24
16608,tick05,13:18:24
16609,tick05,13:18:25
16610,tick05,13:18:25
16611,tick05,13:18:26
16612,tick05,13:18:26
16613,tick05,13:18:27
16614,tick05,13:18:27
16615,tick05,13:18:28
16616,tick05,13:18:28
16617,tick05,13:18:29
16618,tick05,13:18:29
16619,tick05,13:18:30
16620,tick05,13:18:30
16621,tick05,13:18:31
16622,tick05,13:18:31
16623,tick05,13:18:32
16624,tick05,13:18:32
16625,tick05,13:18:33
16626,tick05,13:18:33
16627,tick05,13:18:34
16628,tick05,13:18:34
16629,tick05,13:18:35
16630,tick05,13:18:35
16631,tick05,13:18:36
16632,tick05,13:18:36
16633,tick05,13:18:37
16634,tick05,13:18:37
16635,tick05,13:18:38
16636,tick05,13:18:38
16637,tick05,13:18:39
16638,tick05,13:18:39
16639,tick05,13:18:40
16640,tick05,13:18:40
16641,tick05,13:18:41
16642,tick05,13:18:41
16643,tick05,13:18:42
16644,tick05,13:18:42
16645,tick05,13:18:43
16646,tick05,13:18:43
16647,tick05,13:18:44
16648,tick05,13:18:44
16649,tick05,13:18:45
16650,tick05,13:18:45
16651,tick05,13:18:46
16652,tick05,13:18:46
16653,tick05,13:18:47
16654,tick05,13:18:47
16655,tick05,13:18:48
16656,tick05,13:18:48
16657,tick05,13:18:49
16658,tick05,13:18:49
16659,tick05,13:18:50
16660,tick05,13:18:50
16661,tick05,13:18:51
16662,tick05,13:18:51
16663,tick05,13:18:52
16664,tick05,13:18:52
16665,tick05,13:18:53
16666,tick05,13:18:53
16667,tick05,13:18:54
16668,tick05,13:18:54
16669,tick05,13:18:55
16670,tick05,13:18:55
16671,tick05,13:18:56
16672,tick05,13:18:56
16673,tick05,13:18:57
16674,tick05,13:18:57
16675,tick05,13:18:58
16676,tick05,13:18:58
16677,tick05,13:18:59
16678,tick05,13:18:59
16679,tick05,13:19:00
16680,tick05,13:19:00
16681,tick05,13:19:01
16682,tick05,13:19:01
16683,tick05,13:19:02
16684,tick05,13:19:02
16685,tick05,13:19:03
16686,tick05,13:19:03
16687,tick05,13:19:04
16688,tick05,13:19:04
16689,tick05,13:19:05
16690,tick05,13:19:05
16691,tick05,13:19:06
16692,tick05,13:19:06
16693,tick05,13:19:07
16694,tick05,13:19:07
16695,tick05,13:19:08
16696,tick05,13:19:08
16697,tick05,13:19:09
16698,tick05,13:19:09
16699,tick05,13:19:10
16700,tick05,13:19:10
16701,tick05,13:19:11
16702,tick05,13:19:11
16703,tick05,13:19:12
16704,tick05,13:19:12
16705,tick05,13:19:13
16706,tick05,13:19:13
16707,tick05,13:19:14
16708,tick05,13:19:14
16709,tick05,13:19:15
16710,tick05,13:19:15
16711,tick05,13:19:16
16712,tick05,13:19:16
16713,tick05,13:19:17
16714,tick05,13:19:17
16715,tick05,13:19:18
16716,tick05,13:19:18
16717,tick05,13:19:19
16718,tick05,13:19:19
16719,tick05,13:19:20
16720,tick05,13:19:20
16721,tick05,13:19:21
16722,tick05,13:19:21
16723,tick05,13:19:22
16724,tick05,13:19:22
16725,tick05,13:19:23
16726,tick05,13:19:23
16727,tick05,13:19:24
16728,tick05,13:19:24
16729,tick05,13:19:25
16730,tick05,13:19:25
16731,tick05,13:19:26
16732,tick05,13:19:26
16733,tick05,13:19:27
16734,tick05,13:19:27
16735,tick05,13:19:28
16736,tick05,13:19:28
16737,tick05,13:19:29
16738,tick05,13:19:29
16739,tick05,13:19:30
16740,tick05,13:19:30
16741,tick05,13:19:31
16742,tick05,13:19:31
16743,tick05,13:19:32
16744,tick05,13:19:32
16745,tick05,13:19:33
16746,tick05,13:19:33
16747,tick05,13:19:34
16748,tick05,13:19:34
16749,tick05,13:19:35
16750,tick05,13:19:35
16751,tick05,13:19:36
16752,tick05,13:19:36
16753,tick05,13:19:37
16754,tick05,13:19:37
16755,tick05,13:19:38
16756,tick05,13:19:38
16757,tick05,13:19:39
16758,tick05,13:19:39
16759,tick05,13:19:40
16760,tick05,13:19:40
16761,tick05,13:19:41
16762,tick05,13:19:41
16763,tick05,13:19:42
16764,tick05,13:19:42
16765,tick05,13:19:43
16766,tick05,13:19:43
16767,tick05,13:19:44
16768,tick05,13:19:44
16769,tick05,13:19:45
16770,tick05,13:19:45
16771,tick05,13:19:46
16772,tick05,13:19:46
16773,tick05,13:19:47
16774,tick05,13:19:47
16775,tick05,13:19:48
16776,tick05,13:19:48
16777,tick05,13:19:49
16778,tick05,13:19:49
16779,tick05,13:19:50
16780,tick05,13:19:50
16781,tick05,13:19:51
16782,tick05,13:19:51
16783,tick05,13:19:52
16784,tick05,13:19:52
16785,tick05,13:19:53
16786,tick05,13:19:53
16787,tick05,13:19:54
16788,tick05,13:19:54
16789,tick05,13:19:55
16790,tick05,13:19:55
16791,tick05,13:19:56
16792,tick05,13:19:56
16793,tick05,13:19:57
16794,tick05,13:19:57
16795,tick05,13:19:58
16796,tick05,13:19:58
16797,tick05,13:19:59
16798,tick05,13:19:59
16799,tick05,13:20:00
16800,tick05,13:20:00
16801,tick05,13:20:01
16802,tick05,13:20:01
16803,tick05,13:20:02
16804,tick05,13:20:02
16805,tick05,13:20:03
16806,tick05,13:20:03
16807,tick05,13:20:04
16808,tick05,13:20:04
16809,tick05,13:20:05
16810,tick05,13:20:05
16811,tick05,13:20:06
16812,tick05,13:20:06
16813,tick05,13:20:07
16814,tick05,13:20:07
16815,tick05,13:20:08
16816,tick05,13:20:08
16817,tick05,13:20:09
16818,tick05,13:20:09
16819,tick05,13:20:10
16820,tick05,13:20:10
16821,tick05,13:20:11
16822,tick05,13:20:11
16823,tick05,13:20:12
16824,tick05,13:20:12
16825,tick05,13:20:13
16826,tick05,13:20:13
16827,tick05,13:20:14
16828,tick05,13:20:14
16829,tick05,13:20:15
16830,tick05,13:20:15
16831,tick05,13:20:16
16832,tick05,13:20:16
16833,tick05,13:20:17
16834,tick05,13:20:17
16835,tick05,13:20:18
16836,tick05,13:20:18
16837,tick05,13:20:19
16838,tick05,13:20:19
16839,tick05,13:20:20
16840,tick05,13:20:20
16841,tick05,13:20:21
16842,tick05,13:20:21
16843,tick05,13:20:22
16844,tick05,13:20:22
16845,tick05,13:20:23
16846,tick05,13:20:23
16847,tick05,13:20:24
16848,tick05,13:20:24
16849,tick05,13:20:25
16850,tick05,13:20:25
16851,tick05,13:20:26
16852,tick05,13:20:26
16853,tick05,13:20:27
16854,tick05,13:20:27
16855,tick05,13:20:28
16856,tick05,13:20:28
16857,tick05,13:20:29
16858,tick05,13:20:29
16859,tick05,13:20:30
16860,tick05,13:20:30
16861,tick05,13:20:31
16862,tick05,13:20:31
16863,tick05,13:20:32
16864,tick05,13:20:32
16865,tick05,13:20:33
16866,tick05,13:20:33
16867,tick05,13:20:34
16868,tick05,13:20:34
16869,tick05,13:20:35
16870,tick05,13:20:35
16871,tick05,13:20:36
16872,tick05,13:20:36
16873,tick05,13:20:37
16874,tick05,13:20:37
16875,tick05,13:20:38
16876,tick05,13:20:38
16877,tick05,13:20:39
16878,tick05,13:20:39
16879,tick05,13:20:40
16880,tick05,13:20:40
16881,tick05,13:20:41
16882,tick05,13:20:41
16883,tick05,13:20:42
16884,tick05,13:20:42
16885,tick05,13:20:43
16886,tick05,13:20:43
16887,tick05,13:20:44
16888,tick05,13:20:44
16889,tick05,13:20:45
16890,tick05,13:20:45
16891,tick05,13:20:46
16892,tick05,13:20:46
16893,tick05,13:20:47
16894,tick05,13:20:47
16895,tick05,13:20:48
16896,tick05,13:20:48
16897,tick05,13:20:49
16898,tick05,13:20:49
16899,tick05,13:20:50
16900,tick05,13:20:50
16901,tick05,13:20:51
16902,tick05,13:20:51
16903,tick05,13:20:52
16904,tick05,13:20:52
16905,tick05,13:20:53
16906,tick05,13:20:53
16907,tick05,13:20:54
16908,tick05,13:20:54
16909,tick05,13:20:55
16910,tick05,13:20:55
16911,tick05,13:20:56
16912,tick05,13:20:56
16913,tick05,13:20:57
16914,tick05,13:20:57
16915,tick05,13:20:58
16916,tick05,13:20:58
16917,tick05,13:20:59
16918,tick05,13:20:59
16919,tick05,13:21:00
16920,tick05,13:21:00
16921,tick05,13:21:01
16922,tick05,13:21:01
16923,tick05,13:21:02
16924,tick05,13:21:02
16925,tick05,13:21:03
16926,tick05,13:21:03
16927,tick05,13:21:04
16928,tick05,13:21:04
16929,tick05,13:21:05
16930,tick05,13:21:05
16931,tick05,13:21:06
16932,tick05,13:21:06
16933,tick05,13:21:07
16934,tick05,13:21:07
16935,tick05,13:21:08
16936,tick05,13:21:08
16937,tick05,13:21:09
16938,tick05,13:21:09
16939,tick05,13:21:10
16940,tick05,13:21:10
16941,tick05,13:21:11
16942,tick05,13:21:11
16943,tick05,13:21:12
16944,tick05,13:21:12
16945,tick05,13:21:13
16946,tick05,13:21:13
16947,tick05,13:21:14
16948,tick05,13:21:14
16949,tick05,13:21:15
16950,tick05,13:21:15
16951,tick05,13:21:16
16952,tick05,13:21:16
16953,tick05,13:21:17
16954,tick05,13:21:17
16955,tick05,13:21:18
16956,tick05,13:21:18
16957,tick05,13:21:19
16958,tick05,13:21:19
16959,tick05,13:21:20
16960,tick05,13:21:20
16961,tick05,13:21:21
16962,tick05,13:21:21
16963,tick05,13:21:22
16964,tick05,13:21:22
16965,tick05,13:21:23
16966,tick05,13:21:23
16967,tick05,13:21:24
16968,tick05,13:21:24
16969,tick05,13:21:25
16970,tick05,13:21:25
16971,tick05,13:21:26
16972,tick05,13:21:26
16973,tick05,13:21:27
16974,tick05,13:21:27
16975,tick05,13:21:28
16976,tick05,13:21:28
16977,tick05,13:21:29
16978,tick05,13:21:29
16979,tick05,13:21:30
16980,tick05,13:21:30
16981,tick05,13:21:31
16982,tick05,13:21:31
16983,tick05,13:21:32
16984,tick05,13:21:32
16985,tick05,13:21:33
16986,tick05,13:21:33
16987,tick05,13:21:34
16988,tick05,13:21:34
16989,tick05,13:21:35
16990,tick05,13:21:35
16991,tick05,13:21:36
16992,tick05,13:21:36
16993,tick05,13:21:37
16994,tick05,13:21:37
16995,tick05,13:21:38
16996,tick05,13:21:38
16997,tick05,13:21:39
16998,tick05,13:21:39
16999,tick05,13:21:40
17000,tick05,13:21:40
17001,tick05,13:21:41
17002,tick05,13:21:41
17003,tick05,13:21:42
17004,tick05,13:21:42
17005,tick05,13:21:43
17006,tick05,13:21:43
17007,tick05,13:21:44
17008,tick05,13:21:44
17009,tick05,13:21:45
17010,tick05,13:21:45
17011,tick05,13:21:46
17012,tick05,13:21:46
17013,tick05,13:21:47
17014,tick05,13:21:47
17015,tick05,13:21:48
17016,tick05,13:21:48
17017,tick05,13:21:49
17018,tick05,13:21:49
17019,tick05,13:21:50
17020,tick05,13:21:50
17021,tick05,13:21:51
17022,tick05,13:21:51
17023,tick05,13:21:52
17024,tick05,13:21:52
17025,tick05,13:21:53
17026,tick05,13:21:53
17027,tick05,13:21:54
17028,tick05,13:21:54
17029,tick05,13:21:55
17030,tick05,13:21:55
17031,tick05,13:21:56
17032,tick05,13:21:56
17033,tick05,13:21:57
17034,tick05,13:21:57
17035,tick05,13:21:58
17036,tick05,13:21:58
17037,tick05,13:21:59
17038,tick05,13:21:59
17039,tick05,13:22:00
17040,tick05,13:22:00
17041,tick05,13:22:01
17042,tick05,13:22:01
17043,tick05,13:22:02
17044,tick05,13:22:02
17045,tick05,13:22:03
17046,tick05,13:22:03
17047,tick05,13:22:04
17048,tick05,13:22:04
17049,tick05,13:22:05
17050,tick05,13:22:05
17051,tick05,13:22:06
17052,tick05,13:22:06
17053,tick05,13:22:07
17054,tick05,13:22:07
17055,tick05,13:22:08
17056,tick05,13:22:08
17057,tick05,13:22:09
17058,tick05,13:22:09
17059,tick05,13:22:10
17060,tick05,13:22:10
17061,tick05,13:22:11
17062,tick05,13:22:11
17063,tick05,13:22:12
17064,tick05,13:22:12
17065,tick05,13:22:13
17066,tick05,13:22:13
17067,tick05,13:22:14
17068,tick05,13:22:14
17069,tick05,13:22:15
17070,tick05,13:22:15
17071,tick05,13:22:16
17072,tick05,13:22:16
17073,tick05,13:22:17
17074,tick05,13:22:17
17075,tick05,13:22:18
17076,tick05,13:22:18
17077,tick05,13:22:19
17078,tick05,13:22:19
17079,tick05,13:22:20
17080,tick05,13:22:20
17081,tick05,13:22:21
17082,tick05,13:22:21
17083,tick05,13:22:22
17084,tick05,13:22:22
17085,tick05,13:22:23
17086,tick05,13:22:23
17087,tick05,13:22:24
17088,tick05,13:22:24
17089,tick05,13:22:25
17090,tick05,13:22:25
17091,tick05,13:22:26
17092,tick05,13:22:26
17093,tick05,13:22:27
17094,tick05,13:22:27
17095,tick05,13:22:28
17096,tick05,13:22:28
17097,tick05,13:22:29
17098,tick05,13:22:29
17099,tick05,13:22:30
17100,tick05,13:22:30
17101,tick05,13:22:31
17102,tick05,13:22:31
17103,tick05,13:22:32
17104,tick05,13:22:32
17105,tick05,13:22:33
17106,tick05,13:22:33
17107,tick05,13:22:34
17108,tick05,13:22:34
17109,tick05,13:22:35
17110,tick05,13:22:35
17111,tick05,13:22:36
17112,tick05,13:22:36
17113,tick05,13:22:37
17114,tick05,13:22:37
17115,tick05,13:22:38
17116,tick05,13:22:38
17117,tick05,13:22:39
17118,tick05,13:22:39
17119,tick05,13:22:40
17120,tick05,13:22:40
17121,tick05,13:22:41
17122,tick05,13:22:41
17123,tick05,13:22:42
17124,tick05,13:22:42
17125,tick05,13:22:43
17126,tick05,13:22:43
17127,tick05,13:22:44
17128,tick05,13:22:44
17129,tick05,13:22:45
17130,tick05,13:22:45
17131,tick05,13:22:46
17132,tick05,13:22:46
17133,tick05,13:22:47
17134,tick05,13:22:47
17135,tick05,13:22:48
17136,tick05,13:22:48
17137,tick05,13:22:49
17138,tick05,13:22:49
17139,tick05,13:22:50
17140,tick05,13:22:50
17141,tick05,13:22:51
17142,tick05,13:22:51
17143,tick05,13:22:52
17144,tick05,13:22:52
17145,tick05,13:22:53
17146,tick05,13:22:53
17147,tick05,13:22:54
17148,tick05,13:22:54
17149,tick05,13:22:55
17150,tick05,13:22:55
17151,tick05,13:22:56
17152,tick05,13:22:56
17153,tick05,13:22:57
17154,tick05,13:22:57
17155,tick05,13:22:58
17156,tick05,13:22:58
17157,tick05,13:22:59
17158,tick05,13:22:59
17159,tick05,13:23:00
17160,tick05,13:23:00
17161,tick05,13:23:01
17162,tick05,13:23:01
17163,tick05,13:23:02
17164,tick05,13:23:02
17165,tick05,13:23:03
17166,tick05,13:23:03
17167,tick05,13:23:04
17168,tick05,13:23:04
17169,tick05,13:23:05
17170,tick05,13:23:05
17171,tick05,13:23:06
17172,tick05,13:23:06
17173,tick05,13:23:07
17174,tick05,13:23:07
17175,tick05,13:23:08
17176,tick05,13:23:08
17177,tick05,13:23:09
17178,tick05,13:23:09
17179,tick05,13:23:10
17180,tick05,13:23:10
17181,tick05,13:23:11
17182,tick05,13:23:11
17183,tick05,13:23:12
17184,tick05,13:23:12
17185,tick05,13:23:13
17186,tick05,13:23:13
17187,tick05,13:23:14
17188,tick05,13:23:14
17189,tick05,13:23:15
17190,tick05,13:23:15
17191,tick05,13:23:16
17192,tick05,13:23:16
17193,tick05,13:23:17
17194,tick05,13:23:17
17195,tick05,13:23:18
17196,tick05,13:23:18
17197,tick05,13:23:19
17198,tick05,13:23:19
17199,tick05,13:23:20
17200,tick05,13:23:20
17201,tick05,13:23:21
17202,tick05,13:23:21
17203,tick05,13:23:22
17204,tick05,13:23:22
17205,tick05,13:23:23
17206,tick05,13:23:23
17207,tick05,13:23:24
17208,tick05,13:23:24
17209,tick05,13:23:25
17210,tick05,13:23:25
17211,tick05,13:23:26
17212,tick05,13:23:26
17213,tick05,13:23:27
17214,tick05,13:23:27
17215,tick05,13:23:28
17216,tick05,13:23:28
17217,tick05,13:23:29
17218,tick05,13:23:29
17219,tick05,13:23:30
17220,tick05,13:23:30
17221,tick05,13:23:31
17222,tick05,13:23:31
17223,tick05,13:23:32
17224,tick05,13:23:32
17225,tick05,13:23:33
17226,tick05,13:23:33
17227,tick05,13:23:34
17228,tick05,13:23:34
17229,tick05,13:23:35
17230,tick05,13:23:35
17231,tick05,13:23:36
17232,tick05,13:23:36
17233,tick05,13:23:37
17234,tick05,13:23:37
17235,tick05,13:23:38
17236,tick05,13:23:38
17237,tick05,13:23:39
17238,tick05,13:23:39
17239,tick05,13:23:40
17240,tick05,13:23:40
17241,tick05,13:23:41
17242,tick05,13:23:41
17243,tick05,13:23:42
17244,tick05,13:23:42
17245,tick05,13:23:43
17246,tick05,13:23:43
17247,tick05,13:23:44
17248,tick05,13:23:44
17249,tick05,13:23:45
17250,tick05,13:23:45
17251,tick05,13:23:46
17252,tick05,13:23:46
17253,tick05,13:23:47
17254,tick05,13:23:47
17255,tick05,13:23:48
17256,tick05,13:23:48
17257,tick05,13:23:49
17258,tick05,13:23:49
17259,tick05,13:23:50
17260,tick05,13:23:50
17261,tick05,13:23:51
17262,tick05,13:23:51
17263,tick05,13:23:52
17264,tick05,13:23:52
17265,tick05,13:23:53
17266,tick05,13:23:53
17267,tick05,13:23:54
17268,tick05,13:23:54
17269,tick05,13:23:55
17270,tick05,13:23:55
17271,tick05,13:23:56
17272,tick05,13:23:56
17273,tick05,13:23:57
17274,tick05,13:23:57
17275,tick05,13:23:58
17276,tick05,13:23:58
17277,tick05,13:23:59
17278,tick05,13:23:59
17279,tick05,13:24:00
17280,tick05,13:24:00
17281,tick05,13:24:01
17282,tick05,13:24:01
17283,tick05,13:24:02
17284,tick05,13:24:02
17285,tick05,13:24:03
17286,tick05,13:24:03
17287,tick05,13:24:04
17288,tick05,13:24:04
17289,tick05,13:24:05
17290,tick05,13:24:05
17291,tick05,13:24:06
17292,tick05,13:24:06
17293,tick05,13:24:07
17294,tick05,13:24:07
17295,tick05,13:24:08
17296,tick05,13:24:08
17297,tick05,13:24:09
17298,tick05,13:24:09
17299,tick05,13:24:10
17300,tick05,13:24:10
17301,tick05,13:24:11
17302,tick05,13:24:11
17303,tick05,13:24:12
17304,tick05,13:24:12
17305,tick05,13:24:13
17306,tick05,13:24:13
17307,tick05,13:24:14
17308,tick05,13:24:14
17309,tick05,13:24:15
17310,tick05,13:24:15
17311,tick05,13:24:16
17312,tick05,13:24:16
17313,tick05,13:24:17
17314,tick05,13:24:17
17315,tick05,13:24:18
17316,tick05,13:24:18
17317,tick05,13:24:19
17318,tick05,13:24:19
17319,tick05,13:24:20
17320,tick05,13:24:20
17321,tick05,13:24:21
17322,tick05,13:24:21
17323,tick05,13:24:22
17324,tick05,13:24:22
17325,tick05,13:24:23
17326,tick05,13:24:23
17327,tick05,13:24:24
17328,tick05,13:24:24
17329,tick05,13:24:25
17330,tick05,13:24:25
17331,tick05,13:24:26
17332,tick05,13:24:26
17333,tick05,13:24:27
17334,tick05,13:24:27
17335,tick05,13:24:28
17336,tick05,13:24:28
17337,tick05,13:24:29
17338,tick05,13:24:29
17339,tick05,13:24:30
17340,tick05,13:24:30
17341,tick05,13:24:31
17342,tick05,13:24:31
17343,tick05,13:24:32
17344,tick05,13:24:32
17345,tick05,13:24:33
17346,tick05,13:24:33
17347,tick05,13:24:34
17348,tick05,13:24:34
17349,tick05,13:24:35
17350,tick05,13:24:35
17351,tick05,13:24:36
17352,tick05,13:24:36
17353,tick05,13:24:37
17354,tick05,13:24:37
17355,tick05,13:24:38
17356,tick05,13:24:38
17357,tick05,13:24:39
17358,tick05,13:24:39
17359,tick05,13:24:40
17360,tick05,13:24:40
17361,tick05,13:24:41
17362,tick05,13:24:41
17363,tick05,13:24:42
17364,tick05,13:24:42
17365,tick05,13:24:43
17366,tick05,13:24:43
17367,tick05,13:24:44
17368,tick05,13:24:44
17369,tick05,13:24:45
17370,tick05,13:24:45
17371,tick05,13:24:46
17372,tick05,13:24:46
17373,tick05,13:24:47
17374,tick05,13:24:47
17375,tick05,13:24:48
17376,tick05,13:24:48
17377,tick05,13:24:49
17378,tick05,13:24:49
17379,tick05,13:24:50
17380,tick05,13:24:50
17381,tick05,13:24:51
17382,tick05,13:24:51
17383,tick05,13:24:52
17384,tick05,13:24:52
17385,tick05,13:24:53
17386,tick05,13:24:53
17387,tick05,13:24:54
17388,tick05,13:24:54
17389,tick05,13:24:55
17390,tick05,13:24:55
17391,tick05,13:24:56
17392,tick05,13:24:56
17393,tick05,13:24:57
17394,tick05,13:24:57
17395,tick05,13:24:58
17396,tick05,13:24:58
17397,tick05,13:24:59
17398,tick05,13:24:59
17399,tick05,13:25:00
17400,tick05,13:25:00
17401,tick05,13:25:01
17402,tick05,13:25:01
17403,tick05,13:25:02
17404,tick05,13:25:02
17405,tick05,13:25:03
17406,tick05,13:25:03
17407,tick05,13:25:04
17408,tick05,13:25:04
17409,tick05,13:25:05
17410,tick05,13:25:05
17411,tick05,13:25:06
17412,tick05,13:25:06
17413,tick05,13:25:07
17414,tick05,13:25:07
17415,tick05,13:25:08
17416,tick05,13:25:08
17417,tick05,13:25:09
17418,tick05,13:25:09
17419,tick05,13:25:10
17420,tick05,13:25:10
17421,tick05,13:25:11
17422,tick05,13:25:11
17423,tick05,13:25:12
17424,tick05,13:25:12
17425,tick05,13:25:13
17426,tick05,13:25:13
17427,tick05,13:25:14
17428,tick05,13:25:14
17429,tick05,13:25:15
17430,tick05,13:25:15
17431,tick05,13:25:16
17432,tick05,13:25:16
17433,tick05,13:25:17
17434,tick05,13:25:17
17435,tick05,13:25:18
17436,tick05,13:25:18
17437,tick05,13:25:19
17438,tick05,13:25:19
17439,tick05,13:25:20
17440,tick05,13:25:20
17441,tick05,13:25:21
17442,tick05,13:25:21
17443,tick05,13:25:22
17444,tick05,13:25:22
17445,tick05,13:25:23
17446,tick05,13:25:23
17447,tick05,13:25:24
17448,tick05,13:25:24
17449,tick05,13:25:25
17450,tick05,13:25:25
17451,tick05,13:25:26
17452,tick05,13:25:26
17453,tick05,13:25:27
17454,tick05,13:25:27
17455,tick05,13:25:28
17456,tick05,13:25:28
17457,tick05,13:25:29
17458,tick05,13:25:29
17459,tick05,13:25:30
17460,tick05,13:25:30
17461,tick05,13:25:31
17462,tick05,13:25:31
17463,tick05,13:25:32
17464,tick05,13:25:32
17465,tick05,13:25:33
17466,tick05,13:25:33
17467,tick05,13:25:34
17468,tick05,13:25:34
17469,tick05,13:25:35
17470,tick05,13:25:35
17471,tick05,13:25:36
17472,tick05,13:25:36
17473,tick05,13:25:37
17474,tick05,13:25:37
17475,tick05,13:25:38
17476,tick05,13:25:38
17477,tick05,13:25:39
17478,tick05,13:25:39
17479,tick05,13:25:40
17480,tick05,13:25:40
17481,tick05,13:25:41
17482,tick05,13:25:41
17483,tick05,13:25:42
17484,tick05,13:25:42
17485,tick05,13:25:43
17486,tick05,13:25:43
17487,tick05,13:25:44
17488,tick05,13:25:44
17489,tick05,13:25:45
17490,tick05,13:25:45
17491,tick05,13:25:46
17492,tick05,13:25:46
17493,tick05,13:25:47
17494,tick05,13:25:47
17495,tick05,13:25:48
17496,tick05,13:25:48
17497,tick05,13:25:49
17498,tick05,13:25:49
17499,tick05,13:25:50
17500,tick05,13:25:50
17501,tick05,13:25:51
17502,tick05,13:25:51
17503,tick05,13:25:52
17504,tick05,13:25:52
17505,tick05,13:25:53
17506,tick05,13:25:53
17507,tick05,13:25:54
17508,tick05,13:25:54
17509,tick05,13:25:55
17510,tick05,13:25:55
17511,tick05,13:25:56
17512,tick05,13:25:56
17513,tick05,13:25:57
17514,tick05,13:25:57
17515,tick05,13:25:58
17516,tick05,13:25:58
17517,tick05,13:25:59
17518,tick05,13:25:59
17519,tick05,13:26:00
17520,tick05,13:26:00
17521,tick05,13:26:01
17522,tick05,13:26:01
17523,tick05,13:26:02
17524,tick05,13:26:02
17525,tick05,13:26:03
17526,tick05,13:26:03
17527,tick05,13:26:04
17528,tick05,13:26:04
17529,tick05,13:26:05
17530,tick05,13:26:05
17531,tick05,13:26:06
17532,tick05,13:26:06
17533,tick05,13:26:07
17534,tick05,13:26:07
17535,tick05,13:26:08
17536,tick05,13:26:08
17537,tick05,13:26:09
17538,tick05,13:26:09
17539,tick05,13:26:10
17540,tick05,13:26:10
17541,tick05,13:26:11
17542,tick05,13:26:11
17543,tick05,13:26:12
17544,tick05,13:26:12
17545,tick05,13:26:13
17546,tick05,13:26:13
17547,tick05,13:26:14
17548,tick05,13:26:14
17549,tick05,13:26:15
17550,tick05,13:26:15
17551,tick05,13:26:16
17552,tick05,13:26:16
17553,tick05,13:26:17
17554,tick05,13:26:17
17555,tick05,13:26:18
17556,tick05,13:26:18
17557,tick05,13:26:19
17558,tick05,13:26:19
17559,tick05,13:26:20
17560,tick05,13:26:20
17561,tick05,13:26:21
17562,tick05,13:26:21
17563,tick05,13:26:22
17564,tick05,13:26:22
17565,tick05,13:26:23
17566,tick05,13:26:23
17567,tick05,13:26:24
17568,tick05,13:26:24
17569,tick05,13:26:25
17570,tick05,13:26:25
17571,tick05,13:26:26
17572,tick05,13:26:26
17573,tick05,13:26:27
17574,tick05,13:26:27
17575,tick05,13:26:28
17576,tick05,13:26:28
17577,tick05,13:26:29
17578,tick05,13:26:29
17579,tick05,13:26:30
17580,tick05,13:26:30
17581,tick05,13:26:31
17582,tick05,13:26:31
17583,tick05,13:26:32
17584,tick05,13:26:32
17585,tick05,13:26:33
17586,tick05,13:26:33
17587,tick05,13:26:34
17588,tick05,13:26:34
17589,tick05,13:26:35
17590,tick05,13:26:35
17591,tick05,13:26:36
17592,tick05,13:26:36
17593,tick05,13:26:37
17594,tick05,13:26:37
17595,tick05,13:26:38
17596,tick05,13:26:38
17597,tick05,13:26:39
17598,tick05,13:26:39
17599,tick05,13:26:40
17600,tick05,13:26:40
17601,tick05,13:26:41
17602,tick05,13:26:41
17603,tick05,13:26:42
17604,tick05,13:26:42
17605,tick05,13:26:43
17606,tick05,13:26:43
17607,tick05,13:26:44
17608,tick05,13:26:44
17609,tick05,13:26:45
17610,tick05,13:26:45
17611,tick05,13:26:46
17612,tick05,13:26:46
17613,tick05,13:26:47
17614,tick05,13:26:47
17615,tick05,13:26:48
17616,tick05,13:26:48
17617,tick05,13:26:49
17618,tick05,13:26:49
17619,tick05,13:26:50
17620,tick05,13:26:50
17621,tick05,13:26:51
17622,tick05,13:26:51
17623,tick05,13:26:52
17624,tick05,13:26:52
17625,tick05,13:26:53
17626,tick05,13:26:53
17627,tick05,13:26:54
17628,tick05,13:26:54
17629,tick05,13:26:55
17630,tick05,13:26:55
17631,tick05,13:26:56
17632,tick05,13:26:56
17633,tick05,13:26:57
17634,tick05,13:26:57
17635,tick05,13:26:58
17636,tick05,13:26:58
17637,tick05,13:26:59
17638,tick05,13:26:59
17639,tick05,13:27:00
17640,tick05,13:27:00
17641,tick05,13:27:01
17642,tick05,13:27:01
17643,tick05,13:27:02
17644,tick05,13:27:02
17645,tick05,13:27:03
17646,tick05,13:27:03
17647,tick05,13:27:04
17648,tick05,13:27:04
17649,tick05,13:27:05
17650,tick05,13:27:05
17651,tick05,13:27:06
17652,tick05,13:27:06
17653,tick05,13:27:07
17654,tick05,13:27:07
17655,tick05,13:27:08
17656,tick05,13:27:08
17657,tick05,13:27:09
17658,tick05,13:27:09
17659,tick05,13:27:10
17660,tick05,13:27:10
17661,tick05,13:27:11
17662,tick05,13:27:11
17663,tick05,13:27:12
17664,tick05,13:27:12
17665,tick05,13:27:13
17666,tick05,13:27:13
17667,tick05,13:27:14
17668,tick05,13:27:14
17669,tick05,13:27:15
17670,tick05,13:27:15
17671,tick05,13:27:16
17672,tick05,13:27:16
17673,tick05,13:27:17
17674,tick05,13:27:17
17675,tick05,13:27:18
17676,tick05,13:27:18
17677,tick05,13:27:19
17678,tick05,13:27:19
17679,tick05,13:27:20
17680,tick05,13:27:20
17681,tick05,13:27:21
17682,tick05,13:27:21
17683,tick05,13:27:22
17684,tick05,13:27:22
17685,tick05,13:27:23
17686,tick05,13:27:23
17687,tick05,13:27:24
17688,tick05,13:27:24
17689,tick05,13:27:25
17690,tick05,13:27:25
17691,tick05,13:27:26
17692,tick05,13:27:26
17693,tick05,13:27:27
17694,tick05,13:27:27
17695,tick05,13:27:28
17696,tick05,13:27:28
17697,tick05,13:27:29
17698,tick05,13:27:29
17699,tick05,13:27:30
17700,tick05,13:27:30
17701,tick05,13:27:31
17702,tick05,13:27:31
17703,tick05,13:27:32
17704,tick05,13:27:32
17705,tick05,13:27:33
17706,tick05,13:27:33
17707,tick05,13:27:34
17708,tick05,13:27:34
17709,tick05,13:27:35
17710,tick05,13:27:35
17711,tick05,13:27:36
17712,tick05,13:27:36
17713,tick05,13:27:37
17714,tick05,13:27:37
17715,tick05,13:27:38
17716,tick05,13:27:38
17717,tick05,13:27:39
17718,tick05,13:27:39
17719,tick05,13:27:40
17720,tick05,13:27:40
17721,tick05,13:27:41
17722,tick05,13:27:41
17723,tick05,13:27:42
17724,tick05,13:27:42
17725,tick05,13:27:43
17726,tick05,13:27:43
17727,tick05,13:27:44
17728,tick05,13:27:44
17729,tick05,13:27:45
17730,tick05,13:27:45
17731,tick05,13:27:46
17732,tick05,13:27:46
17733,tick05,13:27:47
17734,tick05,13:27:47
17735,tick05,13:27:48
17736,tick05,13:27:48
17737,tick05,13:27:49
17738,tick05,13:27:49
17739,tick05,13:27:50
17740,tick05,13:27:50
17741,tick05,13:27:51
17742,tick05,13:27:51
17743,tick05,13:27:52
17744,tick05,13:27:52
17745,tick05,13:27:53
17746,tick05,13:27:53
17747,tick05,13:27:54
17748,tick05,13:27:54
17749,tick05,13:27:55
17750,tick05,13:27:55
17751,tick05,13:27:56
17752,tick05,13:27:56
17753,tick05,13:27:57
17754,tick05,13:27:57
17755,tick05,13:27:58
17756,tick05,13:27:58
17757,tick05,13:27:59
17758,tick05,13:27:59
17759,tick05,13:28:00
17760,tick05,13:28:00
17761,tick05,13:28:01
17762,tick05,13:28:01
17763,tick05,13:28:02
17764,tick05,13:28:02
17765,tick05,13:28:03
17766,tick05,13:28:03
17767,tick05,13:28:04
17768,tick05,13:28:04
17769,tick05,13:28:05
17770,tick05,13:28:05
17771,tick05,13:28:06
17772,tick05,13:28:06
17773,tick05,13:28:07
17774,tick05,13:28:07
17775,tick05,13:28:08
17776,tick05,13:28:08
17777,tick05,13:28:09
17778,tick05,13:28:09
17779,tick05,13:28:10
17780,tick05,13:28:10
17781,tick05,13:28:11
17782,tick05,13:28:11
17783,tick05,13:28:12
17784,tick05,13:28:12
17785,tick05,13:28:13
17786,tick05,13:28:13
17787,tick05,13:28:14
17788,tick05,13:28:14
17789,tick05,13:28:15
17790,tick05,13:28:15
17791,tick05,13:28:16
17792,tick05,13:28:16
17793,tick05,13:28:17
17794,tick05,13:28:17
17795,tick05,13:28:18
17796,tick05,13:28:18
17797,tick05,13:28:19
17798,tick05,13:28:19
17799,tick05,13:28:20
17800,tick05,13:28:20
17801,tick05,13:28:21
17802,tick05,13:28:21
17803,tick05,13:28:22
17804,tick05,13:28:22
17805,tick05,13:28:23
17806,tick05,13:28:23
17807,tick05,13:28:24
17808,tick05,13:28:24
17809,tick05,13:28:25
17810,tick05,13:28:25
17811,tick05,13:28:26
17812,tick05,13:28:26
17813,tick05,13:28:27
17814,tick05,13:28:27
17815,tick05,13:28:28
17816,tick05,13:28:28
17817,tick05,13:28:29
17818,tick05,13:28:29
17819,tick05,13:28:30
17820,tick05,13:28:30
17821,tick05,13:28:31
17822,tick05,13:28:31
17823,tick05,13:28:32
17824,tick05,13:28:32
17825,tick05,13:28:33
17826,tick05,13:28:33
17827,tick05,13:28:34
17828,tick05,13:28:34
17829,tick05,13:28:35
17830,tick05,13:28:35
17831,tick05,13:28:36
17832,tick05,13:28:36
17833,tick05,13:28:37
17834,tick05,13:28:37
17835,tick05,13:28:38
17836,tick05,13:28:38
17837,tick05,13:28:39
17838,tick05,13:28:39
17839,tick05,13:28:40
17840,tick05,13:28:40
17841,tick05,13:28:41
17842,tick05,13:28:41
17843,tick05,13:28:42
17844,tick05,13:28:42
17845,tick05,13:28:43
17846,tick05,13:28:43
17847,tick05,13:28:44
17848,tick05,13:28:44
17849,tick05,13:28:45
17850,tick05,13:28:45
17851,tick05,13:28:46
17852,tick05,13:28:46
17853,tick05,13:28:47
17854,tick05,13:28:47
17855,tick05,13:28:48
17856,tick05,13:28:48
17857,tick05,13:28:49
17858,tick05,13:28:49
17859,tick05,13:28:50
17860,tick05,13:28:50
17861,tick05,13:28:51
17862,tick05,13:28:51
17863,tick05,13:28:52
17864,tick05,13:28:52
17865,tick05,13:28:53
17866,tick05,13:28:53
17867,tick05,13:28:54
17868,tick05,13:28:54
17869,tick05,13:28:55
17870,tick05,13:28:55
17871,tick05,13:28:56
17872,tick05,13:28:56
17873,tick05,13:28:57
17874,tick05,13:28:57
17875,tick05,13:28:58
17876,tick05,13:28:58
17877,tick05,13:28:59
17878,tick05,13:28:59
17879,tick05,13:29:00
17880,tick05,13:29:00
17881,tick05,13:29:01
17882,tick05,13:29:01
17883,tick05,13:29:02
17884,tick05,13:29:02
17885,tick05,13:29:03
17886,tick05,13:29:03
17887,tick05,13:29:04
17888,tick05,13:29:04
17889,tick05,13:29:05
17890,tick05,13:29:05
17891,tick05,13:29:06
17892,tick05,13:29:06
17893,tick05,13:29:07
17894,tick05,13:29:07
17895,tick05,13:29:08
17896,tick05,13:29:08
17897,tick05,13:29:09
17898,tick05,13:29:09
17899,tick05,13:29:10
17900,tick05,13:29:10
17901,tick05,13:29:11
17902,tick05,13:29:11
17903,tick05,13:29:12
17904,tick05,13:29:12
17905,tick05,13:29:13
17906,tick05,13:29:13
17907,tick05,13:29:14
17908,tick05,13:29:14
17909,tick05,13:29:15
17910,tick05,13:29:15
17911,tick05,13:29:16
17912,tick05,13:29:16
17913,tick05,13:29:17
17914,tick05,13:29:17
17915,tick05,13:29:18
17916,tick05,13:29:18
17917,tick05,13:29:19
17918,tick05,13:29:19
17919,tick05,13:29:20
17920,tick05,13:29:20
17921,tick05,13:29:21
17922,tick05,13:29:21
17923,tick05,13:29:22
17924,tick05,13:29:22
17925,tick05,13:29:23
17926,tick05,13:29:23
17927,tick05,13:29:24
17928,tick05,13:29:24
17929,tick05,13:29:25
17930,tick05,13:29:25
17931,tick05,13:29:26
17932,tick05,13:29:26
17933,tick05,13:29:27
17934,tick05,13:29:27
17935,tick05,13:29:28
17936,tick05,13:29:28
17937,tick05,13:29:29
17938,tick05,13:29:29
17939,tick05,13:29:30
17940,tick05,13:29:30
17941,tick05,13:29:31
17942,tick05,13:29:31
17943,tick05,13:29:32
17944,tick05,13:29:32
17945,tick05,13:29:33
17946,tick05,13:29:33
17947,tick05,13:29:34
17948,tick05,13:29:34
17949,tick05,13:29:35
17950,tick05,13:29:35
17951,tick05,13:29:36
17952,tick05,13:29:36
17953,tick05,13:29:37
17954,tick05,13:29:37
17955,tick05,13:29:38
17956,tick05,13:29:38
17957,tick05,13:29:39
17958,tick05,13:29:39
17959,tick05,13:29:40
17960,tick05,13:29:40
17961,tick05,13:29:41
17962,tick05,13:29:41
17963,tick05,13:29:42
17964,tick05,13:29:42
17965,tick05,13:29:43
17966,tick05,13:29:43
17967,tick05,13:29:44
17968,tick05,13:29:44
17969,tick05,13:29:45
17970,tick05,13:29:45
17971,tick05,13:29:46
17972,tick05,13:29:46
17973,tick05,13:29:47
17974,tick05,13:29:47
17975,tick05,13:29:48
17976,tick05,13:29:48
17977,tick05,13:29:49
17978,tick05,13:29:49
17979,tick05,13:29:50
17980,tick05,13:29:50
17981,tick05,13:29:51
17982,tick05,13:29:51
17983,tick05,13:29:52
17984,tick05,13:29:52
17985,tick05,13:29:53
17986,tick05,13:29:53
17987,tick05,13:29:54
17988,tick05,13:29:54
17989,tick05,13:29:55
17990,tick05,13:29:55
17991,tick05,13:29:56
17992,tick05,13:29:56
17993,tick05,13:29:57
17994,tick05,13:29:57
17995,tick05,13:29:58
17996,tick05,13:29:58
17997,tick05,13:29:59
17998,tick05,13:29:59
17999,tick05,13:30:00
18000,tick05,13:30:00
18001,tick05,13:30:01
18002,tick05,13:30:01
18003,tick05,13:30:02
18004,tick05,13:30:02
18005,tick05,13:30:03
18006,tick05,13:30:03
18007,tick05,13:30:04
18008,tick05,13:30:04
18009,tick05,13:30:05
18010,tick05,13:30:05
18011,tick05,13:30:06
18012,tick05,13:30:06
18013,tick05,13:30:07
18014,tick05,13:30:07
18015,tick05,13:30:08
18016,tick05,13:30:08
18017,tick05,13:30:09
18018,tick05,13:30:09
18019,tick05,13:30:10
18020,tick05,13:30:10
18021,tick05,13:30:11
18022,tick05,13:30:11
18023,tick05,13:30:12
18024,tick05,13:30:12
18025,tick05,13:30:13
18026,tick05,13:30:13
18027,tick05,13:30:14
18028,tick05,13:30:14
18029,tick05,13:30:15
18030,tick05,13:30:15
18031,tick05,13:30:16
18032,tick05,13:30:16
18033,tick05,13:30:17
18034,tick05,13:30:17
18035,tick05,13:30:18
18036,tick05,13:30:18
18037,tick05,13:30:19
18038,tick05,13:30:19
18039,tick05,13:30:20
18040,tick05,13:30:20
18041,tick05,13:30:21
18042,tick05,13:30:21
18043,tick05,13:30:22
18044,tick05,13:30:22
18045,tick05,13:30:23
18046,tick05,13:30:23
18047,tick05,13:30:24
18048,tick05,13:30:24
18049,tick05,13:30:25
18050,tick05,13:30:25
18051,tick05,13:30:26
18052,tick05,13:30:26
18053,tick05,13:30:27
18054,tick05,13:30:27
18055,tick05,13:30:28
18056,tick05,13:30:28
18057,tick05,13:30:29
18058,tick05,13:30:29
18059,tick05,13:30:30
18060,tick05,13:30:30
18061,tick05,13:30:31
18062,tick05,13:30:31
18063,tick05,13:30:32
18064,tick05,13:30:32
18065,tick05,13:30:33
18066,tick05,13:30:33
18067,tick05,13:30:34
18068,tick05,13:30:34
18069,tick05,13:30:35
18070,tick05,13:30:35
18071,tick05,13:30:36
18072,tick05,13:30:36
18073,tick05,13:30:37
18074,tick05,13:30:37
18075,tick05,13:30:38
18076,tick05,13:30:38
18077,tick05,13:30:39
18078,tick05,13:30:39
18079,tick05,13:30:40
18080,tick05,13:30:40
18081,tick05,13:30:41
18082,tick05,13:30:41
18083,tick05,13:30:42
18084,tick05,13:30:42
18085,tick05,13:30:43
18086,tick05,13:30:43
18087,tick05,13:30:44
18088,tick05,13:30:44
18089,tick05,13:30:45
18090,tick05,13:30:45
18091,tick05,13:30:46
18092,tick05,13:30:46
18093,tick05,13:30:47
18094,tick05,13:30:47
18095,tick05,13:30:48
18096,tick05,13:30:48
18097,tick05,13:30:49
18098,tick05,13:30:49
18099,tick05,13:30:50
18100,tick05,13:30:50
18101,tick05,13:30:51
18102,tick05,13:30:51
18103,tick05,13:30:52
18104,tick05,13:30:52
18105,tick05,13:30:53
18106,tick05,13:30:53
18107,tick05,13:30:54
18108,tick05,13:30:54
18109,tick05,13:30:55
18110,tick05,13:30:55
18111,tick05,13:30:56
18112,tick05,13:30:56
18113,tick05,13:30:57
18114,tick05,13:30:57
18115,tick05,13:30:58
18116,tick05,13:30:58
18117,tick05,13:30:59
18118,tick05,13:30:59
18119,tick05,13:31:00
18120,tick05,13:31:00
18121,tick05,13:31:01
18122,tick05,13:31:01
18123,tick05,13:31:02
18124,tick05,13:31:02
18125,tick05,13:31:03
18126,tick05,13:31:03
18127,tick05,13:31:04
18128,tick05,13:31:04
18129,tick05,13:31:05
18130,tick05,13:31:05
18131,tick05,13:31:06
18132,tick05,13:31:06
18133,tick05,13:31:07
18134,tick05,13:31:07
18135,tick05,13:31:08
18136,tick05,13:31:08
18137,tick05,13:31:09
18138,tick05,13:31:09
18139,tick05,13:31:10
18140,tick05,13:31:10
18141,tick05,13:31:11
18142,tick05,13:31:11
18143,tick05,13:31:12
18144,tick05,13:31:12
18145,tick05,13:31:13
18146,tick05,13:31:13
18147,tick05,13:31:14
18148,tick05,13:31:14
18149,tick05,13:31:15
18150,tick05,13:31:15
18151,tick05,13:31:16
18152,tick05,13:31:16
18153,tick05,13:31:17
18154,tick05,13:31:17
18155,tick05,13:31:18
18156,tick05,13:31:18
18157,tick05,13:31:19
18158,tick05,13:31:19
18159,tick05,13:31:20
18160,tick05,13:31:20
18161,tick05,13:31:21
18162,tick05,13:31:21
18163,tick05,13:31:22
18164,tick05,13:31:22
18165,tick05,13:31:23
18166,tick05,13:31:23
18167,tick05,13:31:24
18168,tick05,13:31:24
18169,tick05,13:31:25
18170,tick05,13:31:25
18171,tick05,13:31:26
18172,tick05,13:31:26
18173,tick05,13:31:27
18174,tick05,13:31:27
18175,tick05,13:31:28
18176,tick05,13:31:28
18177,tick05,13:31:29
18178,tick05,13:31:29
18179,tick05,13:31:30
18180,tick05,13:31:30
18181,tick05,13:31:31
18182,tick05,13:31:31
18183,tick05,13:31:32
18184,tick05,13:31:32
18185,tick05,13:31:33
18186,tick05,13:31:33
18187,tick05,13:31:34
18188,tick05,13:31:34
18189,tick05,13:31:35
18190,tick05,13:31:35
18191,tick05,13:31:36
18192,tick05,13:31:36
18193,tick05,13:31:37
18194,tick05,13:31:37
18195,tick05,13:31:38
18196,tick05,13:31:38
18197,tick05,13:31:39
18198,tick05,13:31:39
18199,tick05,13:31:40
18200,tick05,13:31:40
18201,tick05,13:31:41
18202,tick05,13:31:41
18203,tick05,13:31:42
18204,tick05,13:31:42
18205,tick05,13:31:43
18206,tick05,13:31:43
18207,tick05,13:31:44
18208,tick05,13:31:44
18209,tick05,13:31:45
18210,tick05,13:31:45
18211,tick05,13:31:46
18212,tick05,13:31:46
18213,tick05,13:31:47
18214,tick05,13:31:47
18215,tick05,13:31:48
18216,tick05,13:31:48
18217,tick05,13:31:49
18218,tick05,13:31:49
18219,tick05,13:31:50
18220,tick05,13:31:50
18221,tick05,13:31:51
18222,tick05,13:31:51
18223,tick05,13:31:52
18224,tick05,13:31:52
18225,tick05,13:31:53
18226,tick05,13:31:53
18227,tick05,13:31:54
18228,tick05,13:31:54
18229,tick05,13:31:55
18230,tick05,13:31:55
18231,tick05,13:31:56
18232,tick05,13:31:56
18233,tick05,13:31:57
18234,tick05,13:31:57
18235,tick05,13:31:58
18236,tick05,13:31:58
18237,tick05,13:31:59
18238,tick05,13:31:59
18239,tick05,13:32:00
18240,tick05,13:32:00
18241,tick05,13:32:01
18242,tick05,13:32:01
18243,tick05,13:32:02
18244,tick05,13:32:02
18245,tick05,13:32:03
18246,tick05,13:32:03
18247,tick05,13:32:04
18248,tick05,13:32:04
18249,tick05,13:32:05
18250,tick05,13:32:05
18251,tick05,13:32:06
18252,tick05,13:32:06
18253,tick05,13:32:07
18254,tick05,13:32:07
18255,tick05,13:32:08
18256,tick05,13:32:08
18257,tick05,13:32:09
18258,tick05,13:32:09
18259,tick05,13:32:10
18260,tick05,13:32:10
18261,tick05,13:32:11
18262,tick05,13:32:11
18263,tick05,13:32:12
18264,tick05,13:32:12
18265,tick05,13:32:13
18266,tick05,13:32:13
18267,tick05,13:32:14
18268,tick05,13:32:14
18269,tick05,13:32:15
18270,tick05,13:32:15
18271,tick05,13:32:16
18272,tick05,13:32:16
18273,tick05,13:32:17
18274,tick05,13:32:17
18275,tick05,13:32:18
18276,tick05,13:32:18
18277,tick05,13:32:19
18278,tick05,13:32:19
18279,tick05,13:32:20
18280,tick05,13:32:20
18281,tick05,13:32:21
18282,tick05,13:32:21
18283,tick05,13:32:22
18284,tick05,13:32:22
18285,tick05,13:32:23
18286,tick05,13:32:23
18287,tick05,13:32:24
18288,tick05,13:32:24
18289,tick05,13:32:25
18290,tick05,13:32:25
18291,tick05,13:32:26
18292,tick05,13:32:26
18293,tick05,13:32:27
18294,tick05,13:32:27
18295,tick05,13:32:28
18296,tick05,13:32:28
18297,tick05,13:32:29
18298,tick05,13:32:29
18299,tick05,13:32:30
18300,tick05,13:32:30
18301,tick05,13:32:31
18302,tick05,13:32:31
18303,tick05,13:32:32
18304,tick05,13:32:32
18305,tick05,13:32:33
18306,tick05,13:32:33
18307,tick05,13:32:34
18308,tick05,13:32:34
18309,tick05,13:32:35
18310,tick05,13:32:35
18311,tick05,13:32:36
18312,tick05,13:32:36
18313,tick05,13:32:37
18314,tick05,13:32:37
18315,tick05,13:32:38
18316,tick05,13:32:38
18317,tick05,13:32:39
18318,tick05,13:32:39
18319,tick05,13:32:40
18320,tick05,13:32:40
18321,tick05,13:32:41
18322,tick05,13:32:41
18323,tick05,13:32:42
18324,tick05,13:32:42
18325,tick05,13:32:43
18326,tick05,13:32:43
18327,tick05,13:32:44
18328,tick05,13:32:44
18329,tick05,13:32:45
18330,tick05,13:32:45
18331,tick05,13:32:46
18332,tick05,13:32:46
18333,tick05,13:32:47
18334,tick05,13:32:47
18335,tick05,13:32:48
18336,tick05,13:32:48
18337,tick05,13:32:49
18338,tick05,13:32:49
18339,tick05,13:32:50
18340,tick05,13:32:50
18341,tick05,13:32:51
18342,tick05,13:32:51
18343,tick05,13:32:52
18344,tick05,13:32:52
18345,tick05,13:32:53
18346,tick05,13:32:53
18347,tick05,13:32:54
18348,tick05,13:32:54
18349,tick05,13:32:55
18350,tick05,13:32:55
18351,tick05,13:32:56
18352,tick05,13:32:56
18353,tick05,13:32:57
18354,tick05,13:32:57
18355,tick05,13:32:58
18356,tick05,13:32:58
18357,tick05,13:32:59
18358,tick05,13:32:59
18359,tick05,13:33:00
18360,tick05,13:33:00
18361,tick05,13:33:01
18362,tick05,13:33:01
18363,tick05,13:33:02
18364,tick05,13:33:02
18365,tick05,13:33:03
18366,tick05,13:33:03
18367,tick05,13:33:04
18368,tick05,13:33:04
18369,tick05,13:33:05
18370,tick05,13:33:05
18371,tick05,13:33:06
18372,tick05,13:33:06
18373,tick05,13:33:07
18374,tick05,13:33:07
18375,tick05,13:33:08
18376,tick05,13:33:08
18377,tick05,13:33:09
18378,tick05,13:33:09
18379,tick05,13:33:10
18380,tick05,13:33:10
18381,tick05,13:33:11
18382,tick05,13:33:11
18383,tick05,13:33:12
18384,tick05,13:33:12
18385,tick05,13:33:13
18386,tick05,13:33:13
18387,tick05,13:33:14
18388,tick05,13:33:14
18389,tick05,13:33:15
18390,tick05,13:33:15
18391,tick05,13:33:16
18392,tick05,13:33:16
18393,tick05,13:33:17
18394,tick05,13:33:17
18395,tick05,13:33:18
18396,tick05,13:33:18
18397,tick05,13:33:19
18398,tick05,13:33:19
18399,tick05,13:33:20
18400,tick05,13:33:20
18401,tick05,13:33:21
18402,tick05,13:33:21
18403,tick05,13:33:22
18404,tick05,13:33:22
18405,tick05,13:33:23
18406,tick05,13:33:23
18407,tick05,13:33:24
18408,tick05,13:33:24
18409,tick05,13:33:25
18410,tick05,13:33:25
18411,tick05,13:33:26
18412,tick05,13:33:26
18413,tick05,13:33:27
18414,tick05,13:33:27
18415,tick05,13:33:28
18416,tick05,13:33:28
18417,tick05,13:33:29
18418,tick05,13:33:29
18419,tick05,13:33:30
18420,tick05,13:33:30
18421,tick05,13:33:31
18422,tick05,13:33:31
18423,tick05,13:33:32
18424,tick05,13:33:32
18425,tick05,13:33:33
18426,tick05,13:33:33
18427,tick05,13:33:34
18428,tick05,13:33:34
18429,tick05,13:33:35
18430,tick05,13:33:35
18431,tick05,13:33:36
18432,tick05,13:33:36
18433,tick05,13:33:37
18434,tick05,13:33:37
18435,tick05,13:33:38
18436,tick05,13:33:38
18437,tick05,13:33:39
18438,tick05,13:33:39
18439,tick05,13:33:40
18440,tick05,13:33:40
18441,tick05,13:33:41
18442,tick05,13:33:41
18443,tick05,13:33:42
18444,tick05,13:33:42
18445,tick05,13:33:43
18446,tick05,13:33:43
18447,tick05,13:33:44
18448,tick05,13:33:44
18449,tick05,13:33:45
18450,tick05,13:33:45
18451,tick05,13:33:46
18452,tick05,13:33:46
18453,tick05,13:33:47
18454,tick05,13:33:47
18455,tick05,13:33:48
18456,tick05,13:33:48
18457,tick05,13:33:49
18458,tick05,13:33:49
18459,tick05,13:33:50
18460,tick05,13:33:50
18461,tick05,13:33:51
18462,tick05,13:33:51
18463,tick05,13:33:52
18464,tick05,13:33:52
18465,tick05,13:33:53
18466,tick05,13:33:53
18467,tick05,13:33:54
18468,tick05,13:33:54
18469,tick05,13:33:55
18470,tick05,13:33:55
18471,tick05,13:33:56
18472,tick05,13:33:56
18473,tick05,13:33:57
18474,tick05,13:33:57
18475,tick05,13:33:58
18476,tick05,13:33:58
18477,tick05,13:33:59
18478,tick05,13:33:59
18479,tick05,13:34:00
18480,tick05,13:34:00
18481,tick05,13:34:01
18482,tick05,13:34:01
18483,tick05,13:34:02
18484,tick05,13:34:02
18485,tick05,13:34:03
18486,tick05,13:34:03
18487,tick05,13:34:04
18488,tick05,13:34:04
18489,tick05,13:34:05
18490,tick05,13:34:05
18491,tick05,13:34:06
18492,tick05,13:34:06
18493,tick05,13:34:07
18494,tick05,13:34:07
18495,tick05,13:34:08
18496,tick05,13:34:08
18497,tick05,13:34:09
18498,tick05,13:34:09
18499,tick05,13:34:10
18500,tick05,13:34:10
18501,tick05,13:34:11
18502,tick05,13:34:11
18503,tick05,13:34:12
18504,tick05,13:34:12
18505,tick05,13:34:13
18506,tick05,13:34:13
18507,tick05,13:34:14
18508,tick05,13:34:14
18509,tick05,13:34:15
18510,tick05,13:34:15
18511,tick05,13:34:16
18512,tick05,13:34:16
18513,tick05,13:34:17
18514,tick05,13:34:17
18515,tick05,13:34:18
18516,tick05,13:34:18
18517,tick05,13:34:19
18518,tick05,13:34:19
18519,tick05,13:34:20
18520,tick05,13:34:20
18521,tick05,13:34:21
18522,tick05,13:34:21
18523,tick05,13:34:22
18524,tick05,13:34:22
18525,tick05,13:34:23
18526,tick05,13:34:23
18527,tick05,13:34:24
18528,tick05,13:34:24
18529,tick05,13:34:25
18530,tick05,13:34:25
18531,tick05,13:34:26
18532,tick05,13:34:26
18533,tick05,13:34:27
18534,tick05,13:34:27
18535,tick05,13:34:28
18536,tick05,13:34:28
18537,tick05,13:34:29
18538,tick05,13:34:29
18539,tick05,13:34:30
18540,tick05,13:34:30
18541,tick05,13:34:31
18542,tick05,13:34:31
18543,tick05,13:34:32
18544,tick05,13:34:32
18545,tick05,13:34:33
18546,tick05,13:34:33
18547,tick05,13:34:34
18548,tick05,13:34:34
18549,tick05,13:34:35
18550,tick05,13:34:35
18551,tick05,13:34:36
18552,tick05,13:34:36
18553,tick05,13:34:37
18554,tick05,13:34:37
18555,tick05,13:34:38
18556,tick05,13:34:38
18557,tick05,13:34:39
18558,tick05,13:34:39
18559,tick05,13:34:40
18560,tick05,13:34:40
18561,tick05,13:34:41
18562,tick05,13:34:41
18563,tick05,13:34:42
18564,tick05,13:34:42
18565,tick05,13:34:43
18566,tick05,13:34:43
18567,tick05,13:34:44
18568,tick05,13:34:44
18569,tick05,13:34:45
18570,tick05,13:34:45
18571,tick05,13:34:46
18572,tick05,13:34:46
18573,tick05,13:34:47
18574,tick05,13:34:47
18575,tick05,13:34:48
18576,tick05,13:34:48
18577,tick05,13:34:49
18578,tick05,13:34:49
18579,tick05,13:34:50
18580,tick05,13:34:50
18581,tick05,13:34:51
18582,tick05,13:34:51
18583,tick05,13:34:52
18584,tick05,13:34:52
18585,tick05,13:34:53
18586,tick05,13:34:53
18587,tick05,13:34:54
18588,tick05,13:34:54
18589,tick05,13:34:55
18590,tick05,13:34:55
18591,tick05,13:34:56
18592,tick05,13:34:56
18593,tick05,13:34:57
18594,tick05,13:34:57
18595,tick05,13:34:58
18596,tick05,13:34:58
18597,tick05,13:34:59
18598,tick05,13:34:59
18599,tick05,13:35:00
18600,tick05,13:35:00
18601,tick05,13:35:01
18602,tick05,13:35:01
18603,tick05,13:35:02
18604,tick05,13:35:02
18605,tick05,13:35:03
18606,tick05,13:35:03
18607,tick05,13:35:04
18608,tick05,13:35:04
18609,tick05,13:35:05
18610,tick05,13:35:05
18611,tick05,13:35:06
18612,tick05,13:35:06
18613,tick05,13:35:07
18614,tick05,13:35:07
18615,tick05,13:35:08
18616,tick05,13:35:08
18617,tick05,13:35:09
18618,tick05,13:35:09
18619,tick05,13:35:10
18620,tick05,13:35:10
18621,tick05,13:35:11
18622,tick05,13:35:11
18623,tick05,13:35:12
18624,tick05,13:35:12
18625,tick05,13:35:13
18626,tick05,13:35:13
18627,tick05,13:35:14
18628,tick05,13:35:14
18629,tick05,13:35:15
18630,tick05,13:35:15
18631,tick05,13:35:16
18632,tick05,13:35:16
18633,tick05,13:35:17
18634,tick05,13:35:17
18635,tick05,13:35:18
18636,tick05,13:35:18
18637,tick05,13:35:19
18638,tick05,13:35:19
18639,tick05,13:35:20
18640,tick05,13:35:20
18641,tick05,13:35:21
18642,tick05,13:35:21
18643,tick05,13:35:22
18644,tick05,13:35:22
18645,tick05,13:35:23
18646,tick05,13:35:23
18647,tick05,13:35:24
18648,tick05,13:35:24
18649,tick05,13:35:25
18650,tick05,13:35:25
18651,tick05,13:35:26
18652,tick05,13:35:26
18653,tick05,13:35:27
18654,tick05,13:35:27
18655,tick05,13:35:28
18656,tick05,13:35:28
18657,tick05,13:35:29
18658,tick05,13:35:29
18659,tick05,13:35:30
18660,tick05,13:35:30
18661,tick05,13:35:31
18662,tick05,13:35:31
18663,tick05,13:35:32
18664,tick05,13:35:32
18665,tick05,13:35:33
18666,tick05,13:35:33
18667,tick05,13:35:34
18668,tick05,13:35:34
18669,tick05,13:35:35
18670,tick05,13:35:35
18671,tick05,13:35:36
18672,tick05,13:35:36
18673,tick05,13:35:37
18674,tick05,13:35:37
18675,tick05,13:35:38
18676,tick05,13:35:38
18677,tick05,13:35:39
18678,tick05,13:35:39
18679,tick05,13:35:40
18680,tick05,13:35:40
18681,tick05,13:35:41
18682,tick05,13:35:41
18683,tick05,13:35:42
18684,tick05,13:35:42
18685,tick05,13:35:43
18686,tick05,13:35:43
18687,tick05,13:35:44
18688,tick05,13:35:44
18689,tick05,13:35:45
18690,tick05,13:35:45
18691,tick05,13:35:46
18692,tick05,13:35:46
18693,tick05,13:35:47
18694,tick05,13:35:47
18695,tick05,13:35:48
18696,tick05,13:35:48
18697,tick05,13:35:49
18698,tick05,13:35:49
18699,tick05,13:35:50
18700,tick05,13:35:50
18701,tick05,13:35:51
18702,tick05,13:35:51
18703,tick05,13:35:52
18704,tick05,13:35:52
18705,tick05,13:35:53
18706,tick05,13:35:53
18707,tick05,13:35:54
18708,tick05,13:35:54
18709,tick05,13:35:55
18710,tick05,13:35:55
18711,tick05,13:35:56
18712,tick05,13:35:56
18713,tick05,13:35:57
18714,tick05,13:35:57
18715,tick05,13:35:58
18716,tick05,13:35:58
18717,tick05,13:35:59
18718,tick05,13:35:59
18719,tick05,13:36:00
18720,tick05,13:36:00
18721,tick05,13:36:01
18722,tick05,13:36:01
18723,tick05,13:36:02
18724,tick05,13:36:02
18725,tick05,13:36:03
18726,tick05,13:36:03
18727,tick05,13:36:04
18728,tick05,13:36:04
18729,tick05,13:36:05
18730,tick05,13:36:05
18731,tick05,13:36:06
18732,tick05,13:36:06
18733,tick05,13:36:07
18734,tick05,13:36:07
18735,tick05,13:36:08
18736,tick05,13:36:08
18737,tick05,13:36:09
18738,tick05,13:36:09
18739,tick05,13:36:10
18740,tick05,13:36:10
18741,tick05,13:36:11
18742,tick05,13:36:11
18743,tick05,13:36:12
18744,tick05,13:36:12
18745,tick05,13:36:13
18746,tick05,13:36:13
18747,tick05,13:36:14
18748,tick05,13:36:14
18749,tick05,13:36:15
18750,tick05,13:36:15
18751,tick05,13:36:16
18752,tick05,13:36:16
18753,tick05,13:36:17
18754,tick05,13:36:17
18755,tick05,13:36:18
18756,tick05,13:36:18
18757,tick05,13:36:19
18758,tick05,13:36:19
18759,tick05,13:36:20
18760,tick05,13:36:20
18761,tick05,13:36:21
18762,tick05,13:36:21
18763,tick05,13:36:22
18764,tick05,13:36:22
18765,tick05,13:36:23
18766,tick05,13:36:23
18767,tick05,13:36:24
18768,tick05,13:36:24
18769,tick05,13:36:25
18770,tick05,13:36:25
18771,tick05,13:36:26
18772,tick05,13:36:26
18773,tick05,13:36:27
18774,tick05,13:36:27
18775,tick05,13:36:28
18776,tick05,13:36:28
18777,tick05,13:36:29
18778,tick05,13:36:29
18779,tick05,13:36:30
18780,tick05,13:36:30
18781,tick05,13:36:31
18782,tick05,13:36:31
18783,tick05,13:36:32
18784,tick05,13:36:32
18785,tick05,13:36:33
18786,tick05,13:36:33
18787,tick05,13:36:34
18788,tick05,13:36:34
18789,tick05,13:36:35
18790,tick05,13:36:35
18791,tick05,13:36:36
18792,tick05,13:36:36
18793,tick05,13:36:37
18794,tick05,13:36:37
18795,tick05,13:36:38
18796,tick05,13:36:38
18797,tick05,13:36:39
18798,tick05,13:36:39
18799,tick05,13:36:40
18800,tick05,13:36:40
18801,tick05,13:36:41
18802,tick05,13:36:41
18803,tick05,13:36:42
18804,tick05,13:36:42
18805,tick05,13:36:43
18806,tick05,13:36:43
18807,tick05,13:36:44
18808,tick05,13:36:44
18809,tick05,13:36:45
18810,tick05,13:36:45
18811,tick05,13:36:46
18812,tick05,13:36:46
18813,tick05,13:36:47
18814,tick05,13:36:47
18815,tick05,13:36:48
18816,tick05,13:36:48
18817,tick05,13:36:49
18818,tick05,13:36:49
18819,tick05,13:36:50
18820,tick05,13:36:50
18821,tick05,13:36:51
18822,tick05,13:36:51
18823,tick05,13:36:52
18824,tick05,13:36:52
18825,tick05,13:36:53
18826,tick05,13:36:53
18827,tick05,13:36:54
18828,tick05,13:36:54
18829,tick05,13:36:55
18830,tick05,13:36:55
18831,tick05,13:36:56
18832,tick05,13:36:56
18833,tick05,13:36:57
18834,tick05,13:36:57
18835,tick05,13:36:58
18836,tick05,13:36:58
18837,tick05,13:36:59
18838,tick05,13:36:59
18839,tick05,13:37:00
18840,tick05,13:37:00
18841,tick05,13:37:01
18842,tick05,13:37:01
18843,tick05,13:37:02
18844,tick05,13:37:02
18845,tick05,13:37:03
18846,tick05,13:37:03
18847,tick05,13:37:04
18848,tick05,13:37:04
18849,tick05,13:37:05
18850,tick05,13:37:05
18851,tick05,13:37:06
18852,tick05,13:37:06
18853,tick05,13:37:07
18854,tick05,13:37:07
18855,tick05,13:37:08
18856,tick05,13:37:08
18857,tick05,13:37:09
18858,tick05,13:37:09
18859,tick05,13:37:10
18860,tick05,13:37:10
18861,tick05,13:37:11
18862,tick05,13:37:11
18863,tick05,13:37:12
18864,tick05,13:37:12
18865,tick05,13:37:13
18866,tick05,13:37:13
18867,tick05,13:37:14
18868,tick05,13:37:14
18869,tick05,13:37:15
18870,tick05,13:37:15
18871,tick05,13:37:16
18872,tick05,13:37:16
18873,tick05,13:37:17
18874,tick05,13:37:17
18875,tick05,13:37:18
18876,tick05,13:37:18
18877,tick05,13:37:19
18878,tick05,13:37:19
18879,tick05,13:37:20
18880,tick05,13:37:20
18881,tick05,13:37:21
18882,tick05,13:37:21
18883,tick05,13:37:22
18884,tick05,13:37:22
18885,tick05,13:37:23
18886,tick05,13:37:23
18887,tick05,13:37:24
18888,tick05,13:37:24
18889,tick05,13:37:25
18890,tick05,13:37:25
18891,tick05,13:37:26
18892,tick05,13:37:26
18893,tick05,13:37:27
18894,tick05,13:37:27
18895,tick05,13:37:28
18896,tick05,13:37:28
18897,tick05,13:37:29
18898,tick05,13:37:29
18899,tick05,13:37:30
18900,tick05,13:37:30
18901,tick05,13:37:31
18902,tick05,13:37:31
18903,tick05,13:37:32
18904,tick05,13:37:32
18905,tick05,13:37:33
18906,tick05,13:37:33
18907,tick05,13:37:34
18908,tick05,13:37:34
18909,tick05,13:37:35
18910,tick05,13:37:35
18911,tick05,13:37:36
18912,tick05,13:37:36
18913,tick05,13:37:37
18914,tick05,13:37:37
18915,tick05,13:37:38
18916,tick05,13:37:38
18917,tick05,13:37:39
18918,tick05,13:37:39
18919,tick05,13:37:40
18920,tick05,13:37:40
18921,tick05,13:37:41
18922,tick05,13:37:41
18923,tick05,13:37:42
18924,tick05,13:37:42
18925,tick05,13:37:43
18926,tick05,13:37:43
18927,tick05,13:37:44
18928,tick05,13:37:44
18929,tick05,13:37:45
18930,tick05,13:37:45
18931,tick05,13:37:46
18932,tick05,13:37:46
18933,tick05,13:37:47
18934,tick05,13:37:47
18935,tick05,13:37:48
18936,tick05,13:37:48
18937,tick05,13:37:49
18938,tick05,13:37:49
18939,tick05,13:37:50
18940,tick05,13:37:50
18941,tick05,13:37:51
18942,tick05,13:37:51
18943,tick05,13:37:52
18944,tick05,13:37:52
18945,tick05,13:37:53
18946,tick05,13:37:53
18947,tick05,13:37:54
18948,tick05,13:37:54
18949,tick05,13:37:55
18950,tick05,13:37:55
18951,tick05,13:37:56
18952,tick05,13:37:56
18953,tick05,13:37:57
18954,tick05,13:37:57
18955,tick05,13:37:58
18956,tick05,13:37:58
18957,tick05,13:37:59
18958,tick05,13:37:59
18959,tick05,13:38:00
18960,tick05,13:38:00
18961,tick05,13:38:01
18962,tick05,13:38:01
18963,tick05,13:38:02
18964,tick05,13:38:02
18965,tick05,13:38:03
18966,tick05,13:38:03
18967,tick05,13:38:04
18968,tick05,13:38:04
18969,tick05,13:38:05
18970,tick05,13:38:05
18971,tick05,13:38:06
18972,tick05,13:38:06
18973,tick05,13:38:07
18974,tick05,13:38:07
18975,tick05,13:38:08
18976,tick05,13:38:08
18977,tick05,13:38:09
18978,tick05,13:38:09
18979,tick05,13:38:10
18980,tick05,13:38:10
18981,tick05,13:38:11
18982,tick05,13:38:11
18983,tick05,13:38:12
18984,tick05,13:38:12
18985,tick05,13:38:13
18986,tick05,13:38:13
18987,tick05,13:38:14
18988,tick05,13:38:14
18989,tick05,13:38:15
18990,tick05,13:38:15
18991,tick05,13:38:16
18992,tick05,13:38:16
18993,tick05,13:38:17
18994,tick05,13:38:17
18995,tick05,13:38:18
18996,tick05,13:38:18
18997,tick05,13:38:19
18998,tick05,13:38:19
18999,tick05,13:38:20
19000,tick05,13:38:20
19001,tick05,13:38:21
19002,tick05,13:38:21
19003,tick05,13:38:22
19004,tick05,13:38:22
19005,tick05,13:38:23
19006,tick05,13:38:23
19007,tick05,13:38:24
19008,tick05,13:38:24
19009,tick05,13:38:25
19010,tick05,13:38:25
19011,tick05,13:38:26
19012,tick05,13:38:26
19013,tick05,13:38:27
19014,tick05,13:38:27
19015,tick05,13:38:28
19016,tick05,13:38:28
19017,tick05,13:38:29
19018,tick05,13:38:29
19019,tick05,13:38:30
19020,tick05,13:38:30
19021,tick05,13:38:31
19022,tick05,13:38:31
19023,tick05,13:38:32
19024,tick05,13:38:32
19025,tick05,13:38:33
19026,tick05,13:38:33
19027,tick05,13:38:34
19028,tick05,13:38:34
19029,tick05,13:38:35
19030,tick05,13:38:35
19031,tick05,13:38:36
19032,tick05,13:38:36
19033,tick05,13:38:37
19034,tick05,13:38:37
19035,tick05,13:38:38
19036,tick05,13:38:38
19037,tick05,13:38:39
19038,tick05,13:38:39
19039,tick05,13:38:40
19040,tick05,13:38:40
19041,tick05,13:38:41
19042,tick05,13:38:41
19043,tick05,13:38:42
19044,tick05,13:38:42
19045,tick05,13:38:43
19046,tick05,13:38:43
19047,tick05,13:38:44
19048,tick05,13:38:44
19049,tick05,13:38:45
19050,tick05,13:38:45
19051,tick05,13:38:46
19052,tick05,13:38:46
19053,tick05,13:38:47
19054,tick05,13:38:47
19055,tick05,13:38:48
19056,tick05,13:38:48
19057,tick05,13:38:49
19058,tick05,13:38:49
19059,tick05,13:38:50
19060,tick05,13:38:50
19061,tick05,13:38:51
19062,tick05,13:38:51
19063,tick05,13:38:52
19064,tick05,13:38:52
19065,tick05,13:38:53
19066,tick05,13:38:53
19067,tick05,13:38:54
19068,tick05,13:38:54
19069,tick05,13:38:55
19070,tick05,13:38:55
19071,tick05,13:38:56
19072,tick05,13:38:56
19073,tick05,13:38:57
19074,tick05,13:38:57
19075,tick05,13:38:58
19076,tick05,13:38:58
19077,tick05,13:38:59
19078,tick05,13:38:59
19079,tick05,13:39:00
19080,tick05,13:39:00
19081,tick05,13:39:01
19082,tick05,13:39:01
19083,tick05,13:39:02
19084,tick05,13:39:02
19085,tick05,13:39:03
19086,tick05,13:39:03
19087,tick05,13:39:04
19088,tick05,13:39:04
19089,tick05,13:39:05
19090,tick05,13:39:05
19091,tick05,13:39:06
19092,tick05,13:39:06
19093,tick05,13:39:07
19094,tick05,13:39:07
19095,tick05,13:39:08
19096,tick05,13:39:08
19097,tick05,13:39:09
19098,tick05,13:39:09
19099,tick05,13:39:10
19100,tick05,13:39:10
19101,tick05,13:39:11
19102,tick05,13:39:11
19103,tick05,13:39:12
19104,tick05,13:39:12
19105,tick05,13:39:13
19106,tick05,13:39:13
19107,tick05,13:39:14
19108,tick05,13:39:14
19109,tick05,13:39:15
19110,tick05,13:39:15
19111,tick05,13:39:16
19112,tick05,13:39:16
19113,tick05,13:39:17
19114,tick05,13:39:17
19115,tick05,13:39:18
19116,tick05,13:39:18
19117,tick05,13:39:19
19118,tick05,13:39:19
19119,tick05,13:39:20
19120,tick05,13:39:20
19121,tick05,13:39:21
19122,tick05,13:39:21
19123,tick05,13:39:22
19124,tick05,13:39:22
19125,tick05,13:39:23
19126,tick05,13:39:23
19127,tick05,13:39:24
19128,tick05,13:39:24
19129,tick05,13:39:25
19130,tick05,13:39:25
19131,tick05,13:39:26
19132,tick05,13:39:26
19133,tick05,13:39:27
19134,tick05,13:39:27
19135,tick05,13:39:28
19136,tick05,13:39:28
19137,tick05,13:39:29
19138,tick05,13:39:29
19139,tick05,13:39:30
19140,tick05,13:39:30
19141,tick05,13:39:31
19142,tick05,13:39:31
19143,tick05,13:39:32
19144,tick05,13:39:32
19145,tick05,13:39:33
19146,tick05,13:39:33
19147,tick05,13:39:34
19148,tick05,13:39:34
19149,tick05,13:39:35
19150,tick05,13:39:35
19151,tick05,13:39:36
19152,tick05,13:39:36
19153,tick05,13:39:37
19154,tick05,13:39:37
19155,tick05,13:39:38
19156,tick05,13:39:38
19157,tick05,13:39:39
19158,tick05,13:39:39
19159,tick05,13:39:40
19160,tick05,13:39:40
19161,tick05,13:39:41
19162,tick05,13:39:41
19163,tick05,13:39:42
19164,tick05,13:39:42
19165,tick05,13:39:43
19166,tick05,13:39:43
19167,tick05,13:39:44
19168,tick05,13:39:44
19169,tick05,13:39:45
19170,tick05,13:39:45
19171,tick05,13:39:46
19172,tick05,13:39:46
19173,tick05,13:39:47
19174,tick05,13:39:47
19175,tick05,13:39:48
19176,tick05,13:39:48
19177,tick05,13:39:49
19178,tick05,13:39:49
19179,tick05,13:39:50
19180,tick05,13:39:50
19181,tick05,13:39:51
19182,tick05,13:39:51
19183,tick05,13:39:52
19184,tick05,13:39:52
19185,tick05,13:39:53
19186,tick05,13:39:53
19187,tick05,13:39:54
19188,tick05,13:39:54
19189,tick05,13:39:55
19190,tick05,13:39:55
19191,tick05,13:39:56
19192,tick05,13:39:56
19193,tick05,13:39:57
19194,tick05,13:39:57
19195,tick05,13:39:58
19196,tick05,13:39:58
19197,tick05,13:39:59
19198,tick05,13:39:59
19199,tick05,13:40:00
19200,tick05,13:40:00
19201,tick05,13:40:01
19202,tick05,13:40:01
19203,tick05,13:40:02
19204,tick05,13:40:02
19205,tick05,13:40:03
19206,tick05,13:40:03
19207,tick05,13:40:04
19208,tick05,13:40:04
19209,tick05,13:40:05
19210,tick05,13:40:05
19211,tick05,13:40:06
19212,tick05,13:40:06
19213,tick05,13:40:07
19214,tick05,13:40:07
19215,tick05,13:40:08
19216,tick05,13:40:08
19217,tick05,13:40:09
19218,tick05,13:40:09
19219,tick05,13:40:10
19220,tick05,13:40:10
19221,tick05,13:40:11
19222,tick05,13:40:11
19223,tick05,13:40:12
19224,tick05,13:40:12
19225,tick05,13:40:13
19226,tick05,13:40:13
19227,tick05,13:40:14
19228,tick05,13:40:14
19229,tick05,13:40:15
19230,tick05,13:40:15
19231,tick05,13:40:16
19232,tick05,13:40:16
19233,tick05,13:40:17
19234,tick05,13:40:17
19235,tick05,13:40:18
19236,tick05,13:40:18
19237,tick05,13:40:19
19238,tick05,13:40:19
19239,tick05,13:40:20
19240,tick05,13:40:20
19241,tick05,13:40:21
19242,tick05,13:40:21
19243,tick05,13:40:22
19244,tick05,13:40:22
19245,tick05,13:40:23
19246,tick05,13:40:23
19247,tick05,13:40:24
19248,tick05,13:40:24
19249,tick05,13:40:25
19250,tick05,13:40:25
19251,tick05,13:40:26
19252,tick05,13:40:26
19253,tick05,13:40:27
19254,tick05,13:40:27
19255,tick05,13:40:28
19256,tick05,13:40:28
19257,tick05,13:40:29
19258,tick05,13:40:29
19259,tick05,13:40:30
19260,tick05,13:40:30
19261,tick05,13:40:31
19262,tick05,13:40:31
19263,tick05,13:40:32
19264,tick05,13:40:32
19265,tick05,13:40:33
19266,tick05,13:40:33
19267,tick05,13:40:34
19268,tick05,13:40:34
19269,tick05,13:40:35
19270,tick05,13:40:35
19271,tick05,13:40:36
19272,tick05,13:40:36
19273,tick05,13:40:37
19274,tick05,13:40:37
19275,tick05,13:40:38
19276,tick05,13:40:38
19277,tick05,13:40:39
19278,tick05,13:40:39
19279,tick05,13:40:40
19280,tick05,13:40:40
19281,tick05,13:40:41
19282,tick05,13:40:41
19283,tick05,13:40:42
19284,tick05,13:40:42
19285,tick05,13:40:43
19286,tick05,13:40:43
19287,tick05,13:40:44
19288,tick05,13:40:44
19289,tick05,13:40:45
19290,tick05,13:40:45
19291,tick05,13:40:46
19292,tick05,13:40:46
19293,tick05,13:40:47
19294,tick05,13:40:47
19295,tick05,13:40:48
19296,tick05,13:40:48
19297,tick05,13:40:49
19298,tick05,13:40:49
19299,tick05,13:40:50
19300,tick05,13:40:50
19301,tick05,13:40:51
19302,tick05,13:40:51
19303,tick05,13:40:52
19304,tick05,13:40:52
19305,tick05,13:40:53
19306,tick05,13:40:53
19307,tick05,13:40:54
19308,tick05,13:40:54
19309,tick05,13:40:55
19310,tick05,13:40:55
19311,tick05,13:40:56
19312,tick05,13:40:56
19313,tick05,13:40:57
19314,tick05,13:40:57
19315,tick05,13:40:58
19316,tick05,13:40:58
19317,tick05,13:40:59
19318,tick05,13:40:59
19319,tick05,13:41:00
19320,tick05,13:41:00
19321,tick05,13:41:01
19322,tick05,13:41:01
19323,tick05,13:41:02
19324,tick05,13:41:02
19325,tick05,13:41:03
19326,tick05,13:41:03
19327,tick05,13:41:04
19328,tick05,13:41:04
19329,tick05,13:41:05
19330,tick05,13:41:05
19331,tick05,13:41:06
19332,tick05,13:41:06
19333,tick05,13:41:07
19334,tick05,13:41:07
19335,tick05,13:41:08
19336,tick05,13:41:08
19337,tick05,13:41:09
19338,tick05,13:41:09
19339,tick05,13:41:10
19340,tick05,13:41:10
19341,tick05,13:41:11
19342,tick05,13:41:11
19343,tick05,13:41:12
19344,tick05,13:41:12
19345,tick05,13:41:13
19346,tick05,13:41:13
19347,tick05,13:41:14
19348,tick05,13:41:14
19349,tick05,13:41:15
19350,tick05,13:41:15
19351,tick05,13:41:16
19352,tick05,13:41:16
19353,tick05,13:41:17
19354,tick05,13:41:17
19355,tick05,13:41:18
19356,tick05,13:41:18
19357,tick05,13:41:19
19358,tick05,13:41:19
19359,tick05,13:41:20
19360,tick05,13:41:20
19361,tick05,13:41:21
19362,tick05,13:41:21
19363,tick05,13:41:22
19364,tick05,13:41:22
19365,tick05,13:41:23
19366,tick05,13:41:23
19367,tick05,13:41:24
19368,tick05,13:41:24
19369,tick05,13:41:25
19370,tick05,13:41:25
19371,tick05,13:41:26
19372,tick05,13:41:26
19373,tick05,13:41:27
19374,tick05,13:41:27
19375,tick05,13:41:28
19376,tick05,13:41:28
19377,tick05,13:41:29
19378,tick05,13:41:29
19379,tick05,13:41:30
19380,tick05,13:41:30
19381,tick05,13:41:31
19382,tick05,13:41:31
19383,tick05,13:41:32
19384,tick05,13:41:32
19385,tick05,13:41:33
19386,tick05,13:41:33
19387,tick05,13:41:34
19388,tick05,13:41:34
19389,tick05,13:41:35
19390,tick05,13:41:35
19391,tick05,13:41:36
19392,tick05,13:41:36
19393,tick05,13:41:37
19394,tick05,13:41:37
19395,tick05,13:41:38
19396,tick05,13:41:38
19397,tick05,13:41:39
19398,tick05,13:41:39
19399,tick05,13:41:40
19400,tick05,13:41:40
19401,tick05,13:41:41
19402,tick05,13:41:41
19403,tick05,13:41:42
19404,tick05,13:41:42
19405,tick05,13:41:43
19406,tick05,13:41:43
19407,tick05,13:41:44
19408,tick05,13:41:44
19409,tick05,13:41:45
19410,tick05,13:41:45
19411,tick05,13:41:46
19412,tick05,13:41:46
19413,tick05,13:41:47
19414,tick05,13:41:47
19415,tick05,13:41:48
19416,tick05,13:41:48
19417,tick05,13:41:49
19418,tick05,13:41:49
19419,tick05,13:41:50
19420,tick05,13:41:50
19421,tick05,13:41:51
19422,tick05,13:41:51
19423,tick05,13:41:52
19424,tick05,13:41:52
19425,tick05,13:41:53
19426,tick05,13:41:53
19427,tick05,13:41:54
19428,tick05,13:41:54
19429,tick05,13:41:55
19430,tick05,13:41:55
19431,tick05,13:41:56
19432,tick05,13:41:56
19433,tick05,13:41:57
19434,tick05,13:41:57
19435,tick05,13:41:58
19436,tick05,13:41:58
19437,tick05,13:41:59
19438,tick05,13:41:59
19439,tick05,13:42:00
19440,tick05,13:42:00
19441,tick05,13:42:01
19442,tick05,13:42:01
19443,tick05,13:42:02
19444,tick05,13:42:02
19445,tick05,13:42:03
19446,tick05,13:42:03
19447,tick05,13:42:04
19448,tick05,13:42:04
19449,tick05,13:42:05
19450,tick05,13:42:05
19451,tick05,13:42:06
19452,tick05,13:42:06
19453,tick05,13:42:07
19454,tick05,13:42:07
19455,tick05,13:42:08
19456,tick05,13:42:08
19457,tick05,13:42:09
19458,tick05,13:42:09
19459,tick05,13:42:10
19460,tick05,13:42:10
19461,tick05,13:42:11
19462,tick05,13:42:11
19463,tick05,13:42:12
19464,tick05,13:42:12
19465,tick05,13:42:13
19466,tick05,13:42:13
19467,tick05,13:42:14
19468,tick05,13:42:14
19469,tick05,13:42:15
19470,tick05,13:42:15
19471,tick05,13:42:16
19472,tick05,13:42:16
19473,tick05,13:42:17
19474,tick05,13:42:17
19475,tick05,13:42:18
19476,tick05,13:42:18
19477,tick05,13:42:19
19478,tick05,13:42:19
19479,tick05,13:42:20
19480,tick05,13:42:20
19481,tick05,13:42:21
19482,tick05,13:42:21
19483,tick05,13:42:22
19484,tick05,13:42:22
19485,tick05,13:42:23
19486,tick05,13:42:23
19487,tick05,13:42:24
19488,tick05,13:42:24
19489,tick05,13:42:25
19490,tick05,13:42:25
19491,tick05,13:42:26
19492,tick05,13:42:26
19493,tick05,13:42:27
19494,tick05,13:42:27
19495,tick05,13:42:28
19496,tick05,13:42:28
19497,tick05,13:42:29
19498,tick05,13:42:29
19499,tick05,13:42:30
19500,tick05,13:42:30
19501,tick05,13:42:31
19502,tick05,13:42:31
19503,tick05,13:42:32
19504,tick05,13:42:32
19505,tick05,13:42:33
19506,tick05,13:42:33
19507,tick05,13:42:34
19508,tick05,13:42:34
19509,tick05,13:42:35
19510,tick05,13:42:35
19511,tick05,13:42:36
19512,tick05,13:42:36
19513,tick05,13:42:37
19514,tick05,13:42:37
19515,tick05,13:42:38
19516,tick05,13:42:38
19517,tick05,13:42:39
19518,tick05,13:42:39
19519,tick05,13:42:40
19520,tick05,13:42:40
19521,tick05,13:42:41
19522,tick05,13:42:41
19523,tick05,13:42:42
19524,tick05,13:42:42
19525,tick05,13:42:43
19526,tick05,13:42:43
19527,tick05,13:42:44
19528,tick05,13:42:44
19529,tick05,13:42:45
19530,tick05,13:42:45
19531,tick05,13:42:46
19532,tick05,13:42:46
19533,tick05,13:42:47
19534,tick05,13:42:47
19535,tick05,13:42:48
19536,tick05,13:42:48
19537,tick05,13:42:49
19538,tick05,13:42:49
19539,tick05,13:42:50
19540,tick05,13:42:50
19541,tick05,13:42:51
19542,tick05,13:42:51
19543,tick05,13:42:52
19544,tick05,13:42:52
19545,tick05,13:42:53
19546,tick05,13:42:53
19547,tick05,13:42:54
19548,tick05,13:42:54
19549,tick05,13:42:55
19550,tick05,13:42:55
19551,tick05,13:42:56
19552,tick05,13:42:56
19553,tick05,13:42:57
19554,tick05,13:42:57
19555,tick05,13:42:58
19556,tick05,13:42:58
19557,tick05,13:42:59
19558,tick05,13:42:59
19559,tick05,13:43:00
19560,tick05,13:43:00
19561,tick05,13:43:01
19562,tick05,13:43:01
19563,tick05,13:43:02
19564,tick05,13:43:02
19565,tick05,13:43:03
19566,tick05,13:43:03
19567,tick05,13:43:04
19568,tick05,13:43:04
19569,tick05,13:43:05
19570,tick05,13:43:05
19571,tick05,13:43:06
19572,tick05,13:43:06
19573,tick05,13:43:07
19574,tick05,13:43:07
19575,tick05,13:43:08
19576,tick05,13:43:08
19577,tick05,13:43:09
19578,tick05,13:43:09
19579,tick05,13:43:10
19580,tick05,13:43:10
19581,tick05,13:43:11
19582,tick05,13:43:11
19583,tick05,13:43:12
19584,tick05,13:43:12
19585,tick05,13:43:13
19586,tick05,13:43:13
19587,tick05,13:43:14
19588,tick05,13:43:14
19589,tick05,13:43:15
19590,tick05,13:43:15
19591,tick05,13:43:16
19592,tick05,13:43:16
19593,tick05,13:43:17
19594,tick05,13:43:17
19595,tick05,13:43:18
19596,tick05,13:43:18
19597,tick05,13:43:19
19598,tick05,13:43:19
19599,tick05,13:43:20
19600,tick05,13:43:20
19601,tick05,13:43:21
19602,tick05,13:43:21
19603,tick05,13:43:22
19604,tick05,13:43:22
19605,tick05,13:43:23
19606,tick05,13:43:23
19607,tick05,13:43:24
19608,tick05,13:43:24
19609,tick05,13:43:25
19610,tick05,13:43:25
19611,tick05,13:43:26
19612,tick05,13:43:26
19613,tick05,13:43:27
19614,tick05,13:43:27
19615,tick05,13:43:28
19616,tick05,13:43:28
19617,tick05,13:43:29
19618,tick05,13:43:29
19619,tick05,13:43:30
19620,tick05,13:43:30
19621,tick05,13:43:31
19622,tick05,13:43:31
19623,tick05,13:43:32
19624,tick05,13:43:32
19625,tick05,13:43:33
19626,tick05,13:43:33
19627,tick05,13:43:34
19628,tick05,13:43:34
19629,tick05,13:43:35
19630,tick05,13:43:35
19631,tick05,13:43:36
19632,tick05,13:43:36
19633,tick05,13:43:37
19634,tick05,13:43:37
19635,tick05,13:43:38
19636,tick05,13:43:38
19637,tick05,13:43:39
19638,tick05,13:43:39
19639,tick05,13:43:40
19640,tick05,13:43:40
19641,tick05,13:43:41
19642,tick05,13:43:41
19643,tick05,13:43:42
19644,tick05,13:43:42
19645,tick05,13:43:43
19646,tick05,13:43:43
19647,tick05,13:43:44
19648,tick05,13:43:44
19649,tick05,13:43:45
19650,tick05,13:43:45
19651,tick05,13:43:46
19652,tick05,13:43:46
19653,tick05,13:43:47
19654,tick05,13:43:47
19655,tick05,13:43:48
19656,tick05,13:43:48
19657,tick05,13:43:49
19658,tick05,13:43:49
19659,tick05,13:43:50
19660,tick05,13:43:50
19661,tick05,13:43:51
19662,tick05,13:43:51
19663,tick05,13:43:52
19664,tick05,13:43:52
19665,tick05,13:43:53
19666,tick05,13:43:53
19667,tick05,13:43:54
19668,tick05,13:43:54
19669,tick05,13:43:55
19670,tick05,13:43:55
19671,tick05,13:43:56
19672,tick05,13:43:56
19673,tick05,13:43:57
19674,tick05,13:43:57
19675,tick05,13:43:58
19676,tick05,13:43:58
19677,tick05,13:43:59
19678,tick05,13:43:59
19679,tick05,13:44:00
19680,tick05,13:44:00
19681,tick05,13:44:01
19682,tick05,13:44:01
19683,tick05,13:44:02
19684,tick05,13:44:02
19685,tick05,13:44:03
19686,tick05,13:44:03
19687,tick05,13:44:04
19688,tick05,13:44:04
19689,tick05,13:44:05
19690,tick05,13:44:05
19691,tick05,13:44:06
19692,tick05,13:44:06
19693,tick05,13:44:07
19694,tick05,13:44:07
19695,tick05,13:44:08
19696,tick05,13:44:08
19697,tick05,13:44:09
19698,tick05,13:44:09
19699,tick05,13:44:10
19700,tick05,13:44:10
19701,tick05,13:44:11
19702,tick05,13:44:11
19703,tick05,13:44:12
19704,tick05,13:44:12
19705,tick05,13:44:13
19706,tick05,13:44:13
19707,tick05,13:44:14
19708,tick05,13:44:14
19709,tick05,13:44:15
19710,tick05,13:44:15
19711,tick05,13:44:16
19712,tick05,13:44:16
19713,tick05,13:44:17
19714,tick05,13:44:17
19715,tick05,13:44:18
19716,tick05,13:44:18
19717,tick05,13:44:19
19718,tick05,13:44:19
19719,tick05,13:44:20
19720,tick05,13:44:20
19721,tick05,13:44:21
19722,tick05,13:44:21
19723,tick05,13:44:22
19724,tick05,13:44:22
19725,tick05,13:44:23
19726,tick05,13:44:23
19727,tick05,13:44:24
19728,tick05,13:44:24
19729,tick05,13:44:25
19730,tick05,13:44:25
19731,tick05,13:44:26
19732,tick05,13:44:26
19733,tick05,13:44:27
19734,tick05,13:44:27
19735,tick05,13:44:28
19736,tick05,13:44:28
19737,tick05,13:44:29
19738,tick05,13:44:29
19739,tick05,13:44:30
19740,tick05,13:44:30
19741,tick05,13:44:31
19742,tick05,13:44:31
19743,tick05,13:44:32
19744,tick05,13:44:32
19745,tick05,13:44:33
19746,tick05,13:44:33
19747,tick05,13:44:34
19748,tick05,13:44:34
19749,tick05,13:44:35
19750,tick05,13:44:35
19751,tick05,13:44:36
19752,tick05,13:44:36
19753,tick05,13:44:37
19754,tick05,13:44:37
19755,tick05,13:44:38
19756,tick05,13:44:38
19757,tick05,13:44:39
19758,tick05,13:44:39
19759,tick05,13:44:40
19760,tick05,13:44:40
19761,tick05,13:44:41
19762,tick05,13:44:41
19763,tick05,13:44:42
19764,tick05,13:44:42
19765,tick05,13:44:43
19766,tick05,13:44:43
19767,tick05,13:44:44
19768,tick05,13:44:44
19769,tick05,13:44:45
19770,tick05,13:44:45
19771,tick05,13:44:46
19772,tick05,13:44:46
19773,tick05,13:44:47
19774,tick05,13:44:47
19775,tick05,13:44:48
19776,tick05,13:44:48
19777,tick05,13:44:49
19778,tick05,13:44:49
19779,tick05,13:44:50
19780,tick05,13:44:50
19781,tick05,13:44:51
19782,tick05,13:44:51
19783,tick05,13:44:52
19784,tick05,13:44:52
19785,tick05,13:44:53
19786,tick05,13:44:53
19787,tick05,13:44:54
19788,tick05,13:44:54
19789,tick05,13:44:55
19790,tick05,13:44:55
19791,tick05,13:44:56
19792,tick05,13:44:56
19793,tick05,13:44:57
19794,tick05,13:44:57
19795,tick05,13:44:58
19796,tick05,13:44:58
19797,tick05,13:44:59
19798,tick05,13:44:59
19799,tick05,13:45:00
19800,tick05,13:45:00
19801,tick05,13:45:01
19802,tick05,13:45:01
19803,tick05,13:45:02
19804,tick05,13:45:02
19805,tick05,13:45:03
19806,tick05,13:45:03
19807,tick05,13:45:04
19808,tick05,13:45:04
19809,tick05,13:45:05
19810,tick05,13:45:05
19811,tick05,13:45:06
19812,tick05,13:45:06
19813,tick05,13:45:07
19814,tick05,13:45:07
19815,tick05,13:45:08
19816,tick05,13:45:08
19817,tick05,13:45:09
19818,tick05,13:45:09
19819,tick05,13:45:10
19820,tick05,13:45:10
19821,tick05,13:45:11
19822,tick05,13:45:11
19823,tick05,13:45:12
19824,tick05,13:45:12
19825,tick05,13:45:13
19826,tick05,13:45:13
19827,tick05,13:45:14
19828,tick05,13:45:14
19829,tick05,13:45:15
19830,tick05,13:45:15
19831,tick05,13:45:16
19832,tick05,13:45:16
19833,tick05,13:45:17
19834,tick05,13:45:17
19835,tick05,13:45:18
19836,tick05,13:45:18
19837,tick05,13:45:19
19838,tick05,13:45:19
19839,tick05,13:45:20
19840,tick05,13:45:20
19841,tick05,13:45:21
19842,tick05,13:45:21
19843,tick05,13:45:22
19844,tick05,13:45:22
19845,tick05,13:45:23
19846,tick05,13:45:23
19847,tick05,13:45:24
19848,tick05,13:45:24
19849,tick05,13:45:25
19850,tick05,13:45:25
19851,tick05,13:45:26
19852,tick05,13:45:26
19853,tick05,13:45:27
19854,tick05,13:45:27
19855,tick05,13:45:28
19856,tick05,13:45:28
19857,tick05,13:45:29
19858,tick05,13:45:29
19859,tick05,13:45:30
19860,tick05,13:45:30
19861,tick05,13:45:31
19862,tick05,13:45:31
19863,tick05,13:45:32
19864,tick05,13:45:32
19865,tick05,13:45:33
19866,tick05,13:45:33
19867,tick05,13:45:34
19868,tick05,13:45:34
19869,tick05,13:45:35
19870,tick05,13:45:35
19871,tick05,13:45:36
19872,tick05,13:45:36
19873,tick05,13:45:37
19874,tick05,13:45:37
19875,tick05,13:45:38
19876,tick05,13:45:38
19877,tick05,13:45:39
19878,tick05,13:45:39
19879,tick05,13:45:40
19880,tick05,13:45:40
19881,tick05,13:45:41
19882,tick05,13:45:41
19883,tick05,13:45:42
19884,tick05,13:45:42
19885,tick05,13:45:43
19886,tick05,13:45:43
19887,tick05,13:45:44
19888,tick05,13:45:44
19889,tick05,13:45:45
19890,tick05,13:45:45
19891,tick05,13:45:46
19892,tick05,13:45:46
19893,tick05,13:45:47
19894,tick05,13:45:47
19895,tick05,13:45:48
19896,tick05,13:45:48
19897,tick05,13:45:49
19898,tick05,13:45:49
19899,tick05,13:45:50
19900,tick05,13:45:50
19901,tick05,13:45:51
19902,tick05,13:45:51
19903,tick05,13:45:52
19904,tick05,13:45:52
19905,tick05,13:45:53
19906,tick05,13:45:53
19907,tick05,13:45:54
19908,tick05,13:45:54
19909,tick05,13:45:55
19910,tick05,13:45:55
19911,tick05,13:45:56
19912,tick05,13:45:56
19913,tick05,13:45:57
19914,tick05,13:45:57
19915,tick05,13:45:58
19916,tick05,13:45:58
19917,tick05,13:45:59
19918,tick05,13:45:59
19919,tick05,13:46:00
19920,tick05,13:46:00
19921,tick05,13:46:01
19922,tick05,13:46:01
19923,tick05,13:46:02
19924,tick05,13:46:02
19925,tick05,13:46:03
19926,tick05,13:46:03
19927,tick05,13:46:04
19928,tick05,13:46:04
19929,tick05,13:46:05
19930,tick05,13:46:05
19931,tick05,13:46:06
19932,tick05,13:46:06
19933,tick05,13:46:07
19934,tick05,13:46:07
19935,tick05,13:46:08
19936,tick05,13:46:08
19937,tick05,13:46:09
19938,tick05,13:46:09
19939,tick05,13:46:10
19940,tick05,13:46:10
19941,tick05,13:46:11
19942,tick05,13:46:11
19943,tick05,13:46:12
19944,tick05,13:46:12
19945,tick05,13:46:13
19946,tick05,13:46:13
19947,tick05,13:46:14
19948,tick05,13:46:14
19949,tick05,13:46:15
19950,tick05,13:46:15
19951,tick05,13:46:16
19952,tick05,13:46:16
19953,tick05,13:46:17
19954,tick05,13:46:17
19955,tick05,13:46:18
19956,tick05,13:46:18
19957,tick05,13:46:19
19958,tick05,13:46:19
19959,tick05,13:46:20
19960,tick05,13:46:20
19961,tick05,13:46:21
19962,tick05,13:46:21
19963,tick05,13:46:22
19964,tick05,13:46:22
19965,tick05,13:46:23
19966,tick05,13:46:23
19967,tick05,13:46:24
19968,tick05,13:46:24
19969,tick05,13:46:25
19970,tick05,13:46:25
19971,tick05,13:46:26
19972,tick05,13:46:26
19973,tick05,13:46:27
19974,tick05,13:46:27
19975,tick05,13:46:28
19976,tick05,13:46:28
19977,tick05,13:46:29
19978,tick05,13:46:29
19979,tick05,13:46:30
19980,tick05,13:46:30
19981,tick05,13:46:31
19982,tick05,13:46:31
19983,tick05,13:46:32
19984,tick05,13:46:32
19985,tick05,13:46:33
19986,tick05,13:46:33
19987,tick05,13:46:34
19988,tick05,13:46:34
19989,tick05,13:46:35
19990,tick05,13:46:35
19991,tick05,13:46:36
19992,tick05,13:46:36
19993,tick05,13:46:37
19994,tick05,13:46:37
19995,tick05,13:46:38
19996,tick05,13:46:38
19997,tick05,13:46:39
19998,tick05,13:46:39
19999,tick05,13:46:40
20000,tick05,13:46:40
20001,tick05,13:46:41
20002,tick05,13:46:41
20003,tick05,13:46:42
20004,tick05,13:46:42
20005,tick05,13:46:43
20006,tick05,13:46:43
20007,tick05,13:46:44
20008,tick05,13:46:44
20009,tick05,13:46:45
20010,tick05,13:46:45
20011,tick05,13:46:46
20012,tick05,13:46:46
20013,tick05,13:46:47
20014,tick05,13:46:47
20015,tick05,13:46:48
20016,tick05,13:46:48
20017,tick05,13:46:49
20018,tick05,13:46:49
20019,tick05,13:46:50
20020,tick05,13:46:50
20021,tick05,13:46:51
20022,tick05,13:46:51
20023,tick05,13:46:52
20024,tick05,13:46:52
20025,tick05,13:46:53
20026,tick05,13:46:53
20027,tick05,13:46:54
20028,tick05,13:46:54
20029,tick05,13:46:55
20030,tick05,13:46:55
20031,tick05,13:46:56
20032,tick05,13:46:56
20033,tick05,13:46:57
20034,tick05,13:46:57
20035,tick05,13:46:58
20036,tick05,13:46:58
20037,tick05,13:46:59
20038,tick05,13:46:59
20039,tick05,13:47:00
20040,tick05,13:47:00
20041,tick05,13:47:01
20042,tick05,13:47:01
20043,tick05,13:47:02
20044,tick05,13:47:02
20045,tick05,13:47:03
20046,tick05,13:47:03
20047,tick05,13:47:04
20048,tick05,13:47:04
20049,tick05,13:47:05
20050,tick05,13:47:05
20051,tick05,13:47:06
20052,tick05,13:47:06
20053,tick05,13:47:07
20054,tick05,13:47:07
20055,tick05,13:47:08
20056,tick05,13:47:08
20057,tick05,13:47:09
20058,tick05,13:47:09
20059,tick05,13:47:10
20060,tick05,13:47:10
20061,tick05,13:47:11
20062,tick05,13:47:11
20063,tick05,13:47:12
20064,tick05,13:47:12
20065,tick05,13:47:13
20066,tick05,13:47:13
20067,tick05,13:47:14
20068,tick05,13:47:14
20069,tick05,13:47:15
20070,tick05,13:47:15
20071,tick05,13:47:16
20072,tick05,13:47:16
20073,tick05,13:47:17
20074,tick05,13:47:17
20075,tick05,13:47:18
20076,tick05,13:47:18
20077,tick05,13:47:19
20078,tick05,13:47:19
20079,tick05,13:47:20
20080,tick05,13:47:20
20081,tick05,13:47:21
20082,tick05,13:47:21
20083,tick05,13:47:22
20084,tick05,13:47:22
20085,tick05,13:47:23
20086,tick05,13:47:23
20087,tick05,13:47:24
20088,tick05,13:47:24
20089,tick05,13:47:25
20090,tick05,13:47:25
20091,tick05,13:47:26
20092,tick05,13:47:26
20093,tick05,13:47:27
20094,tick05,13:47:27
20095,tick05,13:47:28
20096,tick05,13:47:28
20097,tick05,13:47:29
20098,tick05,13:47:29
20099,tick05,13:47:30
20100,tick05,13:47:30
20101,tick05,13:47:31
20102,tick05,13:47:31
20103,tick05,13:47:32
20104,tick05,13:47:32
20105,tick05,13:47:33
20106,tick05,13:47:33
20107,tick05,13:47:34
20108,tick05,13:47:34
20109,tick05,13:47:35
20110,tick05,13:47:35
20111,tick05,13:47:36
20112,tick05,13:47:36
20113,tick05,13:47:37
20114,tick05,13:47:37
20115,tick05,13:47:38
20116,tick05,13:47:38
20117,tick05,13:47:39
20118,tick05,13:47:39
20119,tick05,13:47:40
20120,tick05,13:47:40
20121,tick05,13:47:41
20122,tick05,13:47:41
20123,tick05,13:47:42
20124,tick05,13:47:42
20125,tick05,13:47:43
20126,tick05,13:47:43
20127,tick05,13:47:44
20128,tick05,13:47:44
20129,tick05,13:47:45
20130,tick05,13:47:45
20131,tick05,13:47:46
20132,tick05,13:47:46
20133,tick05,13:47:47
20134,tick05,13:47:47
20135,tick05,13:47:48
20136,tick05,13:47:48
20137,tick05,13:47:49
20138,tick05,13:47:49
20139,tick05,13:47:50
20140,tick05,13:47:50
20141,tick05,13:47:51
20142,tick05,13:47:51
20143,tick05,13:47:52
20144,tick05,13:47:52
20145,tick05,13:47:53
20146,tick05,13:47:53
20147,tick05,13:47:54
20148,tick05,13:47:54
20149,tick05,13:47:55
20150,tick05,13:47:55
20151,tick05,13:47:56
20152,tick05,13:47:56
20153,tick05,13:47:57
20154,tick05,13:47:57
20155,tick05,13:47:58
20156,tick05,13:47:58
20157,tick05,13:47:59
20158,tick05,13:47:59
20159,tick05,13:48:00
20160,tick05,13:48:00
20161,tick05,13:48:01
20162,tick05,13:48:01
20163,tick05,13:48:02
20164,tick05,13:48:02
20165,tick05,13:48:03
20166,tick05,13:48:03
20167,tick05,13:48:04
20168,tick05,13:48:04
20169,tick05,13:48:05
20170,tick05,13:48:05
20171,tick05,13:48:06
20172,tick05,13:48:06
20173,tick05,13:48:07
20174,tick05,13:48:07
20175,tick05,13:48:08
20176,tick05,13:48:08
20177,tick05,13:48:09
20178,tick05,13:48:09
20179,tick05,13:48:10
20180,tick05,13:48:10
20181,tick05,13:48:11
20182,tick05,13:48:11
20183,tick05,13:48:12
20184,tick05,13:48:12
20185,tick05,13:48:13
20186,tick05,13:48:13
20187,tick05,13:48:14
20188,tick05,13:48:14
20189,tick05,13:48:15
20190,tick05,13:48:15
20191,tick05,13:48:16
20192,tick05,13:48:16
20193,tick05,13:48:17
20194,tick05,13:48:17
20195,tick05,13:48:18
20196,tick05,13:48:18
20197,tick05,13:48:19
20198,tick05,13:48:19
20199,tick05,13:48:20
20200,tick05,13:48:20
20201,tick05,13:48:21
20202,tick05,13:48:21
20203,tick05,13:48:22
20204,tick05,13:48:22
20205,tick05,13:48:23
20206,tick05,13:48:23
20207,tick05,13:48:24
20208,tick05,13:48:24
20209,tick05,13:48:25
20210,tick05,13:48:25
20211,tick05,13:48:26
20212,tick05,13:48:26
20213,tick05,13:48:27
20214,tick05,13:48:27
20215,tick05,13:48:28
20216,tick05,13:48:28
20217,tick05,13:48:29
20218,tick05,13:48:29
20219,tick05,13:48:30
20220,tick05,13:48:30
20221,tick05,13:48:31
20222,tick05,13:48:31
20223,tick05,13:48:32
20224,tick05,13:48:32
20225,tick05,13:48:33
20226,tick05,13:48:33
20227,tick05,13:48:34
20228,tick05,13:48:34
20229,tick05,13:48:35
20230,tick05,13:48:35
20231,tick05,13:48:36
20232,tick05,13:48:36
20233,tick05,13:48:37
20234,tick05,13:48:37
20235,tick05,13:48:38
20236,tick05,13:48:38
20237,tick05,13:48:39
20238,tick05,13:48:39
20239,tick05,13:48:40
20240,tick05,13:48:40
20241,tick05,13:48:41
20242,tick05,13:48:41
20243,tick05,13:48:42
20244,tick05,13:48:42
20245,tick05,13:48:43
20246,tick05,13:48:43
20247,tick05,13:48:44
20248,tick05,13:48:44
20249,tick05,13:48:45
20250,tick05,13:48:45
20251,tick05,13:48:46
20252,tick05,13:48:46
20253,tick05,13:48:47
20254,tick05,13:48:47
20255,tick05,13:48:48
20256,tick05,13:48:48
20257,tick05,13:48:49
20258,tick05,13:48:49
20259,tick05,13:48:50
20260,tick05,13:48:50
20261,tick05,13:48:51
20262,tick05,13:48:51
20263,tick05,13:48:52
20264,tick05,13:48:52
20265,tick05,13:48:53
20266,tick05,13:48:53
20267,tick05,13:48:54
20268,tick05,13:48:54
20269,tick05,13:48:55
20270,tick05,13:48:55
20271,tick05,13:48:56
20272,tick05,13:48:56
20273,tick05,13:48:57
20274,tick05,13:48:57
20275,tick05,13:48:58
20276,tick05,13:48:58
20277,tick05,13:48:59
20278,tick05,13:48:59
20279,tick05,13:49:00
20280,tick05,13:49:00
20281,tick05,13:49:01
20282,tick05,13:49:01
20283,tick05,13:49:02
20284,tick05,13:49:02
20285,tick05,13:49:03
20286,tick05,13:49:03
20287,tick05,13:49:04
20288,tick05,13:49:04
20289,tick05,13:49:05
20290,tick05,13:49:05
20291,tick05,13:49:06
20292,tick05,13:49:06
20293,tick05,13:49:07
20294,tick05,13:49:07
20295,tick05,13:49:08
20296,tick05,13:49:08
20297,tick05,13:49:09
20298,tick05,13:49:09
20299,tick05,13:49:10
20300,tick05,13:49:10
20301,tick05,13:49:11
20302,tick05,13:49:11
20303,tick05,13:49:12
20304,tick05,13:49:12
20305,tick05,13:49:13
20306,tick05,13:49:13
20307,tick05,13:49:14
20308,tick05,13:49:14
20309,tick05,13:49:15
20310,tick05,13:49:15
20311,tick05,13:49:16
20312,tick05,13:49:16
20313,tick05,13:49:17
20314,tick05,13:49:17
20315,tick05,13:49:18
20316,tick05,13:49:18
20317,tick05,13:49:19
20318,tick05,13:49:19
20319,tick05,13:49:20
20320,tick05,13:49:20
20321,tick05,13:49:21
20322,tick05,13:49:21
20323,tick05,13:49:22
20324,tick05,13:49:22
20325,tick05,13:49:23
20326,tick05,13:49:23
20327,tick05,13:49:24
20328,tick05,13:49:24
20329,tick05,13:49:25
20330,tick05,13:49:25
20331,tick05,13:49:26
20332,tick05,13:49:26
20333,tick05,13:49:27
20334,tick05,13:49:27
20335,tick05,13:49:28
20336,tick05,13:49:28
20337,tick05,13:49:29
20338,tick05,13:49:29
20339,tick05,13:49:30
20340,tick05,13:49:30
20341,tick05,13:49:31
20342,tick05,13:49:31
20343,tick05,13:49:32
20344,tick05,13:49:32
20345,tick05,13:49:33
20346,tick05,13:49:33
20347,tick05,13:49:34
20348,tick05,13:49:34
20349,tick05,13:49:35
20350,tick05,13:49:35
20351,tick05,13:49:36
20352,tick05,13:49:36
20353,tick05,13:49:37
20354,tick05,13:49:37
20355,tick05,13:49:38
20356,tick05,13:49:38
20357,tick05,13:49:39
20358,tick05,13:49:39
20359,tick05,13:49:40
20360,tick05,13:49:40
20361,tick05,13:49:41
20362,tick05,13:49:41
20363,tick05,13:49:42
20364,tick05,13:49:42
20365,tick05,13:49:43
20366,tick05,13:49:43
20367,tick05,13:49:44
20368,tick05,13:49:44
20369,tick05,13:49:45
20370,tick05,13:49:45
20371,tick05,13:49:46
20372,tick05,13:49:46
20373,tick05,13:49:47
20374,tick05,13:49:47
20375,tick05,13:49:48
20376,tick05,13:49:48
20377,tick05,13:49:49
20378,tick05,13:49:49
20379,tick05,13:49:50
20380,tick05,13:49:50
20381,tick05,13:49:51
20382,tick05,13:49:51
20383,tick05,13:49:52
20384,tick05,13:49:52
20385,tick05,13:49:53
20386,tick05,13:49:53
20387,tick05,13:49:54
20388,tick05,13:49:54
20389,tick05,13:49:55
20390,tick05,13:49:55
20391,tick05,13:49:56
20392,tick05,13:49:56
20393,tick05,13:49:57
20394,tick05,13:49:57
20395,tick05,13:49:58
20396,tick05,13:49:58
20397,tick05,13:49:59
20398,tick05,13:49:59
20399,tick05,13:50:00
20400,tick05,13:50:00
20401,tick05,13:50:01
20402,tick05,13:50:01
20403,tick05,13:50:02
20404,tick05,13:50:02
20405,tick05,13:50:03
20406,tick05,13:50:03
20407,tick05,13:50:04
20408,tick05,13:50:04
20409,tick05,13:50:05
20410,tick05,13:50:05
20411,tick05,13:50:06
20412,tick05,13:50:06
20413,tick05,13:50:07
20414,tick05,13:50:07
20415,tick05,13:50:08
20416,tick05,13:50:08
20417,tick05,13:50:09
20418,tick05,13:50:09
20419,tick05,13:50:10
20420,tick05,13:50:10
20421,tick05,13:50:11
20422,tick05,13:50:11
20423,tick05,13:50:12
20424,tick05,13:50:12
20425,tick05,13:50:13
20426,tick05,13:50:13
20427,tick05,13:50:14
20428,tick05,13:50:14
20429,tick05,13:50:15
20430,tick05,13:50:15
20431,tick05,13:50:16
20432,tick05,13:50:16
20433,tick05,13:50:17
20434,tick05,13:50:17
20435,tick05,13:50:18
20436,tick05,13:50:18
20437,tick05,13:50:19
20438,tick05,13:50:19
20439,tick05,13:50:20
20440,tick05,13:50:20
20441,tick05,13:50:21
20442,tick05,13:50:21
20443,tick05,13:50:22
20444,tick05,13:50:22
20445,tick05,13:50:23
20446,tick05,13:50:23
20447,tick05,13:50:24
20448,tick05,13:50:24
20449,tick05,13:50:25
20450,tick05,13:50:25
20451,tick05,13:50:26
20452,tick05,13:50:26
20453,tick05,13:50:27
20454,tick05,13:50:27
20455,tick05,13:50:28
20456,tick05,13:50:28
20457,tick05,13:50:29
20458,tick05,13:50:29
20459,tick05,13:50:30
20460,tick05,13:50:30
20461,tick05,13:50:31
20462,tick05,13:50:31
20463,tick05,13:50:32
20464,tick05,13:50:32
20465,tick05,13:50:33
20466,tick05,13:50:33
20467,tick05,13:50:34
20468,tick05,13:50:34
20469,tick05,13:50:35
20470,tick05,13:50:35
20471,tick05,13:50:36
20472,tick05,13:50:36
20473,tick05,13:50:37
20474,tick05,13:50:37
20475,tick05,13:50:38
20476,tick05,13:50:38
20477,tick05,13:50:39
20478,tick05,13:50:39
20479,tick05,13:50:40
20480,tick05,13:50:40
20481,tick05,13:50:41
20482,tick05,13:50:41
20483,tick05,13:50:42
20484,tick05,13:50:42
20485,tick05,13:50:43
20486,tick05,13:50:43
20487,tick05,13:50:44
20488,tick05,13:50:44
20489,tick05,13:50:45
20490,tick05,13:50:45
20491,tick05,13:50:46
20492,tick05,13:50:46
20493,tick05,13:50:47
20494,tick05,13:50:47
20495,tick05,13:50:48
20496,tick05,13:50:48
20497,tick05,13:50:49
20498,tick05,13:50:49
20499,tick05,13:50:50
20500,tick05,13:50:50
20501,tick05,13:50:51
20502,tick05,13:50:51
20503,tick05,13:50:52
20504,tick05,13:50:52
20505,tick05,13:50:53
20506,tick05,13:50:53
20507,tick05,13:50:54
20508,tick05,13:50:54
20509,tick05,13:50:55
20510,tick05,13:50:55
20511,tick05,13:50:56
20512,tick05,13:50:56
20513,tick05,13:50:57
20514,tick05,13:50:57
20515,tick05,13:50:58
20516,tick05,13:50:58
20517,tick05,13:50:59
20518,tick05,13:50:59
20519,tick05,13:51:00
20520,tick05,13:51:00
20521,tick05,13:51:01
20522,tick05,13:51:01
20523,tick05,13:51:02
20524,tick05,13:51:02
20525,tick05,13:51:03
20526,tick05,13:51:03
20527,tick05,13:51:04
20528,tick05,13:51:04
20529,tick05,13:51:05
20530,tick05,13:51:05
20531,tick05,13:51:06
20532,tick05,13:51:06
20533,tick05,13:51:07
20534,tick05,13:51:07
20535,tick05,13:51:08
20536,tick05,13:51:08
20537,tick05,13:51:09
20538,tick05,13:51:09
20539,tick05,13:51:10
20540,tick05,13:51:10
20541,tick05,13:51:11
20542,tick05,13:51:11
20543,tick05,13:51:12
20544,tick05,13:51:12
20545,tick05,13:51:13
20546,tick05,13:51:13
20547,tick05,13:51:14
20548,tick05,13:51:14
20549,tick05,13:51:15
20550,tick05,13:51:15
20551,tick05,13:51:16
20552,tick05,13:51:16
20553,tick05,13:51:17
20554,tick05,13:51:17
20555,tick05,13:51:18
20556,tick05,13:51:18
20557,tick05,13:51:19
20558,tick05,13:51:19
20559,tick05,13:51:20
20560,tick05,13:51:20
20561,tick05,13:51:21
20562,tick05,13:51:21
20563,tick05,13:51:22
20564,tick05,13:51:22
20565,tick05,13:51:23
20566,tick05,13:51:23
20567,tick05,13:51:24
20568,tick05,13:51:24
20569,tick05,13:51:25
20570,tick05,13:51:25
20571,tick05,13:51:26
20572,tick05,13:51:26
20573,tick05,13:51:27
20574,tick05,13:51:27
20575,tick05,13:51:28
20576,tick05,13:51:28
20577,tick05,13:51:29
20578,tick05,13:51:29
20579,tick05,13:51:30
20580,tick05,13:51:30
20581,tick05,13:51:31
20582,tick05,13:51:31
20583,tick05,13:51:32
20584,tick05,13:51:32
20585,tick05,13:51:33
20586,tick05,13:51:33
20587,tick05,13:51:34
20588,tick05,13:51:34
20589,tick05,13:51:35
20590,tick05,13:51:35
20591,tick05,13:51:36
20592,tick05,13:51:36
20593,tick05,13:51:37
20594,tick05,13:51:37
20595,tick05,13:51:38
20596,tick05,13:51:38
20597,tick05,13:51:39
20598,tick05,13:51:39
20599,tick05,13:51:40
20600,tick05,13:51:40
20601,tick05,13:51:41
20602,tick05,13:51:41
20603,tick05,13:51:42
20604,tick05,13:51:42
20605,tick05,13:51:43
20606,tick05,13:51:43
20607,tick05,13:51:44
20608,tick05,13:51:44
20609,tick05,13:51:45
20610,tick05,13:51:45
20611,tick05,13:51:46
20612,tick05,13:51:46
20613,tick05,13:51:47
20614,tick05,13:51:47
20615,tick05,13:51:48
20616,tick05,13:51:48
20617,tick05,13:51:49
20618,tick05,13:51:49
20619,tick05,13:51:50
20620,tick05,13:51:50
20621,tick05,13:51:51
20622,tick05,13:51:51
20623,tick05,13:51:52
20624,tick05,13:51:52
20625,tick05,13:51:53
20626,tick05,13:51:53
20627,tick05,13:51:54
20628,tick05,13:51:54
20629,tick05,13:51:55
20630,tick05,13:51:55
20631,tick05,13:51:56
20632,tick05,13:51:56
20633,tick05,13:51:57
20634,tick05,13:51:57
20635,tick05,13:51:58
20636,tick05,13:51:58
20637,tick05,13:51:59
20638,tick05,13:51:59
20639,tick05,13:52:00
20640,tick05,13:52:00
20641,tick05,13:52:01
20642,tick05,13:52:01
20643,tick05,13:52:02
20644,tick05,13:52:02
20645,tick05,13:52:03
20646,tick05,13:52:03
20647,tick05,13:52:04
20648,tick05,13:52:04
20649,tick05,13:52:05
20650,tick05,13:52:05
20651,tick05,13:52:06
20652,tick05,13:52:06
20653,tick05,13:52:07
20654,tick05,13:52:07
20655,tick05,13:52:08
20656,tick05,13:52:08
20657,tick05,13:52:09
20658,tick05,13:52:09
20659,tick05,13:52:10
20660,tick05,13:52:10
20661,tick05,13:52:11
20662,tick05,13:52:11
20663,tick05,13:52:12
20664,tick05,13:52:12
20665,tick05,13:52:13
20666,tick05,13:52:13
20667,tick05,13:52:14
20668,tick05,13:52:14
20669,tick05,13:52:15
20670,tick05,13:52:15
20671,tick05,13:52:16
20672,tick05,13:52:16
20673,tick05,13:52:17
20674,tick05,13:52:17
20675,tick05,13:52:18
20676,tick05,13:52:18
20677,tick05,13:52:19
20678,tick05,13:52:19
20679,tick05,13:52:20
20680,tick05,13:52:20
20681,tick05,13:52:21
20682,tick05,13:52:21
20683,tick05,13:52:22
20684,tick05,13:52:22
20685,tick05,13:52:23
20686,tick05,13:52:23
20687,tick05,13:52:24
20688,tick05,13:52:24
20689,tick05,13:52:25
20690,tick05,13:52:25
20691,tick05,13:52:26
20692,tick05,13:52:26
20693,tick05,13:52:27
20694,tick05,13:52:27
20695,tick05,13:52:28
20696,tick05,13:52:28
20697,tick05,13:52:29
20698,tick05,13:52:29
20699,tick05,13:52:30
20700,tick05,13:52:30
20701,tick05,13:52:31
20702,tick05,13:52:31
20703,tick05,13:52:32
20704,tick05,13:52:32
20705,tick05,13:52:33
20706,tick05,13:52:33
20707,tick05,13:52:34
20708,tick05,13:52:34
20709,tick05,13:52:35
20710,tick05,13:52:35
20711,tick05,13:52:36
20712,tick05,13:52:36
20713,tick05,13:52:37
20714,tick05,13:52:37
20715,tick05,13:52:38
20716,tick05,13:52:38
20717,tick05,13:52:39
20718,tick05,13:52:39
20719,tick05,13:52:40
20720,tick05,13:52:40
20721,tick05,13:52:41
20722,tick05,13:52:41
20723,tick05,13:52:42
20724,tick05,13:52:42
20725,tick05,13:52:43
20726,tick05,13:52:43
20727,tick05,13:52:44
20728,tick05,13:52:44
20729,tick05,13:52:45
20730,tick05,13:52:45
20731,tick05,13:52:46
20732,tick05,13:52:46
20733,tick05,13:52:47
20734,tick05,13:52:47
20735,tick05,13:52:48
20736,tick05,13:52:48
20737,tick05,13:52:49
20738,tick05,13:52:49
20739,tick05,13:52:50
20740,tick05,13:52:50
20741,tick05,13:52:51
20742,tick05,13:52:51
20743,tick05,13:52:52
20744,tick05,13:52:52
20745,tick05,13:52:53
20746,tick05,13:52:53
20747,tick05,13:52:54
20748,tick05,13:52:54
20749,tick05,13:52:55
20750,tick05,13:52:55
20751,tick05,13:52:56
20752,tick05,13:52:56
20753,tick05,13:52:57
20754,tick05,13:52:57
20755,tick05,13:52:58
20756,tick05,13:52:58
20757,tick05,13:52:59
20758,tick05,13:52:59
20759,tick05,13:53:00
20760,tick05,13:53:00
20761,tick05,13:53:01
20762,tick05,13:53:01
20763,tick05,13:53:02
20764,tick05,13:53:02
20765,tick05,13:53:03
20766,tick05,13:53:03
20767,tick05,13:53:04
20768,tick05,13:53:04
20769,tick05,13:53:05
20770,tick05,13:53:05
20771,tick05,13:53:06
20772,tick05,13:53:06
20773,tick05,13:53:07
20774,tick05,13:53:07
20775,tick05,13:53:08
20776,tick05,13:53:08
20777,tick05,13:53:09
20778,tick05,13:53:09
20779,tick05,13:53:10
20780,tick05,13:53:10
20781,tick05,13:53:11
20782,tick05,13:53:11
20783,tick05,13:53:12
20784,tick05,13:53:12
20785,tick05,13:53:13
20786,tick05,13:53:13
20787,tick05,13:53:14
20788,tick05,13:53:14
20789,tick05,13:53:15
20790,tick05,13:53:15
20791,tick05,13:53:16
20792,tick05,13:53:16
20793,tick05,13:53:17
20794,tick05,13:53:17
20795,tick05,13:53:18
20796,tick05,13:53:18
20797,tick05,13:53:19
20798,tick05,13:53:19
20799,tick05,13:53:20
20800,tick05,13:53:20
20801,tick05,13:53:21
20802,tick05,13:53:21
20803,tick05,13:53:22
20804,tick05,13:53:22
20805,tick05,13:53:23
20806,tick05,13:53:23
20807,tick05,13:53:24
20808,tick05,13:53:24
20809,tick05,13:53:25
20810,tick05,13:53:25
20811,tick05,13:53:26
20812,tick05,13:53:26
20813,tick05,13:53:27
20814,tick05,13:53:27
20815,tick05,13:53:28
20816,tick05,13:53:28
20817,tick05,13:53:29
20818,tick05,13:53:29
20819,tick05,13:53:30
20820,tick05,13:53:30
20821,tick05,13:53:31
20822,tick05,13:53:31
20823,tick05,13:53:32
20824,tick05,13:53:32
20825,tick05,13:53:33
20826,tick05,13:53:33
20827,tick05,13:53:34
20828,tick05,13:53:34
20829,tick05,13:53:35
20830,tick05,13:53:35
20831,tick05,13:53:36
20832,tick05,13:53:36
20833,tick05,13:53:37
20834,tick05,13:53:37
20835,tick05,13:53:38
20836,tick05,13:53:38
20837,tick05,13:53:39
20838,tick05,13:53:39
20839,tick05,13:53:40
20840,tick05,13:53:40
20841,tick05,13:53:41
20842,tick05,13:53:41
20843,tick05,13:53:42
20844,tick05,13:53:42
20845,tick05,13:53:43
20846,tick05,13:53:43
20847,tick05,13:53:44
20848,tick05,13:53:44
20849,tick05,13:53:45
20850,tick05,13:53:45
20851,tick05,13:53:46
20852,tick05,13:53:46
20853,tick05,13:53:47
20854,tick05,13:53:47
20855,tick05,13:53:48
20856,tick05,13:53:48
20857,tick05,13:53:49
20858,tick05,13:53:49
20859,tick05,13:53:50
20860,tick05,13:53:50
20861,tick05,13:53:51
20862,tick05,13:53:51
20863,tick05,13:53:52
20864,tick05,13:53:52
20865,tick05,13:53:53
20866,tick05,13:53:53
20867,tick05,13:53:54
20868,tick05,13:53:54
20869,tick05,13:53:55
20870,tick05,13:53:55
20871,tick05,13:53:56
20872,tick05,13:53:56
20873,tick05,13:53:57
20874,tick05,13:53:57
20875,tick05,13:53:58
20876,tick05,13:53:58
20877,tick05,13:53:59
20878,tick05,13:53:59
20879,tick05,13:54:00
20880,tick05,13:54:00
20881,tick05,13:54:01
20882,tick05,13:54:01
20883,tick05,13:54:02
20884,tick05,13:54:02
20885,tick05,13:54:03
20886,tick05,13:54:03
20887,tick05,13:54:04
20888,tick05,13:54:04
20889,tick05,13:54:05
20890,tick05,13:54:05
20891,tick05,13:54:06
20892,tick05,13:54:06
20893,tick05,13:54:07
20894,tick05,13:54:07
20895,tick05,13:54:08
20896,tick05,13:54:08
20897,tick05,13:54:09
20898,tick05,13:54:09
20899,tick05,13:54:10
20900,tick05,13:54:10
20901,tick05,13:54:11
20902,tick05,13:54:11
20903,tick05,13:54:12
20904,tick05,13:54:12
20905,tick05,13:54:13
20906,tick05,13:54:13
20907,tick05,13:54:14
20908,tick05,13:54:14
20909,tick05,13:54:15
20910,tick05,13:54:15
20911,tick05,13:54:16
20912,tick05,13:54:16
20913,tick05,13:54:17
20914,tick05,13:54:17
20915,tick05,13:54:18
20916,tick05,13:54:18
20917,tick05,13:54:19
20918,tick05,13:54:19
20919,tick05,13:54:20
20920,tick05,13:54:20
20921,tick05,13:54:21
20922,tick05,13:54:21
20923,tick05,13:54:22
20924,tick05,13:54:22
20925,tick05,13:54:23
20926,tick05,13:54:23
20927,tick05,13:54:24
20928,tick05,13:54:24
20929,tick05,13:54:25
20930,tick05,13:54:25
20931,tick05,13:54:26
20932,tick05,13:54:26
20933,tick05,13:54:27
20934,tick05,13:54:27
20935,tick05,13:54:28
20936,tick05,13:54:28
20937,tick05,13:54:29
20938,tick05,13:54:29
20939,tick05,13:54:30
20940,tick05,13:54:30
20941,tick05,13:54:31
20942,tick05,13:54:31
20943,tick05,13:54:32
20944,tick05,13:54:32
20945,tick05,13:54:33
20946,tick05,13:54:33
20947,tick05,13:54:34
20948,tick05,13:54:34
20949,tick05,13:54:35
20950,tick05,13:54:35
20951,tick05,13:54:36
20952,tick05,13:54:36
20953,tick05,13:54:37
20954,tick05,13:54:37
20955,tick05,13:54:38
20956,tick05,13:54:38
20957,tick05,13:54:39
20958,tick05,13:54:39
20959,tick05,13:54:40
20960,tick05,13:54:40
20961,tick05,13:54:41
20962,tick05,13:54:41
20963,tick05,13:54:42
20964,tick05,13:54:42
20965,tick05,13:54:43
20966,tick05,13:54:43
20967,tick05,13:54:44
20968,tick05,13:54:44
20969,tick05,13:54:45
20970,tick05,13:54:45
20971,tick05,13:54:46
20972,tick05,13:54:46
20973,tick05,13:54:47
20974,tick05,13:54:47
20975,tick05,13:54:48
20976,tick05,13:54:48
20977,tick05,13:54:49
20978,tick05,13:54:49
20979,tick05,13:54:50
20980,tick05,13:54:50
20981,tick05,13:54:51
20982,tick05,13:54:51
20983,tick05,13:54:52
20984,tick05,13:54:52
20985,tick05,13:54:53
20986,tick05,13:54:53
20987,tick05,13:54:54
20988,tick05,13:54:54
20989,tick05,13:54:55
20990,tick05,13:54:55
20991,tick05,13:54:56
20992,tick05,13:54:56
20993,tick05,13:54:57
20994,tick05,13:54:57
20995,tick05,13:54:58
20996,tick05,13:54:58
20997,tick05,13:54:59
20998,tick05,13:54:59
20999,tick05,13:55:00
21000,tick05,13:55:00
21001,tick05,13:55:01
21002,tick05,13:55:01
21003,tick05,13:55:02
21004,tick05,13:55:02
21005,tick05,13:55:03
21006,tick05,13:55:03
21007,tick05,13:55:04
21008,tick05,13:55:04
21009,tick05,13:55:05
21010,tick05,13:55:05
21011,tick05,13:55:06
21012,tick05,13:55:06
21013,tick05,13:55:07
21014,tick05,13:55:07
21015,tick05,13:55:08
21016,tick05,13:55:08
21017,tick05,13:55:09
21018,tick05,13:55:09
21019,tick05,13:55:10
21020,tick05,13:55:10
21021,tick05,13:55:11
21022,tick05,13:55:11
21023,tick05,13:55:12
21024,tick05,13:55:12
21025,tick05,13:55:13
21026,tick05,13:55:13
21027,tick05,13:55:14
21028,tick05,13:55:14
21029,tick05,13:55:15
21030,tick05,13:55:15
21031,tick05,13:55:16
21032,tick05,13:55:16
21033,tick05,13:55:17
21034,tick05,13:55:17
21035,tick05,13:55:18
21036,tick05,13:55:18
21037,tick05,13:55:19
21038,tick05,13:55:19
21039,tick05,13:55:20
21040,tick05,13:55:20
21041,tick05,13:55:21
21042,tick05,13:55:21
21043,tick05,13:55:22
21044,tick05,13:55:22
21045,tick05,13:55:23
21046,tick05,13:55:23
21047,tick05,13:55:24
21048,tick05,13:55:24
21049,tick05,13:55:25
21050,tick05,13:55:25
21051,tick05,13:55:26
21052,tick05,13:55:26
21053,tick05,13:55:27
21054,tick05,13:55:27
21055,tick05,13:55:28
21056,tick05,13:55:28
21057,tick05,13:55:29
21058,tick05,13:55:29
21059,tick05,13:55:30
21060,tick05,13:55:30
21061,tick05,13:55:31
21062,tick05,13:55:31
21063,tick05,13:55:32
21064,tick05,13:55:32
21065,tick05,13:55:33
21066,tick05,13:55:33
21067,tick05,13:55:34
21068,tick05,13:55:34
21069,tick05,13:55:35
21070,tick05,13:55:35
21071,tick05,13:55:36
21072,tick05,13:55:36
21073,tick05,13:55:37
21074,tick05,13:55:37
21075,tick05,13:55:38
21076,tick05,13:55:38
21077,tick05,13:55:39
21078,tick05,13:55:39
21079,tick05,13:55:40
21080,tick05,13:55:40
21081,tick05,13:55:41
21082,tick05,13:55:41
21083,tick05,13:55:42
21084,tick05,13:55:42
21085,tick05,13:55:43
21086,tick05,13:55:43
21087,tick05,13:55:44
21088,tick05,13:55:44
21089,tick05,13:55:45
21090,tick05,13:55:45
21091,tick05,13:55:46
21092,tick05,13:55:46
21093,tick05,13:55:47
21094,tick05,13:55:47
21095,tick05,13:55:48
21096,tick05,13:55:48
21097,tick05,13:55:49
21098,tick05,13:55:49
21099,tick05,13:55:50
21100,tick05,13:55:50
21101,tick05,13:55:51
21102,tick05,13:55:51
21103,tick05,13:55:52
21104,tick05,13:55:52
21105,tick05,13:55:53
21106,tick05,13:55:53
21107,tick05,13:55:54
21108,tick05,13:55:54
21109,tick05,13:55:55
21110,tick05,13:55:55
21111,tick05,13:55:56
21112,tick05,13:55:56
21113,tick05,13:55:57
21114,tick05,13:55:57
21115,tick05,13:55:58
21116,tick05,13:55:58
21117,tick05,13:55:59
21118,tick05,13:55:59
21119,tick05,13:56:00
21120,tick05,13:56:00
21121,tick05,13:56:01
21122,tick05,13:56:01
21123,tick05,13:56:02
21124,tick05,13:56:02
21125,tick05,13:56:03
21126,tick05,13:56:03
21127,tick05,13:56:04
21128,tick05,13:56:04
21129,tick05,13:56:05
21130,tick05,13:56:05
21131,tick05,13:56:06
21132,tick05,13:56:06
21133,tick05,13:56:07
21134,tick05,13:56:07
21135,tick05,13:56:08
21136,tick05,13:56:08
21137,tick05,13:56:09
21138,tick05,13:56:09
21139,tick05,13:56:10
21140,tick05,13:56:10
21141,tick05,13:56:11
21142,tick05,13:56:11
21143,tick05,13:56:12
21144,tick05,13:56:12
21145,tick05,13:56:13
21146,tick05,13:56:13
21147,tick05,13:56:14
21148,tick05,13:56:14
21149,tick05,13:56:15
21150,tick05,13:56:15
21151,tick05,13:56:16
21152,tick05,13:56:16
21153,tick05,13:56:17
21154,tick05,13:56:17
21155,tick05,13:56:18
21156,tick05,13:56:18
21157,tick05,13:56:19
21158,tick05,13:56:19
21159,tick05,13:56:20
21160,tick05,13:56:20
21161,tick05,13:56:21
21162,tick05,13:56:21
21163,tick05,13:56:22
21164,tick05,13:56:22
21165,tick05,13:56:23
21166,tick05,13:56:23
21167,tick05,13:56:24
21168,tick05,13:56:24
21169,tick05,13:56:25
21170,tick05,13:56:25
21171,tick05,13:56:26
21172,tick05,13:56:26
21173,tick05,13:56:27
21174,tick05,13:56:27
21175,tick05,13:56:28
21176,tick05,13:56:28
21177,tick05,13:56:29
21178,tick05,13:56:29
21179,tick05,13:56:30
21180,tick05,13:56:30
21181,tick05,13:56:31
21182,tick05,13:56:31
21183,tick05,13:56:32
21184,tick05,13:56:32
21185,tick05,13:56:33
21186,tick05,13:56:33
21187,tick05,13:56:34
21188,tick05,13:56:34
21189,tick05,13:56:35
21190,tick05,13:56:35
21191,tick05,13:56:36
21192,tick05,13:56:36
21193,tick05,13:56:37
21194,tick05,13:56:37
21195,tick05,13:56:38
21196,tick05,13:56:38
21197,tick05,13:56:39
21198,tick05,13:56:39
21199,tick05,13:56:40
21200,tick05,13:56:40
21201,tick05,13:56:41
21202,tick05,13:56:41
21203,tick05,13:56:42
21204,tick05,13:56:42
21205,tick05,13:56:43
21206,tick05,13:56:43
21207,tick05,13:56:44
21208,tick05,13:56:44
21209,tick05,13:56:45
21210,tick05,13:56:45
21211,tick05,13:56:46
21212,tick05,13:56:46
21213,tick05,13:56:47
21214,tick05,13:56:47
21215,tick05,13:56:48
21216,tick05,13:56:48
21217,tick05,13:56:49
21218,tick05,13:56:49
21219,tick05,13:56:50
21220,tick05,13:56:50
21221,tick05,13:56:51
21222,tick05,13:56:51
21223,tick05,13:56:52
21224,tick05,13:56:52
21225,tick05,13:56:53
21226,tick05,13:56:53
21227,tick05,13:56:54
21228,tick05,13:56:54
21229,tick05,13:56:55
21230,tick05,13:56:55
21231,tick05,13:56:56
21232,tick05,13:56:56
21233,tick05,13:56:57
21234,tick05,13:56:57
21235,tick05,13:56:58
21236,tick05,13:56:58
21237,tick05,13:56:59
21238,tick05,13:56:59
21239,tick05,13:57:00
21240,tick05,13:57:00
21241,tick05,13:57:01
21242,tick05,13:57:01
21243,tick05,13:57:02
21244,tick05,13:57:02
21245,tick05,13:57:03
21246,tick05,13:57:03
21247,tick05,13:57:04
21248,tick05,13:57:04
21249,tick05,13:57:05
21250,tick05,13:57:05
21251,tick05,13:57:06
21252,tick05,13:57:06
21253,tick05,13:57:07
21254,tick05,13:57:07
21255,tick05,13:57:08
21256,tick05,13:57:08
21257,tick05,13:57:09
21258,tick05,13:57:09
21259,tick05,13:57:10
21260,tick05,13:57:10
21261,tick05,13:57:11
21262,tick05,13:57:11
21263,tick05,13:57:12
21264,tick05,13:57:12
21265,tick05,13:57:13
21266,tick05,13:57:13
21267,tick05,13:57:14
21268,tick05,13:57:14
21269,tick05,13:57:15
21270,tick05,13:57:15
21271,tick05,13:57:16
21272,tick05,13:57:16
21273,tick05,13:57:17
21274,tick05,13:57:17
21275,tick05,13:57:18
21276,tick05,13:57:18
21277,tick05,13:57:19
21278,tick05,13:57:19
21279,tick05,13:57:20
21280,tick05,13:57:20
21281,tick05,13:57:21
21282,tick05,13:57:21
21283,tick05,13:57:22
21284,tick05,13:57:22
21285,tick05,13:57:23
21286,tick05,13:57:23
21287,tick05,13:57:24
21288,tick05,13:57:24
21289,tick05,13:57:25
21290,tick05,13:57:25
21291,tick05,13:57:26
21292,tick05,13:57:26
21293,tick05,13:57:27
21294,tick05,13:57:27
21295,tick05,13:57:28
21296,tick05,13:57:28
21297,tick05,13:57:29
21298,tick05,13:57:29
21299,tick05,13:57:30
21300,tick05,13:57:30
21301,tick05,13:57:31
21302,tick05,13:57:31
21303,tick05,13:57:32
21304,tick05,13:57:32
21305,tick05,13:57:33
21306,tick05,13:57:33
21307,tick05,13:57:34
21308,tick05,13:57:34
21309,tick05,13:57:35
21310,tick05,13:57:35
21311,tick05,13:57:36
21312,tick05,13:57:36
21313,tick05,13:57:37
21314,tick05,13:57:37
21315,tick05,13:57:38
21316,tick05,13:57:38
21317,tick05,13:57:39
21318,tick05,13:57:39
21319,tick05,13:57:40
21320,tick05,13:57:40
21321,tick05,13:57:41
21322,tick05,13:57:41
21323,tick05,13:57:42
21324,tick05,13:57:42
21325,tick05,13:57:43
21326,tick05,13:57:43
21327,tick05,13:57:44
21328,tick05,13:57:44
21329,tick05,13:57:45
21330,tick05,13:57:45
21331,tick05,13:57:46
21332,tick05,13:57:46
21333,tick05,13:57:47
21334,tick05,13:57:47
21335,tick05,13:57:48
21336,tick05,13:57:48
21337,tick05,13:57:49
21338,tick05,13:57:49
21339,tick05,13:57:50
21340,tick05,13:57:50
21341,tick05,13:57:51
21342,tick05,13:57:51
21343,tick05,13:57:52
21344,tick05,13:57:52
21345,tick05,13:57:53
21346,tick05,13:57:53
21347,tick05,13:57:54
21348,tick05,13:57:54
21349,tick05,13:57:55
21350,tick05,13:57:55
21351,tick05,13:57:56
21352,tick05,13:57:56
21353,tick05,13:57:57
21354,tick05,13:57:57
21355,tick05,13:57:58
21356,tick05,13:57:58
21357,tick05,13:57:59
21358,tick05,13:57:59
21359,tick05,13:58:00
21360,tick05,13:58:00
21361,tick05,13:58:01
21362,tick05,13:58:01
21363,tick05,13:58:02
21364,tick05,13:58:02
21365,tick05,13:58:03
21366,tick05,13:58:03
21367,tick05,13:58:04
21368,tick05,13:58:04
21369,tick05,13:58:05
21370,tick05,13:58:05
21371,tick05,13:58:06
21372,tick05,13:58:06
21373,tick05,13:58:07
21374,tick05,13:58:07
21375,tick05,13:58:08
21376,tick05,13:58:08
21377,tick05,13:58:09
21378,tick05,13:58:09
21379,tick05,13:58:10
21380,tick05,13:58:10
21381,tick05,13:58:11
21382,tick05,13:58:11
21383,tick05,13:58:12
21384,tick05,13:58:12
21385,tick05,13:58:13
21386,tick05,13:58:13
21387,tick05,13:58:14
21388,tick05,13:58:14
21389,tick05,13:58:15
21390,tick05,13:58:15
21391,tick05,13:58:16
21392,tick05,13:58:16
21393,tick05,13:58:17
21394,tick05,13:58:17
21395,tick05,13:58:18
21396,tick05,13:58:18
21397,tick05,13:58:19
21398,tick05,13:58:19
21399,tick05,13:58:20
21400,tick05,13:58:20
21401,tick05,13:58:21
21402,tick05,13:58:21
21403,tick05,13:58:22
21404,tick05,13:58:22
21405,tick05,13:58:23
21406,tick05,13:58:23
21407,tick05,13:58:24
21408,tick05,13:58:24
21409,tick05,13:58:25
21410,tick05,13:58:25
21411,tick05,13:58:26
21412,tick05,13:58:26
21413,tick05,13:58:27
21414,tick05,13:58:27
21415,tick05,13:58:28
21416,tick05,13:58:28
21417,tick05,13:58:29
21418,tick05,13:58:29
21419,tick05,13:58:30
21420,tick05,13:58:30
21421,tick05,13:58:31
21422,tick05,13:58:31
21423,tick05,13:58:32
21424,tick05,13:58:32
21425,tick05,13:58:33
21426,tick05,13:58:33
21427,tick05,13:58:34
21428,tick05,13:58:34
21429,tick05,13:58:35
21430,tick05,13:58:35
21431,tick05,13:58:36
21432,tick05,13:58:36
21433,tick05,13:58:37
21434,tick05,13:58:37
21435,tick05,13:58:38
21436,tick05,13:58:38
21437,tick05,13:58:39
21438,tick05,13:58:39
21439,tick05,13:58:40
21440,tick05,13:58:40
21441,tick05,13:58:41
21442,tick05,13:58:41
21443,tick05,13:58:42
21444,tick05,13:58:42
21445,tick05,13:58:43
21446,tick05,13:58:43
21447,tick05,13:58:44
21448,tick05,13:58:44
21449,tick05,13:58:45
21450,tick05,13:58:45
21451,tick05,13:58:46
21452,tick05,13:58:46
21453,tick05,13:58:47
21454,tick05,13:58:47
21455,tick05,13:58:48
21456,tick05,13:58:48
21457,tick05,13:58:49
21458,tick05,13:58:49
21459,tick05,13:58:50
21460,tick05,13:58:50
21461,tick05,13:58:51
21462,tick05,13:58:51
21463,tick05,13:58:52
21464,tick05,13:58:52
21465,tick05,13:58:53
21466,tick05,13:58:53
21467,tick05,13:58:54
21468,tick05,13:58:54
21469,tick05,13:58:55
21470,tick05,13:58:55
21471,tick05,13:58:56
21472,tick05,13:58:56
21473,tick05,13:58:57
21474,tick05,13:58:57
21475,tick05,13:58:58
21476,tick05,13:58:58
21477,tick05,13:58:59
21478,tick05,13:58:59
21479,tick05,13:59:00
21480,tick05,13:59:00
21481,tick05,13:59:01
21482,tick05,13:59:01
21483,tick05,13:59:02
21484,tick05,13:59:02
21485,tick05,13:59:03
21486,tick05,13:59:03
21487,tick05,13:59:04
21488,tick05,13:59:04
21489,tick05,13:59:05
21490,tick05,13:59:05
21491,tick05,13:59:06
21492,tick05,13:59:06
21493,tick05,13:59:07
21494,tick05,13:59:07
21495,tick05,13:59:08
21496,tick05,13:59:08
21497,tick05,13:59:09
21498,tick05,13:59:09
21499,tick05,13:59:10
21500,tick05,13:59:10
21501,tick05,13:59:11
21502,tick05,13:59:11
21503,tick05,13:59:12
21504,tick05,13:59:12
21505,tick05,13:59:13
21506,tick05,13:59:13
21507,tick05,13:59:14
21508,tick05,13:59:14
21509,tick05,13:59:15
21510,tick05,13:59:15
21511,tick05,13:59:16
21512,tick05,13:59:16
21513,tick05,13:59:17
21514,tick05,13:59:17
21515,tick05,13:59:18
21516,tick05,13:59:18
21517,tick05,13:59:19
21518,tick05,13:59:19
21519,tick05,13:59:20
21520,tick05,13:59:20
21521,tick05,13:59:21
21522,tick05,13:59:21
21523,tick05,13:59:22
21524,tick05,13:59:22
21525,tick05,13:59:23
21526,tick05,13:59:23
21527,tick05,13:59:24
21528,tick05,13:59:24
21529,tick05,13:59:25
21530,tick05,13:59:25
21531,tick05,13:59:26
21532,tick05,13:59:26
21533,tick05,13:59:27
21534,tick05,13:59:27
21535,tick05,13:59:28
21536,tick05,13:59:28
21537,tick05,13:59:29
21538,tick05,13:59:29
21539,tick05,13:59:30
21540,tick05,13:59:30
21541,tick05,13:59:31
21542,tick05,13:59:31
21543,tick05,13:59:32
21544,tick05,13:59:32
21545,tick05,13:59:33
21546,tick05,13:59:33
21547,tick05,13:59:34
21548,tick05,13:59:34
21549,tick05,13:59:35
21550,tick05,13:59:35
21551,tick05,13:59:36
21552,tick05,13:59:36
21553,tick05,13:59:37
21554,tick05,13:59:37
21555,tick05,13:59:38
21556,tick05,13:59:38
21557,tick05,13:59:39
21558,tick05,13:59:39
21559,tick05,13:59:40
21560,tick05,13:59:40
21561,tick05,13:59:41
21562,tick05,13:59:41
21563,tick05,13:59:42
21564,tick05,13:59:42
21565,tick05,13:59:43
21566,tick05,13:59:43
21567,tick05,13:59:44
21568,tick05,13:59:44
21569,tick05,13:59:45
21570,tick05,13:59:45
21571,tick05,13:59:46
21572,tick05,13:59:46
21573,tick05,13:59:47
21574,tick05,13:59:47
21575,tick05,13:59:48
21576,tick05,13:59:48
21577,tick05,13:59:49
21578,tick05,13:59:49
21579,tick05,13:59:50
21580,tick05,13:59:50
21581,tick05,13:59:51
21582,tick05,13:59:51
21583,tick05,13:59:52
21584,tick05,13:59:52
21585,tick05,13:59:53
21586,tick05,13:59:53
21587,tick05,13:59:54
21588,tick05,13:59:54
21589,tick05,13:59:55
21590,tick05,13:59:55
21591,tick05,13:59:56
21592,tick05,13:59:56
21593,tick05,13:59:57
21594,tick05,13:59:57
21595,tick05,13:59:58
21596,tick05,13:59:58
21597,tick05,13:59:59
21598,tick05,13:59:59
21599,tick05,14:00:00
21600,tick05,14:00:00
21601,tick05,14:00:01
21602,tick05,14:00:01
21603,tick05,14:00:02
21604,tick05,14:00:02
21605,tick05,14:00:03
21606,tick05,14:00:03
21607,tick05,14:00:04
21608,tick05,14:00:04
21609,tick05,14:00:05
21610,tick05,14:00:05
21611,tick05,14:00:06
21612,tick05,14:00:06
21613,tick05,14:00:07
21614,tick05,14:00:07
21615,tick05,14:00:08
21616,tick05,14:00:08
21617,tick05,14:00:09
21618,tick05,14:00:09
21619,tick05,14:00:10
21620,tick05,14:00:10
21621,tick05,14:00:11
21622,tick05,14:00:11
21623,tick05,14:00:12
21624,tick05,14:00:12
21625,tick05,14:00:13
21626,tick05,14:00:13
21627,tick05,14:00:14
21628,tick05,14:00:14
21629,tick05,14:00:15
21630,tick05,14:00:15
21631,tick05,14:00:16
21632,tick05,14:00:16
21633,tick05,14:00:17
21634,tick05,14:00:17
21635,tick05,14:00:18
21636,tick05,14:00:18
21637,tick05,14:00:19
21638,tick05,14:00:19
21639,tick05,14:00:20
21640,tick05,14:00:20
21641,tick05,14:00:21
21642,tick05,14:00:21
21643,tick05,14:00:22
21644,tick05,14:00:22
21645,tick05,14:00:23
21646,tick05,14:00:23
21647,tick05,14:00:24
21648,tick05,14:00:24
21649,tick05,14:00:25
21650,tick05,14:00:25
21651,tick05,14:00:26
21652,tick05,14:00:26
21653,tick05,14:00:27
21654,tick05,14:00:27
21655,tick05,14:00:28
21656,tick05,14:00:28
21657,tick05,14:00:29
21658,tick05,14:00:29
21659,tick05,14:00:30
21660,tick05,14:00:30
21661,tick05,14:00:31
21662,tick05,14:00:31
21663,tick05,14:00:32
21664,tick05,14:00:32
21665,tick05,14:00:33
21666,tick05,14:00:33
21667,tick05,14:00:34
21668,tick05,14:00:34
21669,tick05,14:00:35
21670,tick05,14:00:35
21671,tick05,14:00:36
21672,tick05,14:00:36
21673,tick05,14:00:37
21674,tick05,14:00:37
21675,tick05,14:00:38
21676,tick05,14:00:38
21677,tick05,14:00:39
21678,tick05,14:00:39
21679,tick05,14:00:40
21680,tick05,14:00:40
21681,tick05,14:00:41
21682,tick05,14:00:41
21683,tick05,14:00:42
21684,tick05,14:00:42
21685,tick05,14:00:43
21686,tick05,14:00:43
21687,tick05,14:00:44
21688,tick05,14:00:44
21689,tick05,14:00:45
21690,tick05,14:00:45
21691,tick05,14:00:46
21692,tick05,14:00:46
21693,tick05,14:00:47
21694,tick05,14:00:47
21695,tick05,14:00:48
21696,tick05,14:00:48
21697,tick05,14:00:49
21698,tick05,14:00:49
21699,tick05,14:00:50
21700,tick05,14:00:50
21701,tick05,14:00:51
21702,tick05,14:00:51
21703,tick05,14:00:52
21704,tick05,14:00:52
21705,tick05,14:00:53
21706,tick05,14:00:53
21707,tick05,14:00:54
21708,tick05,14:00:54
21709,tick05,14:00:55
21710,tick05,14:00:55
21711,tick05,14:00:56
21712,tick05,14:00:56
21713,tick05,14:00:57
21714,tick05,14:00:57
21715,tick05,14:00:58
21716,tick05,14:00:58
21717,tick05,14:00:59
21718,tick05,14:00:59
21719,tick05,14:01:00
21720,tick05,14:01:00
21721,tick05,14:01:01
21722,tick05,14:01:01
21723,tick05,14:01:02
21724,tick05,14:01:02
21725,tick05,14:01:03
21726,tick05,14:01:03
21727,tick05,14:01:04
21728,tick05,14:01:04
21729,tick05,14:01:05
21730,tick05,14:01:05
21731,tick05,14:01:06
21732,tick05,14:01:06
21733,tick05,14:01:07
21734,tick05,14:01:07
21735,tick05,14:01:08
21736,tick05,14:01:08
21737,tick05,14:01:09
21738,tick05,14:01:09
21739,tick05,14:01:10
21740,tick05,14:01:10
21741,tick05,14:01:11
21742,tick05,14:01:11
21743,tick05,14:01:12
21744,tick05,14:01:12
21745,tick05,14:01:13
21746,tick05,14:01:13
21747,tick05,14:01:14
21748,tick05,14:01:14
21749,tick05,14:01:15
21750,tick05,14:01:15
21751,tick05,14:01:16
21752,tick05,14:01:16
21753,tick05,14:01:17
21754,tick05,14:01:17
21755,tick05,14:01:18
21756,tick05,14:01:18
21757,tick05,14:01:19
21758,tick05,14:01:19
21759,tick05,14:01:20
21760,tick05,14:01:20
21761,tick05,14:01:21
21762,tick05,14:01:21
21763,tick05,14:01:22
21764,tick05,14:01:22
21765,tick05,14:01:23
21766,tick05,14:01:23
21767,tick05,14:01:24
21768,tick05,14:01:24
21769,tick05,14:01:25
21770,tick05,14:01:25
21771,tick05,14:01:26
21772,tick05,14:01:26
21773,tick05,14:01:27
21774,tick05,14:01:27
21775,tick05,14:01:28
21776,tick05,14:01:28
21777,tick05,14:01:29
21778,tick05,14:01:29
21779,tick05,14:01:30
21780,tick05,14:01:30
21781,tick05,14:01:31
21782,tick05,14:01:31
21783,tick05,14:01:32
21784,tick05,14:01:32
21785,tick05,14:01:33
21786,tick05,14:01:33
21787,tick05,14:01:34
21788,tick05,14:01:34
21789,tick05,14:01:35
21790,tick05,14:01:35
21791,tick05,14:01:36
21792,tick05,14:01:36
21793,tick05,14:01:37
21794,tick05,14:01:37
21795,tick05,14:01:38
21796,tick05,14:01:38
21797,tick05,14:01:39
21798,tick05,14:01:39
21799,tick05,14:01:40
21800,tick05,14:01:40
21801,tick05,14:01:41
21802,tick05,14:01:41
21803,tick05,14:01:42
21804,tick05,14:01:42
21805,tick05,14:01:43
21806,tick05,14:01:43
21807,tick05,14:01:44
21808,tick05,14:01:44
21809,tick05,14:01:45
21810,tick05,14:01:45
21811,tick05,14:01:46
21812,tick05,14:01:46
21813,tick05,14:01:47
21814,tick05,14:01:47
21815,tick05,14:01:48
21816,tick05,14:01:48
21817,tick05,14:01:49
21818,tick05,14:01:49
21819,tick05,14:01:50
21820,tick05,14:01:50
21821,tick05,14:01:51
21822,tick05,14:01:51
21823,tick05,14:01:52
21824,tick05,14:01:52
21825,tick05,14:01:53
21826,tick05,14:01:53
21827,tick05,14:01:54
21828,tick05,14:01:54
21829,tick05,14:01:55
21830,tick05,14:01:55
21831,tick05,14:01:56
21832,tick05,14:01:56
21833,tick05,14:01:57
21834,tick05,14:01:57
21835,tick05,14:01:58
21836,tick05,14:01:58
21837,tick05,14:01:59
21838,tick05,14:01:59
21839,tick05,14:02:00
21840,tick05,14:02:00
21841,tick05,14:02:01
21842,tick05,14:02:01
21843,tick05,14:02:02
21844,tick05,14:02:02
21845,tick05,14:02:03
21846,tick05,14:02:03
21847,tick05,14:02:04
21848,tick05,14:02:04
21849,tick05,14:02:05
21850,tick05,14:02:05
21851,tick05,14:02:06
21852,tick05,14:02:06
21853,tick05,14:02:07
21854,tick05,14:02:07
21855,tick05,14:02:08
21856,tick05,14:02:08
21857,tick05,14:02:09
21858,tick05,14:02:09
21859,tick05,14:02:10
21860,tick05,14:02:10
21861,tick05,14:02:11
21862,tick05,14:02:11
21863,tick05,14:02:12
21864,tick05,14:02:12
21865,tick05,14:02:13
21866,tick05,14:02:13
21867,tick05,14:02:14
21868,tick05,14:02:14
21869,tick05,14:02:15
21870,tick05,14:02:15
21871,tick05,14:02:16
21872,tick05,14:02:16
21873,tick05,14:02:17
21874,tick05,14:02:17
21875,tick05,14:02:18
21876,tick05,14:02:18
21877,tick05,14:02:19
21878,tick05,14:02:19
21879,tick05,14:02:20
21880,tick05,14:02:20
21881,tick05,14:02:21
21882,tick05,14:02:21
21883,tick05,14:02:22
21884,tick05,14:02:22
21885,tick05,14:02:23
21886,tick05,14:02:23
21887,tick05,14:02:24
21888,tick05,14:02:24
21889,tick05,14:02:25
21890,tick05,14:02:25
21891,tick05,14:02:26
21892,tick05,14:02:26
21893,tick05,14:02:27
21894,tick05,14:02:27
21895,tick05,14:02:28
21896,tick05,14:02:28
21897,tick05,14:02:29
21898,tick05,14:02:29
21899,tick05,14:02:30
21900,tick05,14:02:30
21901,tick05,14:02:31
21902,tick05,14:02:31
21903,tick05,14:02:32
21904,tick05,14:02:32
21905,tick05,14:02:33
21906,tick05,14:02:33
21907,tick05,14:02:34
21908,tick05,14:02:34
21909,tick05,14:02:35
21910,tick05,14:02:35
21911,tick05,14:02:36
21912,tick05,14:02:36
21913,tick05,14:02:37
21914,tick05,14:02:37
21915,tick05,14:02:38
21916,tick05,14:02:38
21917,tick05,14:02:39
21918,tick05,14:02:39
21919,tick05,14:02:40
21920,tick05,14:02:40
21921,tick05,14:02:41
21922,tick05,14:02:41
21923,tick05,14:02:42
21924,tick05,14:02:42
21925,tick05,14:02:43
21926,tick05,14:02:43
21927,tick05,14:02:44
21928,tick05,14:02:44
21929,tick05,14:02:45
21930,tick05,14:02:45
21931,tick05,14:02:46
21932,tick05,14:02:46
21933,tick05,14:02:47
21934,tick05,14:02:47
21935,tick05,14:02:48
21936,tick05,14:02:48
21937,tick05,14:02:49
21938,tick05,14:02:49
21939,tick05,14:02:50
21940,tick05,14:02:50
21941,tick05,14:02:51
21942,tick05,14:02:51
21943,tick05,14:02:52
21944,tick05,14:02:52
21945,tick05,14:02:53
21946,tick05,14:02:53
21947,tick05,14:02:54
21948,tick05,14:02:54
21949,tick05,14:02:55
21950,tick05,14:02:55
21951,tick05,14:02:56
21952,tick05,14:02:56
21953,tick05,14:02:57
21954,tick05,14:02:57
21955,tick05,14:02:58
21956,tick05,14:02:58
21957,tick05,14:02:59
21958,tick05,14:02:59
21959,tick05,14:03:00
21960,tick05,14:03:00
21961,tick05,14:03:01
21962,tick05,14:03:01
21963,tick05,14:03:02
21964,tick05,14:03:02
21965,tick05,14:03:03
21966,tick05,14:03:03
21967,tick05,14:03:04
21968,tick05,14:03:04
21969,tick05,14:03:05
21970,tick05,14:03:05
21971,tick05,14:03:06
21972,tick05,14:03:06
21973,tick05,14:03:07
21974,tick05,14:03:07
21975,tick05,14:03:08
21976,tick05,14:03:08
21977,tick05,14:03:09
21978,tick05,14:03:09
21979,tick05,14:03:10
21980,tick05,14:03:10
21981,tick05,14:03:11
21982,tick05,14:03:11
21983,tick05,14:03:12
21984,tick05,14:03:12
21985,tick05,14:03:13
21986,tick05,14:03:13
21987,tick05,14:03:14
21988,tick05,14:03:14
21989,tick05,14:03:15
21990,tick05,14:03:15
21991,tick05,14:03:16
21992,tick05,14:03:16
21993,tick05,14:03:17
21994,tick05,14:03:17
21995,tick05,14:03:18
21996,tick05,14:03:18
21997,tick05,14:03:19
21998,tick05,14:03:19
21999,tick05,14:03:20
22000,tick05,14:03:20
22001,tick05,14:03:21
22002,tick05,14:03:21
22003,tick05,14:03:22
22004,tick05,14:03:22
22005,tick05,14:03:23
22006,tick05,14:03:23
22007,tick05,14:03:24
22008,tick05,14:03:24
22009,tick05,14:03:25
22010,tick05,14:03:25
22011,tick05,14:03:26
22012,tick05,14:03:26
22013,tick05,14:03:27
22014,tick05,14:03:27
22015,tick05,14:03:28
22016,tick05,14:03:28
22017,tick05,14:03:29
22018,tick05,14:03:29
22019,tick05,14:03:30
22020,tick05,14:03:30
22021,tick05,14:03:31
22022,tick05,14:03:31
22023,tick05,14:03:32
22024,tick05,14:03:32
22025,tick05,14:03:33
22026,tick05,14:03:33
22027,tick05,14:03:34
22028,tick05,14:03:34
22029,tick05,14:03:35
22030,tick05,14:03:35
22031,tick05,14:03:36
22032,tick05,14:03:36
22033,tick05,14:03:37
22034,tick05,14:03:37
22035,tick05,14:03:38
22036,tick05,14:03:38
22037,tick05,14:03:39
22038,tick05,14:03:39
22039,tick05,14:03:40
22040,tick05,14:03:40
22041,tick05,14:03:41
22042,tick05,14:03:41
22043,tick05,14:03:42
22044,tick05,14:03:42
22045,tick05,14:03:43
22046,tick05,14:03:43
22047,tick05,14:03:44
22048,tick05,14:03:44
22049,tick05,14:03:45
22050,tick05,14:03:45
22051,tick05,14:03:46
22052,tick05,14:03:46
22053,tick05,14:03:47
22054,tick05,14:03:47
22055,tick05,14:03:48
22056,tick05,14:03:48
22057,tick05,14:03:49
22058,tick05,14:03:49
22059,tick05,14:03:50
22060,tick05,14:03:50
22061,tick05,14:03:51
22062,tick05,14:03:51
22063,tick05,14:03:52
22064,tick05,14:03:52
22065,tick05,14:03:53
22066,tick05,14:03:53
22067,tick05,14:03:54
22068,tick05,14:03:54
22069,tick05,14:03:55
22070,tick05,14:03:55
22071,tick05,14:03:56
22072,tick05,14:03:56
22073,tick05,14:03:57
22074,tick05,14:03:57
22075,tick05,14:03:58
22076,tick05,14:03:58
22077,tick05,14:03:59
22078,tick05,14:03:59
22079,tick05,14:04:00
22080,tick05,14:04:00
22081,tick05,14:04:01
22082,tick05,14:04:01
22083,tick05,14:04:02
22084,tick05,14:04:02
22085,tick05,14:04:03
22086,tick05,14:04:03
22087,tick05,14:04:04
22088,tick05,14:04:04
22089,tick05,14:04:05
22090,tick05,14:04:05
22091,tick05,14:04:06
22092,tick05,14:04:06
22093,tick05,14:04:07
22094,tick05,14:04:07
22095,tick05,14:04:08
22096,tick05,14:04:08
22097,tick05,14:04:09
22098,tick05,14:04:09
22099,tick05,14:04:10
22100,tick05,14:04:10
22101,tick05,14:04:11
22102,tick05,14:04:11
22103,tick05,14:04:12
22104,tick05,14:04:12
22105,tick05,14:04:13
22106,tick05,14:04:13
22107,tick05,14:04:14
22108,tick05,14:04:14
22109,tick05,14:04:15
22110,tick05,14:04:15
22111,tick05,14:04:16
22112,tick05,14:04:16
22113,tick05,14:04:17
22114,tick05,14:04:17
22115,tick05,14:04:18
22116,tick05,14:04:18
22117,tick05,14:04:19
22118,tick05,14:04:19
22119,tick05,14:04:20
22120,tick05,14:04:20
22121,tick05,14:04:21
22122,tick05,14:04:21
22123,tick05,14:04:22
22124,tick05,14:04:22
22125,tick05,14:04:23
22126,tick05,14:04:23
22127,tick05,14:04:24
22128,tick05,14:04:24
22129,tick05,14:04:25
22130,tick05,14:04:25
22131,tick05,14:04:26
22132,tick05,14:04:26
22133,tick05,14:04:27
22134,tick05,14:04:27
22135,tick05,14:04:28
22136,tick05,14:04:28
22137,tick05,14:04:29
22138,tick05,14:04:29
22139,tick05,14:04:30
22140,tick05,14:04:30
22141,tick05,14:04:31
22142,tick05,14:04:31
22143,tick05,14:04:32
22144,tick05,14:04:32
22145,tick05,14:04:33
22146,tick05,14:04:33
22147,tick05,14:04:34
22148,tick05,14:04:34
22149,tick05,14:04:35
22150,tick05,14:04:35
22151,tick05,14:04:36
22152,tick05,14:04:36
22153,tick05,14:04:37
22154,tick05,14:04:37
22155,tick05,14:04:38
22156,tick05,14:04:38
22157,tick05,14:04:39
22158,tick05,14:04:39
22159,tick05,14:04:40
22160,tick05,14:04:40
22161,tick05,14:04:41
22162,tick05,14:04:41
22163,tick05,14:04:42
22164,tick05,14:04:42
22165,tick05,14:04:43
22166,tick05,14:04:43
22167,tick05,14:04:44
22168,tick05,14:04:44
22169,tick05,14:04:45
22170,tick05,14:04:45
22171,tick05,14:04:46
22172,tick05,14:04:46
22173,tick05,14:04:47
22174,tick05,14:04:47
22175,tick05,14:04:48
22176,tick05,14:04:48
22177,tick05,14:04:49
22178,tick05,14:04:49
22179,tick05,14:04:50
22180,tick05,14:04:50
22181,tick05,14:04:51
22182,tick05,14:04:51
22183,tick05,14:04:52
22184,tick05,14:04:52
22185,tick05,14:04:53
22186,tick05,14:04:53
22187,tick05,14:04:54
22188,tick05,14:04:54
22189,tick05,14:04:55
22190,tick05,14:04:55
22191,tick05,14:04:56
22192,tick05,14:04:56
22193,tick05,14:04:57
22194,tick05,14:04:57
22195,tick05,14:04:58
22196,tick05,14:04:58
22197,tick05,14:04:59
22198,tick05,14:04:59
22199,tick05,14:05:00
22200,tick05,14:05:00
22201,tick05,14:05:01
22202,tick05,14:05:01
22203,tick05,14:05:02
22204,tick05,14:05:02
22205,tick05,14:05:03
22206,tick05,14:05:03
22207,tick05,14:05:04
22208,tick05,14:05:04
22209,tick05,14:05:05
22210,tick05,14:05:05
22211,tick05,14:05:06
22212,tick05,14:05:06
22213,tick05,14:05:07
22214,tick05,14:05:07
22215,tick05,14:05:08
22216,tick05,14:05:08
22217,tick05,14:05:09
22218,tick05,14:05:09
22219,tick05,14:05:10
22220,tick05,14:05:10
22221,tick05,14:05:11
22222,tick05,14:05:11
22223,tick05,14:05:12
22224,tick05,14:05:12
22225,tick05,14:05:13
22226,tick05,14:05:13
22227,tick05,14:05:14
22228,tick05,14:05:14
22229,tick05,14:05:15
22230,tick05,14:05:15
22231,tick05,14:05:16
22232,tick05,14:05:16
22233,tick05,14:05:17
22234,tick05,14:05:17
22235,tick05,14:05:18
22236,tick05,14:05:18
22237,tick05,14:05:19
22238,tick05,14:05:19
22239,tick05,14:05:20
22240,tick05,14:05:20
22241,tick05,14:05:21
22242,tick05,14:05:21
22243,tick05,14:05:22
22244,tick05,14:05:22
22245,tick05,14:05:23
22246,tick05,14:05:23
22247,tick05,14:05:24
22248,tick05,14:05:24
22249,tick05,14:05:25
22250,tick05,14:05:25
22251,tick05,14:05:26
22252,tick05,14:05:26
22253,tick05,14:05:27
22254,tick05,14:05:27
22255,tick05,14:05:28
22256,tick05,14:05:28
22257,tick05,14:05:29
22258,tick05,14:05:29
22259,tick05,14:05:30
22260,tick05,14:05:30
22261,tick05,14:05:31
22262,tick05,14:05:31
22263,tick05,14:05:32
22264,tick05,14:05:32
22265,tick05,14:05:33
22266,tick05,14:05:33
22267,tick05,14:05:34
22268,tick05,14:05:34
22269,tick05,14:05:35
22270,tick05,14:05:35
22271,tick05,14:05:36
22272,tick05,14:05:36
22273,tick05,14:05:37
22274,tick05,14:05:37
22275,tick05,14:05:38
22276,tick05,14:05:38
22277,tick05,14:05:39
22278,tick05,14:05:39
22279,tick05,14:05:40
22280,tick05,14:05:40
22281,tick05,14:05:41
22282,tick05,14:05:41
22283,tick05,14:05:42
22284,tick05,14:05:42
22285,tick05,14:05:43
22286,tick05,14:05:43
22287,tick05,14:05:44
22288,tick05,14:05:44
22289,tick05,14:05:45
22290,tick05,14:05:45
22291,tick05,14:05:46
22292,tick05,14:05:46
22293,tick05,14:05:47
22294,tick05,14:05:47
22295,tick05,14:05:48
22296,tick05,14:05:48
22297,tick05,14:05:49
22298,tick05,14:05:49
22299,tick05,14:05:50
22300,tick05,14:05:50
22301,tick05,14:05:51
22302,tick05,14:05:51
22303,tick05,14:05:52
22304,tick05,14:05:52
22305,tick05,14:05:53
22306,tick05,14:05:53
22307,tick05,14:05:54
22308,tick05,14:05:54
22309,tick05,14:05:55
22310,tick05,14:05:55
22311,tick05,14:05:56
22312,tick05,14:05:56
22313,tick05,14:05:57
22314,tick05,14:05:57
22315,tick05,14:05:58
22316,tick05,14:05:58
22317,tick05,14:05:59
22318,tick05,14:05:59
22319,tick05,14:06:00
22320,tick05,14:06:00
22321,tick05,14:06:01
22322,tick05,14:06:01
22323,tick05,14:06:02
22324,tick05,14:06:02
22325,tick05,14:06:03
22326,tick05,14:06:03
22327,tick05,14:06:04
22328,tick05,14:06:04
22329,tick05,14:06:05
22330,tick05,14:06:05
22331,tick05,14:06:06
22332,tick05,14:06:06
22333,tick05,14:06:07
22334,tick05,14:06:07
22335,tick05,14:06:08
22336,tick05,14:06:08
22337,tick05,14:06:09
22338,tick05,14:06:09
22339,tick05,14:06:10
22340,tick05,14:06:10
22341,tick05,14:06:11
22342,tick05,14:06:11
22343,tick05,14:06:12
22344,tick05,14:06:12
22345,tick05,14:06:13
22346,tick05,14:06:13
22347,tick05,14:06:14
22348,tick05,14:06:14
22349,tick05,14:06:15
22350,tick05,14:06:15
22351,tick05,14:06:16
22352,tick05,14:06:16
22353,tick05,14:06:17
22354,tick05,14:06:17
22355,tick05,14:06:18
22356,tick05,14:06:18
22357,tick05,14:06:19
22358,tick05,14:06:19
22359,tick05,14:06:20
22360,tick05,14:06:20
22361,tick05,14:06:21
22362,tick05,14:06:21
22363,tick05,14:06:22
22364,tick05,14:06:22
22365,tick05,14:06:23
22366,tick05,14:06:23
22367,tick05,14:06:24
22368,tick05,14:06:24
22369,tick05,14:06:25
22370,tick05,14:06:25
22371,tick05,14:06:26
22372,tick05,14:06:26
22373,tick05,14:06:27
22374,tick05,14:06:27
22375,tick05,14:06:28
22376,tick05,14:06:28
22377,tick05,14:06:29
22378,tick05,14:06:29
22379,tick05,14:06:30
22380,tick05,14:06:30
22381,tick05,14:06:31
22382,tick05,14:06:31
22383,tick05,14:06:32
22384,tick05,14:06:32
22385,tick05,14:06:33
22386,tick05,14:06:33
22387,tick05,14:06:34
22388,tick05,14:06:34
22389,tick05,14:06:35
22390,tick05,14:06:35
22391,tick05,14:06:36
22392,tick05,14:06:36
22393,tick05,14:06:37
22394,tick05,14:06:37
22395,tick05,14:06:38
22396,tick05,14:06:38
22397,tick05,14:06:39
22398,tick05,14:06:39
22399,tick05,14:06:40
22400,tick05,14:06:40
22401,tick05,14:06:41
22402,tick05,14:06:41
22403,tick05,14:06:42
22404,tick05,14:06:42
22405,tick05,14:06:43
22406,tick05,14:06:43
22407,tick05,14:06:44
22408,tick05,14:06:44
22409,tick05,14:06:45
22410,tick05,14:06:45
22411,tick05,14:06:46
22412,tick05,14:06:46
22413,tick05,14:06:47
22414,tick05,14:06:47
22415,tick05,14:06:48
22416,tick05,14:06:48
22417,tick05,14:06:49
22418,tick05,14:06:49
22419,tick05,14:06:50
22420,tick05,14:06:50
22421,tick05,14:06:51
22422,tick05,14:06:51
22423,tick05,14:06:52
22424,tick05,14:06:52
22425,tick05,14:06:53
22426,tick05,14:06:53
22427,tick05,14:06:54
22428,tick05,14:06:54
22429,tick05,14:06:55
22430,tick05,14:06:55
22431,tick05,14:06:56
22432,tick05,14:06:56
22433,tick05,14:06:57
22434,tick05,14:06:57
22435,tick05,14:06:58
22436,tick05,14:06:58
22437,tick05,14:06:59
22438,tick05,14:06:59
22439,tick05,14:07:00
22440,tick05,14:07:00
22441,tick05,14:07:01
22442,tick05,14:07:01
22443,tick05,14:07:02
22444,tick05,14:07:02
22445,tick05,14:07:03
22446,tick05,14:07:03
22447,tick05,14:07:04
22448,tick05,14:07:04
22449,tick05,14:07:05
22450,tick05,14:07:05
22451,tick05,14:07:06
22452,tick05,14:07:06
22453,tick05,14:07:07
22454,tick05,14:07:07
22455,tick05,14:07:08
22456,tick05,14:07:08
22457,tick05,14:07:09
22458,tick05,14:07:09
22459,tick05,14:07:10
22460,tick05,14:07:10
22461,tick05,14:07:11
22462,tick05,14:07:11
22463,tick05,14:07:12
22464,tick05,14:07:12
22465,tick05,14:07:13
22466,tick05,14:07:13
22467,tick05,14:07:14
22468,tick05,14:07:14
22469,tick05,14:07:15
22470,tick05,14:07:15
22471,tick05,14:07:16
22472,tick05,14:07:16
22473,tick05,14:07:17
22474,tick05,14:07:17
22475,tick05,14:07:18
22476,tick05,14:07:18
22477,tick05,14:07:19
22478,tick05,14:07:19
22479,tick05,14:07:20
22480,tick05,14:07:20
22481,tick05,14:07:21
22482,tick05,14:07:21
22483,tick05,14:07:22
22484,tick05,14:07:22
22485,tick05,14:07:23
22486,tick05,14:07:23
22487,tick05,14:07:24
22488,tick05,14:07:24
22489,tick05,14:07:25
22490,tick05,14:07:25
22491,tick05,14:07:26
22492,tick05,14:07:26
22493,tick05,14:07:27
22494,tick05,14:07:27
22495,tick05,14:07:28
22496,tick05,14:07:28
22497,tick05,14:07:29
22498,tick05,14:07:29
22499,tick05,14:07:30
22500,tick05,14:07:30
22501,tick05,14:07:31
22502,tick05,14:07:31
22503,tick05,14:07:32
22504,tick05,14:07:32
22505,tick05,14:07:33
22506,tick05,14:07:33
22507,tick05,14:07:34
22508,tick05,14:07:34
22509,tick05,14:07:35
22510,tick05,14:07:35
22511,tick05,14:07:36
22512,tick05,14:07:36
22513,tick05,14:07:37
22514,tick05,14:07:37
22515,tick05,14:07:38
22516,tick05,14:07:38
22517,tick05,14:07:39
22518,tick05,14:07:39
22519,tick05,14:07:40
22520,tick05,14:07:40
22521,tick05,14:07:41
22522,tick05,14:07:41
22523,tick05,14:07:42
22524,tick05,14:07:42
22525,tick05,14:07:43
22526,tick05,14:07:43
22527,tick05,14:07:44
22528,tick05,14:07:44
22529,tick05,14:07:45
22530,tick05,14:07:45
22531,tick05,14:07:46
22532,tick05,14:07:46
22533,tick05,14:07:47
22534,tick05,14:07:47
22535,tick05,14:07:48
22536,tick05,14:07:48
22537,tick05,14:07:49
22538,tick05,14:07:49
22539,tick05,14:07:50
22540,tick05,14:07:50
22541,tick05,14:07:51
22542,tick05,14:07:51
22543,tick05,14:07:52
22544,tick05,14:07:52
22545,tick05,14:07:53
22546,tick05,14:07:53
22547,tick05,14:07:54
22548,tick05,14:07:54
22549,tick05,14:07:55
22550,tick05,14:07:55
22551,tick05,14:07:56
22552,tick05,14:07:56
22553,tick05,14:07:57
22554,tick05,14:07:57
22555,tick05,14:07:58
22556,tick05,14:07:58
22557,tick05,14:07:59
22558,tick05,14:07:59
22559,tick05,14:08:00
22560,tick05,14:08:00
22561,tick05,14:08:01
22562,tick05,14:08:01
22563,tick05,14:08:02
22564,tick05,14:08:02
22565,tick05,14:08:03
22566,tick05,14:08:03
22567,tick05,14:08:04
22568,tick05,14:08:04
22569,tick05,14:08:05
22570,tick05,14:08:05
22571,tick05,14:08:06
22572,tick05,14:08:06
22573,tick05,14:08:07
22574,tick05,14:08:07
22575,tick05,14:08:08
22576,tick05,14:08:08
22577,tick05,14:08:09
22578,tick05,14:08:09
22579,tick05,14:08:10
22580,tick05,14:08:10
22581,tick05,14:08:11
22582,tick05,14:08:11
22583,tick05,14:08:12
22584,tick05,14:08:12
22585,tick05,14:08:13
22586,tick05,14:08:13
22587,tick05,14:08:14
22588,tick05,14:08:14
22589,tick05,14:08:15
22590,tick05,14:08:15
22591,tick05,14:08:16
22592,tick05,14:08:16
22593,tick05,14:08:17
22594,tick05,14:08:17
22595,tick05,14:08:18
22596,tick05,14:08:18
22597,tick05,14:08:19
22598,tick05,14:08:19
22599,tick05,14:08:20
22600,tick05,14:08:20
22601,tick05,14:08:21
22602,tick05,14:08:21
22603,tick05,14:08:22
22604,tick05,14:08:22
22605,tick05,14:08:23
22606,tick05,14:08:23
22607,tick05,14:08:24
22608,tick05,14:08:24
22609,tick05,14:08:25
22610,tick05,14:08:25
22611,tick05,14:08:26
22612,tick05,14:08:26
22613,tick05,14:08:27
22614,tick05,14:08:27
22615,tick05,14:08:28
22616,tick05,14:08:28
22617,tick05,14:08:29
22618,tick05,14:08:29
22619,tick05,14:08:30
22620,tick05,14:08:30
22621,tick05,14:08:31
22622,tick05,14:08:31
22623,tick05,14:08:32
22624,tick05,14:08:32
22625,tick05,14:08:33
22626,tick05,14:08:33
22627,tick05,14:08:34
22628,tick05,14:08:34
22629,tick05,14:08:35
22630,tick05,14:08:35
22631,tick05,14:08:36
22632,tick05,14:08:36
22633,tick05,14:08:37
22634,tick05,14:08:37
22635,tick05,14:08:38
22636,tick05,14:08:38
22637,tick05,14:08:39
22638,tick05,14:08:39
22639,tick05,14:08:40
22640,tick05,14:08:40
22641,tick05,14:08:41
22642,tick05,14:08:41
22643,tick05,14:08:42
22644,tick05,14:08:42
22645,tick05,14:08:43
22646,tick05,14:08:43
22647,tick05,14:08:44
22648,tick05,14:08:44
22649,tick05,14:08:45
22650,tick05,14:08:45
22651,tick05,14:08:46
22652,tick05,14:08:46
22653,tick05,14:08:47
22654,tick05,14:08:47
22655,tick05,14:08:48
22656,tick05,14:08:48
22657,tick05,14:08:49
22658,tick05,14:08:49
22659,tick05,14:08:50
22660,tick05,14:08:50
22661,tick05,14:08:51
22662,tick05,14:08:51
22663,tick05,14:08:52
22664,tick05,14:08:52
22665,tick05,14:08:53
22666,tick05,14:08:53
22667,tick05,14:08:54
22668,tick05,14:08:54
22669,tick05,14:08:55
22670,tick05,14:08:55
22671,tick05,14:08:56
22672,tick05,14:08:56
22673,tick05,14:08:57
22674,tick05,14:08:57
22675,tick05,14:08:58
22676,tick05,14:08:58
22677,tick05,14:08:59
22678,tick05,14:08:59
22679,tick05,14:09:00
22680,tick05,14:09:00
22681,tick05,14:09:01
22682,tick05,14:09:01
22683,tick05,14:09:02
22684,tick05,14:09:02
22685,tick05,14:09:03
22686,tick05,14:09:03
22687,tick05,14:09:04
22688,tick05,14:09:04
22689,tick05,14:09:05
22690,tick05,14:09:05
22691,tick05,14:09:06
22692,tick05,14:09:06
22693,tick05,14:09:07
22694,tick05,14:09:07
22695,tick05,14:09:08
22696,tick05,14:09:08
22697,tick05,14:09:09
22698,tick05,14:09:09
22699,tick05,14:09:10
22700,tick05,14:09:10
22701,tick05,14:09:11
22702,tick05,14:09:11
22703,tick05,14:09:12
22704,tick05,14:09:12
22705,tick05,14:09:13
22706,tick05,14:09:13
22707,tick05,14:09:14
22708,tick05,14:09:14
22709,tick05,14:09:15
22710,tick05,14:09:15
22711,tick05,14:09:16
22712,tick05,14:09:16
22713,tick05,14:09:17
22714,tick05,14:09:17
22715,tick05,14:09:18
22716,tick05,14:09:18
22717,tick05,14:09:19
22718,tick05,14:09:19
22719,tick05,14:09:20
22720,tick05,14:09:20
22721,tick05,14:09:21
22722,tick05,14:09:21
22723,tick05,14:09:22
22724,tick05,14:09:22
22725,tick05,14:09:23
22726,tick05,14:09:23
22727,tick05,14:09:24
22728,tick05,14:09:24
22729,tick05,14:09:25
22730,tick05,14:09:25
22731,tick05,14:09:26
22732,tick05,14:09:26
22733,tick05,14:09:27
22734,tick05,14:09:27
22735,tick05,14:09:28
22736,tick05,14:09:28
22737,tick05,14:09:29
22738,tick05,14:09:29
22739,tick05,14:09:30
22740,tick05,14:09:30
22741,tick05,14:09:31
22742,tick05,14:09:31
22743,tick05,14:09:32
22744,tick05,14:09:32
22745,tick05,14:09:33
22746,tick05,14:09:33
22747,tick05,14:09:34
22748,tick05,14:09:34
22749,tick05,14:09:35
22750,tick05,14:09:35
22751,tick05,14:09:36
22752,tick05,14:09:36
22753,tick05,14:09:37
22754,tick05,14:09:37
22755,tick05,14:09:38
22756,tick05,14:09:38
22757,tick05,14:09:39
22758,tick05,14:09:39
22759,tick05,14:09:40
22760,tick05,14:09:40
22761,tick05,14:09:41
22762,tick05,14:09:41
22763,tick05,14:09:42
22764,tick05,14:09:42
22765,tick05,14:09:43
22766,tick05,14:09:43
22767,tick05,14:09:44
22768,tick05,14:09:44
22769,tick05,14:09:45
22770,tick05,14:09:45
22771,tick05,14:09:46
22772,tick05,14:09:46
22773,tick05,14:09:47
22774,tick05,14:09:47
22775,tick05,14:09:48
22776,tick05,14:09:48
22777,tick05,14:09:49
22778,tick05,14:09:49
22779,tick05,14:09:50
22780,tick05,14:09:50
22781,tick05,14:09:51
22782,tick05,14:09:51
22783,tick05,14:09:52
22784,tick05,14:09:52
22785,tick05,14:09:53
22786,tick05,14:09:53
22787,tick05,14:09:54
22788,tick05,14:09:54
22789,tick05,14:09:55
22790,tick05,14:09:55
22791,tick05,14:09:56
22792,tick05,14:09:56
22793,tick05,14:09:57
22794,tick05,14:09:57
22795,tick05,14:09:58
22796,tick05,14:09:58
22797,tick05,14:09:59
22798,tick05,14:09:59
22799,tick05,14:10:00
22800,tick05,14:10:00
22801,tick05,14:10:01
22802,tick05,14:10:01
22803,tick05,14:10:02
22804,tick05,14:10:02
22805,tick05,14:10:03
22806,tick05,14:10:03
22807,tick05,14:10:04
22808,tick05,14:10:04
22809,tick05,14:10:05
22810,tick05,14:10:05
22811,tick05,14:10:06
22812,tick05,14:10:06
22813,tick05,14:10:07
22814,tick05,14:10:07
22815,tick05,14:10:08
22816,tick05,14:10:08
22817,tick05,14:10:09
22818,tick05,14:10:09
22819,tick05,14:10:10
22820,tick05,14:10:10
22821,tick05,14:10:11
22822,tick05,14:10:11
22823,tick05,14:10:12
22824,tick05,14:10:12
22825,tick05,14:10:13
22826,tick05,14:10:13
22827,tick05,14:10:14
22828,tick05,14:10:14
22829,tick05,14:10:15
22830,tick05,14:10:15
22831,tick05,14:10:16
22832,tick05,14:10:16
22833,tick05,14:10:17
22834,tick05,14:10:17
22835,tick05,14:10:18
22836,tick05,14:10:18
22837,tick05,14:10:19
22838,tick05,14:10:19
22839,tick05,14:10:20
22840,tick05,14:10:20
22841,tick05,14:10:21
22842,tick05,14:10:21
22843,tick05,14:10:22
22844,tick05,14:10:22
22845,tick05,14:10:23
22846,tick05,14:10:23
22847,tick05,14:10:24
22848,tick05,14:10:24
22849,tick05,14:10:25
22850,tick05,14:10:25
22851,tick05,14:10:26
22852,tick05,14:10:26
22853,tick05,14:10:27
22854,tick05,14:10:27
22855,tick05,14:10:28
22856,tick05,14:10:28
22857,tick05,14:10:29
22858,tick05,14:10:29
22859,tick05,14:10:30
22860,tick05,14:10:30
22861,tick05,14:10:31
22862,tick05,14:10:31
22863,tick05,14:10:32
22864,tick05,14:10:32
22865,tick05,14:10:33
22866,tick05,14:10:33
22867,tick05,14:10:34
22868,tick05,14:10:34
22869,tick05,14:10:35
22870,tick05,14:10:35
22871,tick05,14:10:36
22872,tick05,14:10:36
22873,tick05,14:10:37
22874,tick05,14:10:37
22875,tick05,14:10:38
22876,tick05,14:10:38
22877,tick05,14:10:39
22878,tick05,14:10:39
22879,tick05,14:10:40
22880,tick05,14:10:40
22881,tick05,14:10:41
22882,tick05,14:10:41
22883,tick05,14:10:42
22884,tick05,14:10:42
22885,tick05,14:10:43
22886,tick05,14:10:43
22887,tick05,14:10:44
22888,tick05,14:10:44
22889,tick05,14:10:45
22890,tick05,14:10:45
22891,tick05,14:10:46
22892,tick05,14:10:46
22893,tick05,14:10:47
22894,tick05,14:10:47
22895,tick05,14:10:48
22896,tick05,14:10:48
22897,tick05,14:10:49
22898,tick05,14:10:49
22899,tick05,14:10:50
22900,tick05,14:10:50
22901,tick05,14:10:51
22902,tick05,14:10:51
22903,tick05,14:10:52
22904,tick05,14:10:52
22905,tick05,14:10:53
22906,tick05,14:10:53
22907,tick05,14:10:54
22908,tick05,14:10:54
22909,tick05,14:10:55
22910,tick05,14:10:55
22911,tick05,14:10:56
22912,tick05,14:10:56
22913,tick05,14:10:57
22914,tick05,14:10:57
22915,tick05,14:10:58
22916,tick05,14:10:58
22917,tick05,14:10:59
22918,tick05,14:10:59
22919,tick05,14:11:00
22920,tick05,14:11:00
22921,tick05,14:11:01
22922,tick05,14:11:01
22923,tick05,14:11:02
22924,tick05,14:11:02
22925,tick05,14:11:03
22926,tick05,14:11:03
22927,tick05,14:11:04
22928,tick05,14:11:04
22929,tick05,14:11:05
22930,tick05,14:11:05
22931,tick05,14:11:06
22932,tick05,14:11:06
22933,tick05,14:11:07
22934,tick05,14:11:07
22935,tick05,14:11:08
22936,tick05,14:11:08
22937,tick05,14:11:09
22938,tick05,14:11:09
22939,tick05,14:11:10
22940,tick05,14:11:10
22941,tick05,14:11:11
22942,tick05,14:11:11
22943,tick05,14:11:12
22944,tick05,14:11:12
22945,tick05,14:11:13
22946,tick05,14:11:13
22947,tick05,14:11:14
22948,tick05,14:11:14
22949,tick05,14:11:15
22950,tick05,14:11:15
22951,tick05,14:11:16
22952,tick05,14:11:16
22953,tick05,14:11:17
22954,tick05,14:11:17
22955,tick05,14:11:18
22956,tick05,14:11:18
22957,tick05,14:11:19
22958,tick05,14:11:19
22959,tick05,14:11:20
22960,tick05,14:11:20
22961,tick05,14:11:21
22962,tick05,14:11:21
22963,tick05,14:11:22
22964,tick05,14:11:22
22965,tick05,14:11:23
22966,tick05,14:11:23
22967,tick05,14:11:24
22968,tick05,14:11:24
22969,tick05,14:11:25
22970,tick05,14:11:25
22971,tick05,14:11:26
22972,tick05,14:11:26
22973,tick05,14:11:27
22974,tick05,14:11:27
22975,tick05,14:11:28
22976,tick05,14:11:28
22977,tick05,14:11:29
22978,tick05,14:11:29
22979,tick05,14:11:30
22980,tick05,14:11:30
22981,tick05,14:11:31
22982,tick05,14:11:31
22983,tick05,14:11:32
22984,tick05,14:11:32
22985,tick05,14:11:33
22986,tick05,14:11:33
22987,tick05,14:11:34
22988,tick05,14:11:34
22989,tick05,14:11:35
22990,tick05,14:11:35
22991,tick05,14:11:36
22992,tick05,14:11:36
22993,tick05,14:11:37
22994,tick05,14:11:37
22995,tick05,14:11:38
22996,tick05,14:11:38
22997,tick05,14:11:39
22998,tick05,14:11:39
22999,tick05,14:11:40
23000,tick05,14:11:40
23001,tick05,14:11:41
23002,tick05,14:11:41
23003,tick05,14:11:42
23004,tick05,14:11:42
23005,tick05,14:11:43
23006,tick05,14:11:43
23007,tick05,14:11:44
23008,tick05,14:11:44
23009,tick05,14:11:45
23010,tick05,14:11:45
23011,tick05,14:11:46
23012,tick05,14:11:46
23013,tick05,14:11:47
23014,tick05,14:11:47
23015,tick05,14:11:48
23016,tick05,14:11:48
23017,tick05,14:11:49
23018,tick05,14:11:49
23019,tick05,14:11:50
23020,tick05,14:11:50
23021,tick05,14:11:51
23022,tick05,14:11:51
23023,tick05,14:11:52
23024,tick05,14:11:52
23025,tick05,14:11:53
23026,tick05,14:11:53
23027,tick05,14:11:54
23028,tick05,14:11:54
23029,tick05,14:11:55
23030,tick05,14:11:55
23031,tick05,14:11:56
23032,tick05,14:11:56
23033,tick05,14:11:57
23034,tick05,14:11:57
23035,tick05,14:11:58
23036,tick05,14:11:58
23037,tick05,14:11:59
23038,tick05,14:11:59
23039,tick05,14:12:00
23040,tick05,14:12:00
23041,tick05,14:12:01
23042,tick05,14:12:01
23043,tick05,14:12:02
23044,tick05,14:12:02
23045,tick05,14:12:03
23046,tick05,14:12:03
23047,tick05,14:12:04
23048,tick05,14:12:04
23049,tick05,14:12:05
23050,tick05,14:12:05
23051,tick05,14:12:06
23052,tick05,14:12:06
23053,tick05,14:12:07
23054,tick05,14:12:07
23055,tick05,14:12:08
23056,tick05,14:12:08
23057,tick05,14:12:09
23058,tick05,14:12:09
23059,tick05,14:12:10
23060,tick05,14:12:10
23061,tick05,14:12:11
23062,tick05,14:12:11
23063,tick05,14:12:12
23064,tick05,14:12:12
23065,tick05,14:12:13
23066,tick05,14:12:13
23067,tick05,14:12:14
23068,tick05,14:12:14
23069,tick05,14:12:15
23070,tick05,14:12:15
23071,tick05,14:12:16
23072,tick05,14:12:16
23073,tick05,14:12:17
23074,tick05,14:12:17
23075,tick05,14:12:18
23076,tick05,14:12:18
23077,tick05,14:12:19
23078,tick05,14:12:19
23079,tick05,14:12:20
23080,tick05,14:12:20
23081,tick05,14:12:21
23082,tick05,14:12:21
23083,tick05,14:12:22
23084,tick05,14:12:22
23085,tick05,14:12:23
23086,tick05,14:12:23
23087,tick05,14:12:24
23088,tick05,14:12:24
23089,tick05,14:12:25
23090,tick05,14:12:25
23091,tick05,14:12:26
23092,tick05,14:12:26
23093,tick05,14:12:27
23094,tick05,14:12:27
23095,tick05,14:12:28
23096,tick05,14:12:28
23097,tick05,14:12:29
23098,tick05,14:12:29
23099,tick05,14:12:30
23100,tick05,14:12:30
23101,tick05,14:12:31
23102,tick05,14:12:31
23103,tick05,14:12:32
23104,tick05,14:12:32
23105,tick05,14:12:33
23106,tick05,14:12:33
23107,tick05,14:12:34
23108,tick05,14:12:34
23109,tick05,14:12:35
23110,tick05,14:12:35
23111,tick05,14:12:36
23112,tick05,14:12:36
23113,tick05,14:12:37
23114,tick05,14:12:37
23115,tick05,14:12:38
23116,tick05,14:12:38
23117,tick05,14:12:39
23118,tick05,14:12:39
23119,tick05,14:12:40
23120,tick05,14:12:40
23121,tick05,14:12:41
23122,tick05,14:12:41
23123,tick05,14:12:42
23124,tick05,14:12:42
23125,tick05,14:12:43
23126,tick05,14:12:43
23127,tick05,14:12:44
23128,tick05,14:12:44
23129,tick05,14:12:45
23130,tick05,14:12:45
23131,tick05,14:12:46
23132,tick05,14:12:46
23133,tick05,14:12:47
23134,tick05,14:12:47
23135,tick05,14:12:48
23136,tick05,14:12:48
23137,tick05,14:12:49
23138,tick05,14:12:49
23139,tick05,14:12:50
23140,tick05,14:12:50
23141,tick05,14:12:51
23142,tick05,14:12:51
23143,tick05,14:12:52
23144,tick05,14:12:52
23145,tick05,14:12:53
23146,tick05,14:12:53
23147,tick05,14:12:54
23148,tick05,14:12:54
23149,tick05,14:12:55
23150,tick05,14:12:55
23151,tick05,14:12:56
23152,tick05,14:12:56
23153,tick05,14:12:57
23154,tick05,14:12:57
23155,tick05,14:12:58
23156,tick05,14:12:58
23157,tick05,14:12:59
23158,tick05,14:12:59
23159,tick05,14:13:00
23160,tick05,14:13:00
23161,tick05,14:13:01
23162,tick05,14:13:01
23163,tick05,14:13:02
23164,tick05,14:13:02
23165,tick05,14:13:03
23166,tick05,14:13:03
23167,tick05,14:13:04
23168,tick05,14:13:04
23169,tick05,14:13:05
23170,tick05,14:13:05
23171,tick05,14:13:06
23172,tick05,14:13:06
23173,tick05,14:13:07
23174,tick05,14:13:07
23175,tick05,14:13:08
23176,tick05,14:13:08
23177,tick05,14:13:09
23178,tick05,14:13:09
23179,tick05,14:13:10
23180,tick05,14:13:10
23181,tick05,14:13:11
23182,tick05,14:13:11
23183,tick05,14:13:12
23184,tick05,14:13:12
23185,tick05,14:13:13
23186,tick05,14:13:13
23187,tick05,14:13:14
23188,tick05,14:13:14
23189,tick05,14:13:15
23190,tick05,14:13:15
23191,tick05,14:13:16
23192,tick05,14:13:16
23193,tick05,14:13:17
23194,tick05,14:13:17
23195,tick05,14:13:18
23196,tick05,14:13:18
23197,tick05,14:13:19
23198,tick05,14:13:19
23199,tick05,14:13:20
23200,tick05,14:13:20
23201,tick05,14:13:21
23202,tick05,14:13:21
23203,tick05,14:13:22
23204,tick05,14:13:22
23205,tick05,14:13:23
23206,tick05,14:13:23
23207,tick05,14:13:24
23208,tick05,14:13:24
23209,tick05,14:13:25
23210,tick05,14:13:25
23211,tick05,14:13:26
23212,tick05,14:13:26
23213,tick05,14:13:27
23214,tick05,14:13:27
23215,tick05,14:13:28
23216,tick05,14:13:28
23217,tick05,14:13:29
23218,tick05,14:13:29
23219,tick05,14:13:30
23220,tick05,14:13:30
23221,tick05,14:13:31
23222,tick05,14:13:31
23223,tick05,14:13:32
23224,tick05,14:13:32
23225,tick05,14:13:33
23226,tick05,14:13:33
23227,tick05,14:13:34
23228,tick05,14:13:34
23229,tick05,14:13:35
23230,tick05,14:13:35
23231,tick05,14:13:36
23232,tick05,14:13:36
23233,tick05,14:13:37
23234,tick05,14:13:37
23235,tick05,14:13:38
23236,tick05,14:13:38
23237,tick05,14:13:39
23238,tick05,14:13:39
23239,tick05,14:13:40
23240,tick05,14:13:40
23241,tick05,14:13:41
23242,tick05,14:13:41
23243,tick05,14:13:42
23244,tick05,14:13:42
23245,tick05,14:13:43
23246,tick05,14:13:43
23247,tick05,14:13:44
23248,tick05,14:13:44
23249,tick05,14:13:45
23250,tick05,14:13:45
23251,tick05,14:13:46
23252,tick05,14:13:46
23253,tick05,14:13:47
23254,tick05,14:13:47
23255,tick05,14:13:48
23256,tick05,14:13:48
23257,tick05,14:13:49
23258,tick05,14:13:49
23259,tick05,14:13:50
23260,tick05,14:13:50
23261,tick05,14:13:51
23262,tick05,14:13:51
23263,tick05,14:13:52
23264,tick05,14:13:52
23265,tick05,14:13:53
23266,tick05,14:13:53
23267,tick05,14:13:54
23268,tick05,14:13:54
23269,tick05,14:13:55
23270,tick05,14:13:55
23271,tick05,14:13:56
23272,tick05,14:13:56
23273,tick05,14:13:57
23274,tick05,14:13:57
23275,tick05,14:13:58
23276,tick05,14:13:58
23277,tick05,14:13:59
23278,tick05,14:13:59
23279,tick05,14:14:00
23280,tick05,14:14:00
23281,tick05,14:14:01
23282,tick05,14:14:01
23283,tick05,14:14:02
23284,tick05,14:14:02
23285,tick05,14:14:03
23286,tick05,14:14:03
23287,tick05,14:14:04
23288,tick05,14:14:04
23289,tick05,14:14:05
23290,tick05,14:14:05
23291,tick05,14:14:06
23292,tick05,14:14:06
23293,tick05,14:14:07
23294,tick05,14:14:07
23295,tick05,14:14:08
23296,tick05,14:14:08
23297,tick05,14:14:09
23298,tick05,14:14:09
23299,tick05,14:14:10
23300,tick05,14:14:10
23301,tick05,14:14:11
23302,tick05,14:14:11
23303,tick05,14:14:12
23304,tick05,14:14:12
23305,tick05,14:14:13
23306,tick05,14:14:13
23307,tick05,14:14:14
23308,tick05,14:14:14
23309,tick05,14:14:15
23310,tick05,14:14:15
23311,tick05,14:14:16
23312,tick05,14:14:16
23313,tick05,14:14:17
23314,tick05,14:14:17
23315,tick05,14:14:18
23316,tick05,14:14:18
23317,tick05,14:14:19
23318,tick05,14:14:19
23319,tick05,14:14:20
23320,tick05,14:14:20
23321,tick05,14:14:21
23322,tick05,14:14:21
23323,tick05,14:14:22
23324,tick05,14:14:22
23325,tick05,14:14:23
23326,tick05,14:14:23
23327,tick05,14:14:24
23328,tick05,14:14:24
23329,tick05,14:14:25
23330,tick05,14:14:25
23331,tick05,14:14:26
23332,tick05,14:14:26
23333,tick05,14:14:27
23334,tick05,14:14:27
23335,tick05,14:14:28
23336,tick05,14:14:28
23337,tick05,14:14:29
23338,tick05,14:14:29
23339,tick05,14:14:30
23340,tick05,14:14:30
23341,tick05,14:14:31
23342,tick05,14:14:31
23343,tick05,14:14:32
23344,tick05,14:14:32
23345,tick05,14:14:33
23346,tick05,14:14:33
23347,tick05,14:14:34
23348,tick05,14:14:34
23349,tick05,14:14:35
23350,tick05,14:14:35
23351,tick05,14:14:36
23352,tick05,14:14:36
23353,tick05,14:14:37
23354,tick05,14:14:37
23355,tick05,14:14:38
23356,tick05,14:14:38
23357,tick05,14:14:39
23358,tick05,14:14:39
23359,tick05,14:14:40
23360,tick05,14:14:40
23361,tick05,14:14:41
23362,tick05,14:14:41
23363,tick05,14:14:42
23364,tick05,14:14:42
23365,tick05,14:14:43
23366,tick05,14:14:43
23367,tick05,14:14:44
23368,tick05,14:14:44
23369,tick05,14:14:45
23370,tick05,14:14:45
23371,tick05,14:14:46
23372,tick05,14:14:46
23373,tick05,14:14:47
23374,tick05,14:14:47
23375,tick05,14:14:48
23376,tick05,14:14:48
23377,tick05,14:14:49
23378,tick05,14:14:49
23379,tick05,14:14:50
23380,tick05,14:14:50
23381,tick05,14:14:51
23382,tick05,14:14:51
23383,tick05,14:14:52
23384,tick05,14:14:52
23385,tick05,14:14:53
23386,tick05,14:14:53
23387,tick05,14:14:54
23388,tick05,14:14:54
23389,tick05,14:14:55
23390,tick05,14:14:55
23391,tick05,14:14:56
23392,tick05,14:14:56
23393,tick05,14:14:57
23394,tick05,14:14:57
23395,tick05,14:14:58
23396,tick05,14:14:58
23397,tick05,14:14:59
23398,tick05,14:14:59
23399,tick05,14:15:00
23400,tick05,14:15:00
23401,tick05,14:15:01
23402,tick05,14:15:01
23403,tick05,14:15:02
23404,tick05,14:15:02
23405,tick05,14:15:03
23406,tick05,14:15:03
23407,tick05,14:15:04
23408,tick05,14:15:04
23409,tick05,14:15:05
23410,tick05,14:15:05
23411,tick05,14:15:06
23412,tick05,14:15:06
23413,tick05,14:15:07
23414,tick05,14:15:07
23415,tick05,14:15:08
23416,tick05,14:15:08
23417,tick05,14:15:09
23418,tick05,14:15:09
23419,tick05,14:15:10
23420,tick05,14:15:10
23421,tick05,14:15:11
23422,tick05,14:15:11
23423,tick05,14:15:12
23424,tick05,14:15:12
23425,tick05,14:15:13
23426,tick05,14:15:13
23427,tick05,14:15:14
23428,tick05,14:15:14
23429,tick05,14:15:15
23430,tick05,14:15:15
23431,tick05,14:15:16
23432,tick05,14:15:16
23433,tick05,14:15:17
23434,tick05,14:15:17
23435,tick05,14:15:18
23436,tick05,14:15:18
23437,tick05,14:15:19
23438,tick05,14:15:19
23439,tick05,14:15:20
23440,tick05,14:15:20
23441,tick05,14:15:21
23442,tick05,14:15:21
23443,tick05,14:15:22
23444,tick05,14:15:22
23445,tick05,14:15:23
23446,tick05,14:15:23
23447,tick05,14:15:24
23448,tick05,14:15:24
23449,tick05,14:15:25
23450,tick05,14:15:25
23451,tick05,14:15:26
23452,tick05,14:15:26
23453,tick05,14:15:27
23454,tick05,14:15:27
23455,tick05,14:15:28
23456,tick05,14:15:28
23457,tick05,14:15:29
23458,tick05,14:15:29
23459,tick05,14:15:30
23460,tick05,14:15:30
23461,tick05,14:15:31
23462,tick05,14:15:31
23463,tick05,14:15:32
23464,tick05,14:15:32
23465,tick05,14:15:33
23466,tick05,14:15:33
23467,tick05,14:15:34
23468,tick05,14:15:34
23469,tick05,14:15:35
23470,tick05,14:15:35
23471,tick05,14:15:36
23472,tick05,14:15:36
23473,tick05,14:15:37
23474,tick05,14:15:37
23475,tick05,14:15:38
23476,tick05,14:15:38
23477,tick05,14:15:39
23478,tick05,14:15:39
23479,tick05,14:15:40
23480,tick05,14:15:40
23481,tick05,14:15:41
23482,tick05,14:15:41
23483,tick05,14:15:42
23484,tick05,14:15:42
23485,tick05,14:15:43
23486,tick05,14:15:43
23487,tick05,14:15:44
23488,tick05,14:15:44
23489,tick05,14:15:45
23490,tick05,14:15:45
23491,tick05,14:15:46
23492,tick05,14:15:46
23493,tick05,14:15:47
23494,tick05,14:15:47
23495,tick05,14:15:48
23496,tick05,14:15:48
23497,tick05,14:15:49
23498,tick05,14:15:49
23499,tick05,14:15:50
23500,tick05,14:15:50
23501,tick05,14:15:51
23502,tick05,14:15:51
23503,tick05,14:15:52
23504,tick05,14:15:52
23505,tick05,14:15:53
23506,tick05,14:15:53
23507,tick05,14:15:54
23508,tick05,14:15:54
23509,tick05,14:15:55
23510,tick05,14:15:55
23511,tick05,14:15:56
23512,tick05,14:15:56
23513,tick05,14:15:57
23514,tick05,14:15:57
23515,tick05,14:15:58
23516,tick05,14:15:58
23517,tick05,14:15:59
23518,tick05,14:15:59
23519,tick05,14:16:00
23520,tick05,14:16:00
23521,tick05,14:16:01
23522,tick05,14:16:01
23523,tick05,14:16:02
23524,tick05,14:16:02
23525,tick05,14:16:03
23526,tick05,14:16:03
23527,tick05,14:16:04
23528,tick05,14:16:04
23529,tick05,14:16:05
23530,tick05,14:16:05
23531,tick05,14:16:06
23532,tick05,14:16:06
23533,tick05,14:16:07
23534,tick05,14:16:07
23535,tick05,14:16:08
23536,tick05,14:16:08
23537,tick05,14:16:09
23538,tick05,14:16:09
23539,tick05,14:16:10
23540,tick05,14:16:10
23541,tick05,14:16:11
23542,tick05,14:16:11
23543,tick05,14:16:12
23544,tick05,14:16:12
23545,tick05,14:16:13
23546,tick05,14:16:13
23547,tick05,14:16:14
23548,tick05,14:16:14
23549,tick05,14:16:15
23550,tick05,14:16:15
23551,tick05,14:16:16
23552,tick05,14:16:16
23553,tick05,14:16:17
23554,tick05,14:16:17
23555,tick05,14:16:18
23556,tick05,14:16:18
23557,tick05,14:16:19
23558,tick05,14:16:19
23559,tick05,14:16:20
23560,tick05,14:16:20
23561,tick05,14:16:21
23562,tick05,14:16:21
23563,tick05,14:16:22
23564,tick05,14:16:22
23565,tick05,14:16:23
23566,tick05,14:16:23
23567,tick05,14:16:24
23568,tick05,14:16:24
23569,tick05,14:16:25
23570,tick05,14:16:25
23571,tick05,14:16:26
23572,tick05,14:16:26
23573,tick05,14:16:27
23574,tick05,14:16:27
23575,tick05,14:16:28
23576,tick05,14:16:28
23577,tick05,14:16:29
23578,tick05,14:16:29
23579,tick05,14:16:30
23580,tick05,14:16:30
23581,tick05,14:16:31
23582,tick05,14:16:31
23583,tick05,14:16:32
23584,tick05,14:16:32
23585,tick05,14:16:33
23586,tick05,14:16:33
23587,tick05,14:16:34
23588,tick05,14:16:34
23589,tick05,14:16:35
23590,tick05,14:16:35
23591,tick05,14:16:36
23592,tick05,14:16:36
23593,tick05,14:16:37
23594,tick05,14:16:37
23595,tick05,14:16:38
23596,tick05,14:16:38
23597,tick05,14:16:39
23598,tick05,14:16:39
23599,tick05,14:16:40
23600,tick05,14:16:40
23601,tick05,14:16:41
23602,tick05,14:16:41
23603,tick05,14:16:42
23604,tick05,14:16:42
23605,tick05,14:16:43
23606,tick05,14:16:43
23607,tick05,14:16:44
23608,tick05,14:16:44
23609,tick05,14:16:45
23610,tick05,14:16:45
23611,tick05,14:16:46
23612,tick05,14:16:46
23613,tick05,14:16:47
23614,tick05,14:16:47
23615,tick05,14:16:48
23616,tick05,14:16:48
23617,tick05,14:16:49
23618,tick05,14:16:49
23619,tick05,14:16:50
23620,tick05,14:16:50
23621,tick05,14:16:51
23622,tick05,14:16:51
23623,tick05,14:16:52
23624,tick05,14:16:52
23625,tick05,14:16:53
23626,tick05,14:16:53
23627,tick05,14:16:54
23628,tick05,14:16:54
23629,tick05,14:16:55
23630,tick05,14:16:55
23631,tick05,14:16:56
23632,tick05,14:16:56
23633,tick05,14:16:57
23634,tick05,14:16:57
23635,tick05,14:16:58
23636,tick05,14:16:58
23637,tick05,14:16:59
23638,tick05,14:16:59
23639,tick05,14:17:00
23640,tick05,14:17:00
23641,tick05,14:17:01
23642,tick05,14:17:01
23643,tick05,14:17:02
23644,tick05,14:17:02
23645,tick05,14:17:03
23646,tick05,14:17:03
23647,tick05,14:17:04
23648,tick05,14:17:04
23649,tick05,14:17:05
23650,tick05,14:17:05
23651,tick05,14:17:06
23652,tick05,14:17:06
23653,tick05,14:17:07
23654,tick05,14:17:07
23655,tick05,14:17:08
23656,tick05,14:17:08
23657,tick05,14:17:09
23658,tick05,14:17:09
23659,tick05,14:17:10
23660,tick05,14:17:10
23661,tick05,14:17:11
23662,tick05,14:17:11
23663,tick05,14:17:12
23664,tick05,14:17:12
23665,tick05,14:17:13
23666,tick05,14:17:13
23667,tick05,14:17:14
23668,tick05,14:17:14
23669,tick05,14:17:15
23670,tick05,14:17:15
23671,tick05,14:17:16
23672,tick05,14:17:16
23673,tick05,14:17:17
23674,tick05,14:17:17
23675,tick05,14:17:18
23676,tick05,14:17:18
23677,tick05,14:17:19
23678,tick05,14:17:19
23679,tick05,14:17:20
23680,tick05,14:17:20
23681,tick05,14:17:21
23682,tick05,14:17:21
23683,tick05,14:17:22
23684,tick05,14:17:22
23685,tick05,14:17:23
23686,tick05,14:17:23
23687,tick05,14:17:24
23688,tick05,14:17:24
23689,tick05,14:17:25
23690,tick05,14:17:25
23691,tick05,14:17:26
23692,tick05,14:17:26
23693,tick05,14:17:27
23694,tick05,14:17:27
23695,tick05,14:17:28
23696,tick05,14:17:28
23697,tick05,14:17:29
23698,tick05,14:17:29
23699,tick05,14:17:30
23700,tick05,14:17:30
23701,tick05,14:17:31
23702,tick05,14:17:31
23703,tick05,14:17:32
23704,tick05,14:17:32
23705,tick05,14:17:33
23706,tick05,14:17:33
23707,tick05,14:17:34
23708,tick05,14:17:34
23709,tick05,14:17:35
23710,tick05,14:17:35
23711,tick05,14:17:36
23712,tick05,14:17:36
23713,tick05,14:17:37
23714,tick05,14:17:37
23715,tick05,14:17:38
23716,tick05,14:17:38
23717,tick05,14:17:39
23718,tick05,14:17:39
23719,tick05,14:17:40
23720,tick05,14:17:40
23721,tick05,14:17:41
23722,tick05,14:17:41
23723,tick05,14:17:42
23724,tick05,14:17:42
23725,tick05,14:17:43
23726,tick05,14:17:43
23727,tick05,14:17:44
23728,tick05,14:17:44
23729,tick05,14:17:45
23730,tick05,14:17:45
23731,tick05,14:17:46
23732,tick05,14:17:46
23733,tick05,14:17:47
23734,tick05,14:17:47
23735,tick05,14:17:48
23736,tick05,14:17:48
23737,tick05,14:17:49
23738,tick05,14:17:49
23739,tick05,14:17:50
23740,tick05,14:17:50
23741,tick05,14:17:51
23742,tick05,14:17:51
23743,tick05,14:17:52
23744,tick05,14:17:52
23745,tick05,14:17:53
23746,tick05,14:17:53
23747,tick05,14:17:54
23748,tick05,14:17:54
23749,tick05,14:17:55
23750,tick05,14:17:55
23751,tick05,14:17:56
23752,tick05,14:17:56
23753,tick05,14:17:57
23754,tick05,14:17:57
23755,tick05,14:17:58
23756,tick05,14:17:58
23757,tick05,14:17:59
23758,tick05,14:17:59
23759,tick05,14:18:00
23760,tick05,14:18:00
23761,tick05,14:18:01
23762,tick05,14:18:01
23763,tick05,14:18:02
23764,tick05,14:18:02
23765,tick05,14:18:03
23766,tick05,14:18:03
23767,tick05,14:18:04
23768,tick05,14:18:04
23769,tick05,14:18:05
23770,tick05,14:18:05
23771,tick05,14:18:06
23772,tick05,14:18:06
23773,tick05,14:18:07
23774,tick05,14:18:07
23775,tick05,14:18:08
23776,tick05,14:18:08
23777,tick05,14:18:09
23778,tick05,14:18:09
23779,tick05,14:18:10
23780,tick05,14:18:10
23781,tick05,14:18:11
23782,tick05,14:18:11
23783,tick05,14:18:12
23784,tick05,14:18:12
23785,tick05,14:18:13
23786,tick05,14:18:13
23787,tick05,14:18:14
23788,tick05,14:18:14
23789,tick05,14:18:15
23790,tick05,14:18:15
23791,tick05,14:18:16
23792,tick05,14:18:16
23793,tick05,14:18:17
23794,tick05,14:18:17
23795,tick05,14:18:18
23796,tick05,14:18:18
23797,tick05,14:18:19
23798,tick05,14:18:19
23799,tick05,14:18:20
23800,tick05,14:18:20
23801,tick05,14:18:21
23802,tick05,14:18:21
23803,tick05,14:18:22
23804,tick05,14:18:22
23805,tick05,14:18:23
23806,tick05,14:18:23
23807,tick05,14:18:24
23808,tick05,14:18:24
23809,tick05,14:18:25
23810,tick05,14:18:25
23811,tick05,14:18:26
23812,tick05,14:18:26
23813,tick05,14:18:27
23814,tick05,14:18:27
23815,tick05,14:18:28
23816,tick05,14:18:28
23817,tick05,14:18:29
23818,tick05,14:18:29
23819,tick05,14:18:30
23820,tick05,14:18:30
23821,tick05,14:18:31
23822,tick05,14:18:31
23823,tick05,14:18:32
23824,tick05,14:18:32
23825,tick05,14:18:33
23826,tick05,14:18:33
23827,tick05,14:18:34
23828,tick05,14:18:34
23829,tick05,14:18:35
23830,tick05,14:18:35
23831,tick05,14:18:36
23832,tick05,14:18:36
23833,tick05,14:18:37
23834,tick05,14:18:37
23835,tick05,14:18:38
23836,tick05,14:18:38
23837,tick05,14:18:39
23838,tick05,14:18:39
23839,tick05,14:18:40
23840,tick05,14:18:40
23841,tick05,14:18:41
23842,tick05,14:18:41
23843,tick05,14:18:42
23844,tick05,14:18:42
23845,tick05,14:18:43
23846,tick05,14:18:43
23847,tick05,14:18:44
23848,tick05,14:18:44
23849,tick05,14:18:45
23850,tick05,14:18:45
23851,tick05,14:18:46
23852,tick05,14:18:46
23853,tick05,14:18:47
23854,tick05,14:18:47
23855,tick05,14:18:48
23856,tick05,14:18:48
23857,tick05,14:18:49
23858,tick05,14:18:49
23859,tick05,14:18:50
23860,tick05,14:18:50
23861,tick05,14:18:51
23862,tick05,14:18:51
23863,tick05,14:18:52
23864,tick05,14:18:52
23865,tick05,14:18:53
23866,tick05,14:18:53
23867,tick05,14:18:54
23868,tick05,14:18:54
23869,tick05,14:18:55
23870,tick05,14:18:55
23871,tick05,14:18:56
23872,tick05,14:18:56
23873,tick05,14:18:57
23874,tick05,14:18:57
23875,tick05,14:18:58
23876,tick05,14:18:58
23877,tick05,14:18:59
23878,tick05,14:18:59
23879,tick05,14:19:00
23880,tick05,14:19:00
23881,tick05,14:19:01
23882,tick05,14:19:01
23883,tick05,14:19:02
23884,tick05,14:19:02
23885,tick05,14:19:03
23886,tick05,14:19:03
23887,tick05,14:19:04
23888,tick05,14:19:04
23889,tick05,14:19:05
23890,tick05,14:19:05
23891,tick05,14:19:06
23892,tick05,14:19:06
23893,tick05,14:19:07
23894,tick05,14:19:07
23895,tick05,14:19:08
23896,tick05,14:19:08
23897,tick05,14:19:09
23898,tick05,14:19:09
23899,tick05,14:19:10
23900,tick05,14:19:10
23901,tick05,14:19:11
23902,tick05,14:19:11
23903,tick05,14:19:12
23904,tick05,14:19:12
23905,tick05,14:19:13
23906,tick05,14:19:13
23907,tick05,14:19:14
23908,tick05,14:19:14
23909,tick05,14:19:15
23910,tick05,14:19:15
23911,tick05,14:19:16
23912,tick05,14:19:16
23913,tick05,14:19:17
23914,tick05,14:19:17
23915,tick05,14:19:18
23916,tick05,14:19:18
23917,tick05,14:19:19
23918,tick05,14:19:19
23919,tick05,14:19:20
23920,tick05,14:19:20
23921,tick05,14:19:21
23922,tick05,14:19:21
23923,tick05,14:19:22
23924,tick05,14:19:22
23925,tick05,14:19:23
23926,tick05,14:19:23
23927,tick05,14:19:24
23928,tick05,14:19:24
23929,tick05,14:19:25
23930,tick05,14:19:25
23931,tick05,14:19:26
23932,tick05,14:19:26
23933,tick05,14:19:27
23934,tick05,14:19:27
23935,tick05,14:19:28
23936,tick05,14:19:28
23937,tick05,14:19:29
23938,tick05,14:19:29
23939,tick05,14:19:30
23940,tick05,14:19:30
23941,tick05,14:19:31
23942,tick05,14:19:31
23943,tick05,14:19:32
23944,tick05,14:19:32
23945,tick05,14:19:33
23946,tick05,14:19:33
23947,tick05,14:19:34
23948,tick05,14:19:34
23949,tick05,14:19:35
23950,tick05,14:19:35
23951,tick05,14:19:36
23952,tick05,14:19:36
23953,tick05,14:19:37
23954,tick05,14:19:37
23955,tick05,14:19:38
23956,tick05,14:19:38
23957,tick05,14:19:39
23958,tick05,14:19:39
23959,tick05,14:19:40
23960,tick05,14:19:40
23961,tick05,14:19:41
23962,tick05,14:19:41
23963,tick05,14:19:42
23964,tick05,14:19:42
23965,tick05,14:19:43
23966,tick05,14:19:43
23967,tick05,14:19:44
23968,tick05,14:19:44
23969,tick05,14:19:45
23970,tick05,14:19:45
23971,tick05,14:19:46
23972,tick05,14:19:46
23973,tick05,14:19:47
23974,tick05,14:19:47
23975,tick05,14:19:48
23976,tick05,14:19:48
23977,tick05,14:19:49
23978,tick05,14:19:49
23979,tick05,14:19:50
23980,tick05,14:19:50
23981,tick05,14:19:51
23982,tick05,14:19:51
23983,tick05,14:19:52
23984,tick05,14:19:52
23985,tick05,14:19:53
23986,tick05,14:19:53
23987,tick05,14:19:54
23988,tick05,14:19:54
23989,tick05,14:19:55
23990,tick05,14:19:55
23991,tick05,14:19:56
23992,tick05,14:19:56
23993,tick05,14:19:57
23994,tick05,14:19:57
23995,tick05,14:19:58
23996,tick05,14:19:58
23997,tick05,14:19:59
23998,tick05,14:19:59
23999,tick05,14:20:00
24000,tick05,14:20:00
24001,tick05,14:20:01
24002,tick05,14:20:01
24003,tick05,14:20:02
24004,tick05,14:20:02
24005,tick05,14:20:03
24006,tick05,14:20:03
24007,tick05,14:20:04
24008,tick05,14:20:04
24009,tick05,14:20:05
24010,tick05,14:20:05
24011,tick05,14:20:06
24012,tick05,14:20:06
24013,tick05,14:20:07
24014,tick05,14:20:07
24015,tick05,14:20:08
24016,tick05,14:20:08
24017,tick05,14:20:09
24018,tick05,14:20:09
24019,tick05,14:20:10
24020,tick05,14:20:10
24021,tick05,14:20:11
24022,tick05,14:20:11
24023,tick05,14:20:12
24024,tick05,14:20:12
24025,tick05,14:20:13
24026,tick05,14:20:13
24027,tick05,14:20:14
24028,tick05,14:20:14
24029,tick05,14:20:15
24030,tick05,14:20:15
24031,tick05,14:20:16
24032,tick05,14:20:16
24033,tick05,14:20:17
24034,tick05,14:20:17
24035,tick05,14:20:18
24036,tick05,14:20:18
24037,tick05,14:20:19
24038,tick05,14:20:19
24039,tick05,14:20:20
24040,tick05,14:20:20
24041,tick05,14:20:21
24042,tick05,14:20:21
24043,tick05,14:20:22
24044,tick05,14:20:22
24045,tick05,14:20:23
24046,tick05,14:20:23
24047,tick05,14:20:24
24048,tick05,14:20:24
24049,tick05,14:20:25
24050,tick05,14:20:25
24051,tick05,14:20:26
24052,tick05,14:20:26
24053,tick05,14:20:27
24054,tick05,14:20:27
24055,tick05,14:20:28
24056,tick05,14:20:28
24057,tick05,14:20:29
24058,tick05,14:20:29
24059,tick05,14:20:30
24060,tick05,14:20:30
24061,tick05,14:20:31
24062,tick05,14:20:31
24063,tick05,14:20:32
24064,tick05,14:20:32
24065,tick05,14:20:33
24066,tick05,14:20:33
24067,tick05,14:20:34
24068,tick05,14:20:34
24069,tick05,14:20:35
24070,tick05,14:20:35
24071,tick05,14:20:36
24072,tick05,14:20:36
24073,tick05,14:20:37
24074,tick05,14:20:37
24075,tick05,14:20:38
24076,tick05,14:20:38
24077,tick05,14:20:39
24078,tick05,14:20:39
24079,tick05,14:20:40
24080,tick05,14:20:40
24081,tick05,14:20:41
24082,tick05,14:20:41
24083,tick05,14:20:42
24084,tick05,14:20:42
24085,tick05,14:20:43
24086,tick05,14:20:43
24087,tick05,14:20:44
24088,tick05,14:20:44
24089,tick05,14:20:45
24090,tick05,14:20:45
24091,tick05,14:20:46
24092,tick05,14:20:46
24093,tick05,14:20:47
24094,tick05,14:20:47
24095,tick05,14:20:48
24096,tick05,14:20:48
24097,tick05,14:20:49
24098,tick05,14:20:49
24099,tick05,14:20:50
24100,tick05,14:20:50
24101,tick05,14:20:51
24102,tick05,14:20:51
24103,tick05,14:20:52
24104,tick05,14:20:52
24105,tick05,14:20:53
24106,tick05,14:20:53
24107,tick05,14:20:54
24108,tick05,14:20:54
24109,tick05,14:20:55
24110,tick05,14:20:55
24111,tick05,14:20:56
24112,tick05,14:20:56
24113,tick05,14:20:57
24114,tick05,14:20:57
24115,tick05,14:20:58
24116,tick05,14:20:58
24117,tick05,14:20:59
24118,tick05,14:20:59
24119,tick05,14:21:00
24120,tick05,14:21:00
24121,tick05,14:21:01
24122,tick05,14:21:01
24123,tick05,14:21:02
24124,tick05,14:21:02
24125,tick05,14:21:03
24126,tick05,14:21:03
24127,tick05,14:21:04
24128,tick05,14:21:04
24129,tick05,14:21:05
24130,tick05,14:21:05
24131,tick05,14:21:06
24132,tick05,14:21:06
24133,tick05,14:21:07
24134,tick05,14:21:07
24135,tick05,14:21:08
24136,tick05,14:21:08
24137,tick05,14:21:09
24138,tick05,14:21:09
24139,tick05,14:21:10
24140,tick05,14:21:10
24141,tick05,14:21:11
24142,tick05,14:21:11
24143,tick05,14:21:12
24144,tick05,14:21:12
24145,tick05,14:21:13
24146,tick05,14:21:13
24147,tick05,14:21:14
24148,tick05,14:21:14
24149,tick05,14:21:15
24150,tick05,14:21:15
24151,tick05,14:21:16
24152,tick05,14:21:16
24153,tick05,14:21:17
24154,tick05,14:21:17
24155,tick05,14:21:18
24156,tick05,14:21:18
24157,tick05,14:21:19
24158,tick05,14:21:19
24159,tick05,14:21:20
24160,tick05,14:21:20
24161,tick05,14:21:21
24162,tick05,14:21:21
24163,tick05,14:21:22
24164,tick05,14:21:22
24165,tick05,14:21:23
24166,tick05,14:21:23
24167,tick05,14:21:24
24168,tick05,14:21:24
24169,tick05,14:21:25
24170,tick05,14:21:25
24171,tick05,14:21:26
24172,tick05,14:21:26
24173,tick05,14:21:27
24174,tick05,14:21:27
24175,tick05,14:21:28
24176,tick05,14:21:28
24177,tick05,14:21:29
24178,tick05,14:21:29
24179,tick05,14:21:30
24180,tick05,14:21:30
24181,tick05,14:21:31
24182,tick05,14:21:31
24183,tick05,14:21:32
24184,tick05,14:21:32
24185,tick05,14:21:33
24186,tick05,14:21:33
24187,tick05,14:21:34
24188,tick05,14:21:34
24189,tick05,14:21:35
24190,tick05,14:21:35
24191,tick05,14:21:36
24192,tick05,14:21:36
24193,tick05,14:21:37
24194,tick05,14:21:37
24195,tick05,14:21:38
24196,tick05,14:21:38
24197,tick05,14:21:39
24198,tick05,14:21:39
24199,tick05,14:21:40
24200,tick05,14:21:40
24201,tick05,14:21:41
24202,tick05,14:21:41
24203,tick05,14:21:42
24204,tick05,14:21:42
24205,tick05,14:21:43
24206,tick05,14:21:43
24207,tick05,14:21:44
24208,tick05,14:21:44
24209,tick05,14:21:45
24210,tick05,14:21:45
24211,tick05,14:21:46
24212,tick05,14:21:46
24213,tick05,14:21:47
24214,tick05,14:21:47
24215,tick05,14:21:48
24216,tick05,14:21:48
24217,tick05,14:21:49
24218,tick05,14:21:49
24219,tick05,14:21:50
24220,tick05,14:21:50
24221,tick05,14:21:51
24222,tick05,14:21:51
24223,tick05,14:21:52
24224,tick05,14:21:52
24225,tick05,14:21:53
24226,tick05,14:21:53
24227,tick05,14:21:54
24228,tick05,14:21:54
24229,tick05,14:21:55
24230,tick05,14:21:55
24231,tick05,14:21:56
24232,tick05,14:21:56
24233,tick05,14:21:57
24234,tick05,14:21:57
24235,tick05,14:21:58
24236,tick05,14:21:58
24237,tick05,14:21:59
24238,tick05,14:21:59
24239,tick05,14:22:00
24240,tick05,14:22:00
24241,tick05,14:22:01
24242,tick05,14:22:01
24243,tick05,14:22:02
24244,tick05,14:22:02
24245,tick05,14:22:03
24246,tick05,14:22:03
24247,tick05,14:22:04
24248,tick05,14:22:04
24249,tick05,14:22:05
24250,tick05,14:22:05
24251,tick05,14:22:06
24252,tick05,14:22:06
24253,tick05,14:22:07
24254,tick05,14:22:07
24255,tick05,14:22:08
24256,tick05,14:22:08
24257,tick05,14:22:09
24258,tick05,14:22:09
24259,tick05,14:22:10
24260,tick05,14:22:10
24261,tick05,14:22:11
24262,tick05,14:22:11
24263,tick05,14:22:12
24264,tick05,14:22:12
24265,tick05,14:22:13
24266,tick05,14:22:13
24267,tick05,14:22:14
24268,tick05,14:22:14
24269,tick05,14:22:15
24270,tick05,14:22:15
24271,tick05,14:22:16
24272,tick05,14:22:16
24273,tick05,14:22:17
24274,tick05,14:22:17
24275,tick05,14:22:18
24276,tick05,14:22:18
24277,tick05,14:22:19
24278,tick05,14:22:19
24279,tick05,14:22:20
24280,tick05,14:22:20
24281,tick05,14:22:21
24282,tick05,14:22:21
24283,tick05,14:22:22
24284,tick05,14:22:22
24285,tick05,14:22:23
24286,tick05,14:22:23
24287,tick05,14:22:24
24288,tick05,14:22:24
24289,tick05,14:22:25
24290,tick05,14:22:25
24291,tick05,14:22:26
24292,tick05,14:22:26
24293,tick05,14:22:27
24294,tick05,14:22:27
24295,tick05,14:22:28
24296,tick05,14:22:28
24297,tick05,14:22:29
24298,tick05,14:22:29
24299,tick05,14:22:30
24300,tick05,14:22:30
24301,tick05,14:22:31
24302,tick05,14:22:31
24303,tick05,14:22:32
24304,tick05,14:22:32
24305,tick05,14:22:33
24306,tick05,14:22:33
24307,tick05,14:22:34
24308,tick05,14:22:34
24309,tick05,14:22:35
24310,tick05,14:22:35
24311,tick05,14:22:36
24312,tick05,14:22:36
24313,tick05,14:22:37
24314,tick05,14:22:37
24315,tick05,14:22:38
24316,tick05,14:22:38
24317,tick05,14:22:39
24318,tick05,14:22:39
24319,tick05,14:22:40
24320,tick05,14:22:40
24321,tick05,14:22:41
24322,tick05,14:22:41
24323,tick05,14:22:42
24324,tick05,14:22:42
24325,tick05,14:22:43
24326,tick05,14:22:43
24327,tick05,14:22:44
24328,tick05,14:22:44
24329,tick05,14:22:45
24330,tick05,14:22:45
24331,tick05,14:22:46
24332,tick05,14:22:46
24333,tick05,14:22:47
24334,tick05,14:22:47
24335,tick05,14:22:48
24336,tick05,14:22:48
24337,tick05,14:22:49
24338,tick05,14:22:49
24339,tick05,14:22:50
24340,tick05,14:22:50
24341,tick05,14:22:51
24342,tick05,14:22:51
24343,tick05,14:22:52
24344,tick05,14:22:52
24345,tick05,14:22:53
24346,tick05,14:22:53
24347,tick05,14:22:54
24348,tick05,14:22:54
24349,tick05,14:22:55
24350,tick05,14:22:55
24351,tick05,14:22:56
24352,tick05,14:22:56
24353,tick05,14:22:57
24354,tick05,14:22:57
24355,tick05,14:22:58
24356,tick05,14:22:58
24357,tick05,14:22:59
24358,tick05,14:22:59
24359,tick05,14:23:00
24360,tick05,14:23:00
24361,tick05,14:23:01
24362,tick05,14:23:01
24363,tick05,14:23:02
24364,tick05,14:23:02
24365,tick05,14:23:03
24366,tick05,14:23:03
24367,tick05,14:23:04
24368,tick05,14:23:04
24369,tick05,14:23:05
24370,tick05,14:23:05
24371,tick05,14:23:06
24372,tick05,14:23:06
24373,tick05,14:23:07
24374,tick05,14:23:07
24375,tick05,14:23:08
24376,tick05,14:23:08
24377,tick05,14:23:09
24378,tick05,14:23:09
24379,tick05,14:23:10
24380,tick05,14:23:10
24381,tick05,14:23:11
24382,tick05,14:23:11
24383,tick05,14:23:12
24384,tick05,14:23:12
24385,tick05,14:23:13
24386,tick05,14:23:13
24387,tick05,14:23:14
24388,tick05,14:23:14
24389,tick05,14:23:15
24390,tick05,14:23:15
24391,tick05,14:23:16
24392,tick05,14:23:16
24393,tick05,14:23:17
24394,tick05,14:23:17
24395,tick05,14:23:18
24396,tick05,14:23:18
24397,tick05,14:23:19
24398,tick05,14:23:19
24399,tick05,14:23:20
24400,tick05,14:23:20
24401,tick05,14:23:21
24402,tick05,14:23:21
24403,tick05,14:23:22
24404,tick05,14:23:22
24405,tick05,14:23:23
24406,tick05,14:23:23
24407,tick05,14:23:24
24408,tick05,14:23:24
24409,tick05,14:23:25
24410,tick05,14:23:25
24411,tick05,14:23:26
24412,tick05,14:23:26
24413,tick05,14:23:27
24414,tick05,14:23:27
24415,tick05,14:23:28
24416,tick05,14:23:28
24417,tick05,14:23:29
24418,tick05,14:23:29
24419,tick05,14:23:30
24420,tick05,14:23:30
24421,tick05,14:23:31
24422,tick05,14:23:31
24423,tick05,14:23:32
24424,tick05,14:23:32
24425,tick05,14:23:33
24426,tick05,14:23:33
24427,tick05,14:23:34
24428,tick05,14:23:34
24429,tick05,14:23:35
24430,tick05,14:23:35
24431,tick05,14:23:36
24432,tick05,14:23:36
24433,tick05,14:23:37
24434,tick05,14:23:37
24435,tick05,14:23:38
24436,tick05,14:23:38
24437,tick05,14:23:39
24438,tick05,14:23:39
24439,tick05,14:23:40
24440,tick05,14:23:40
24441,tick05,14:23:41
24442,tick05,14:23:41
24443,tick05,14:23:42
24444,tick05,14:23:42
24445,tick05,14:23:43
24446,tick05,14:23:43
24447,tick05,14:23:44
24448,tick05,14:23:44
24449,tick05,14:23:45
24450,tick05,14:23:45
24451,tick05,14:23:46
24452,tick05,14:23:46
24453,tick05,14:23:47
24454,tick05,14:23:47
24455,tick05,14:23:48
24456,tick05,14:23:48
24457,tick05,14:23:49
24458,tick05,14:23:49
24459,tick05,14:23:50
24460,tick05,14:23:50
24461,tick05,14:23:51
24462,tick05,14:23:51
24463,tick05,14:23:52
24464,tick05,14:23:52
24465,tick05,14:23:53
24466,tick05,14:23:53
24467,tick05,14:23:54
24468,tick05,14:23:54
24469,tick05,14:23:55
24470,tick05,14:23:55
24471,tick05,14:23:56
24472,tick05,14:23:56
24473,tick05,14:23:57
24474,tick05,14:23:57
24475,tick05,14:23:58
24476,tick05,14:23:58
24477,tick05,14:23:59
24478,tick05,14:23:59
24479,tick05,14:24:00
24480,tick05,14:24:00
24481,tick05,14:24:01
24482,tick05,14:24:01
24483,tick05,14:24:02
24484,tick05,14:24:02
24485,tick05,14:24:03
24486,tick05,14:24:03
24487,tick05,14:24:04
24488,tick05,14:24:04
24489,tick05,14:24:05
24490,tick05,14:24:05
24491,tick05,14:24:06
24492,tick05,14:24:06
24493,tick05,14:24:07
24494,tick05,14:24:07
24495,tick05,14:24:08
24496,tick05,14:24:08
24497,tick05,14:24:09
24498,tick05,14:24:09
24499,tick05,14:24:10
24500,tick05,14:24:10
24501,tick05,14:24:11
24502,tick05,14:24:11
24503,tick05,14:24:12
24504,tick05,14:24:12
24505,tick05,14:24:13
24506,tick05,14:24:13
24507,tick05,14:24:14
24508,tick05,14:24:14
24509,tick05,14:24:15
24510,tick05,14:24:15
24511,tick05,14:24:16
24512,tick05,14:24:16
24513,tick05,14:24:17
24514,tick05,14:24:17
24515,tick05,14:24:18
24516,tick05,14:24:18
24517,tick05,14:24:19
24518,tick05,14:24:19
24519,tick05,14:24:20
24520,tick05,14:24:20
24521,tick05,14:24:21
24522,tick05,14:24:21
24523,tick05,14:24:22
24524,tick05,14:24:22
24525,tick05,14:24:23
24526,tick05,14:24:23
24527,tick05,14:24:24
24528,tick05,14:24:24
24529,tick05,14:24:25
24530,tick05,14:24:25
24531,tick05,14:24:26
24532,tick05,14:24:26
24533,tick05,14:24:27
24534,tick05,14:24:27
24535,tick05,14:24:28
24536,tick05,14:24:28
24537,tick05,14:24:29
24538,tick05,14:24:29
24539,tick05,14:24:30
24540,tick05,14:24:30
24541,tick05,14:24:31
24542,tick05,14:24:31
24543,tick05,14:24:32
24544,tick05,14:24:32
24545,tick05,14:24:33
24546,tick05,14:24:33
24547,tick05,14:24:34
24548,tick05,14:24:34
24549,tick05,14:24:35
24550,tick05,14:24:35
24551,tick05,14:24:36
24552,tick05,14:24:36
24553,tick05,14:24:37
24554,tick05,14:24:37
24555,tick05,14:24:38
24556,tick05,14:24:38
24557,tick05,14:24:39
24558,tick05,14:24:39
24559,tick05,14:24:40
24560,tick05,14:24:40
24561,tick05,14:24:41
24562,tick05,14:24:41
24563,tick05,14:24:42
24564,tick05,14:24:42
24565,tick05,14:24:43
24566,tick05,14:24:43
24567,tick05,14:24:44
24568,tick05,14:24:44
24569,tick05,14:24:45
24570,tick05,14:24:45
24571,tick05,14:24:46
24572,tick05,14:24:46
24573,tick05,14:24:47
24574,tick05,14:24:47
24575,tick05,14:24:48
24576,tick05,14:24:48
24577,tick05,14:24:49
24578,tick05,14:24:49
24579,tick05,14:24:50
24580,tick05,14:24:50
24581,tick05,14:24:51
24582,tick05,14:24:51
24583,tick05,14:24:52
24584,tick05,14:24:52
24585,tick05,14:24:53
24586,tick05,14:24:53
24587,tick05,14:24:54
24588,tick05,14:24:54
24589,tick05,14:24:55
24590,tick05,14:24:55
24591,tick05,14:24:56
24592,tick05,14:24:56
24593,tick05,14:24:57
24594,tick05,14:24:57
24595,tick05,14:24:58
24596,tick05,14:24:58
24597,tick05,14:24:59
24598,tick05,14:24:59
24599,tick05,14:25:00
24600,tick05,14:25:00
24601,tick05,14:25:01
24602,tick05,14:25:01
24603,tick05,14:25:02
24604,tick05,14:25:02
24605,tick05,14:25:03
24606,tick05,14:25:03
24607,tick05,14:25:04
24608,tick05,14:25:04
24609,tick05,14:25:05
24610,tick05,14:25:05
24611,tick05,14:25:06
24612,tick05,14:25:06
24613,tick05,14:25:07
24614,tick05,14:25:07
24615,tick05,14:25:08
24616,tick05,14:25:08
24617,tick05,14:25:09
24618,tick05,14:25:09
24619,tick05,14:25:10
24620,tick05,14:25:10
24621,tick05,14:25:11
24622,tick05,14:25:11
24623,tick05,14:25:12
24624,tick05,14:25:12
24625,tick05,14:25:13
24626,tick05,14:25:13
24627,tick05,14:25:14
24628,tick05,14:25:14
24629,tick05,14:25:15
24630,tick05,14:25:15
24631,tick05,14:25:16
24632,tick05,14:25:16
24633,tick05,14:25:17
24634,tick05,14:25:17
24635,tick05,14:25:18
24636,tick05,14:25:18
24637,tick05,14:25:19
24638,tick05,14:25:19
24639,tick05,14:25:20
24640,tick05,14:25:20
24641,tick05,14:25:21
24642,tick05,14:25:21
24643,tick05,14:25:22
24644,tick05,14:25:22
24645,tick05,14:25:23
24646,tick05,14:25:23
24647,tick05,14:25:24
24648,tick05,14:25:24
24649,tick05,14:25:25
24650,tick05,14:25:25
24651,tick05,14:25:26
24652,tick05,14:25:26
24653,tick05,14:25:27
24654,tick05,14:25:27
24655,tick05,14:25:28
24656,tick05,14:25:28
24657,tick05,14:25:29
24658,tick05,14:25:29
24659,tick05,14:25:30
24660,tick05,14:25:30
24661,tick05,14:25:31
24662,tick05,14:25:31
24663,tick05,14:25:32
24664,tick05,14:25:32
24665,tick05,14:25:33
24666,tick05,14:25:33
24667,tick05,14:25:34
24668,tick05,14:25:34
24669,tick05,14:25:35
24670,tick05,14:25:35
24671,tick05,14:25:36
24672,tick05,14:25:36
24673,tick05,14:25:37
24674,tick05,14:25:37
24675,tick05,14:25:38
24676,tick05,14:25:38
24677,tick05,14:25:39
24678,tick05,14:25:39
24679,tick05,14:25:40
24680,tick05,14:25:40
24681,tick05,14:25:41
24682,tick05,14:25:41
24683,tick05,14:25:42
24684,tick05,14:25:42
24685,tick05,14:25:43
24686,tick05,14:25:43
24687,tick05,14:25:44
24688,tick05,14:25:44
24689,tick05,14:25:45
24690,tick05,14:25:45
24691,tick05,14:25:46
24692,tick05,14:25:46
24693,tick05,14:25:47
24694,tick05,14:25:47
24695,tick05,14:25:48
24696,tick05,14:25:48
24697,tick05,14:25:49
24698,tick05,14:25:49
24699,tick05,14:25:50
24700,tick05,14:25:50
24701,tick05,14:25:51
24702,tick05,14:25:51
24703,tick05,14:25:52
24704,tick05,14:25:52
24705,tick05,14:25:53
24706,tick05,14:25:53
24707,tick05,14:25:54
24708,tick05,14:25:54
24709,tick05,14:25:55
24710,tick05,14:25:55
24711,tick05,14:25:56
24712,tick05,14:25:56
24713,tick05,14:25:57
24714,tick05,14:25:57
24715,tick05,14:25:58
24716,tick05,14:25:58
24717,tick05,14:25:59
24718,tick05,14:25:59
24719,tick05,14:26:00
24720,tick05,14:26:00
24721,tick05,14:26:01
24722,tick05,14:26:01
24723,tick05,14:26:02
24724,tick05,14:26:02
24725,tick05,14:26:03
24726,tick05,14:26:03
24727,tick05,14:26:04
24728,tick05,14:26:04
24729,tick05,14:26:05
24730,tick05,14:26:05
24731,tick05,14:26:06
24732,tick05,14:26:06
24733,tick05,14:26:07
24734,tick05,14:26:07
24735,tick05,14:26:08
24736,tick05,14:26:08
24737,tick05,14:26:09
24738,tick05,14:26:09
24739,tick05,14:26:10
24740,tick05,14:26:10
24741,tick05,14:26:11
24742,tick05,14:26:11
24743,tick05,14:26:12
24744,tick05,14:26:12
24745,tick05,14:26:13
24746,tick05,14:26:13
24747,tick05,14:26:14
24748,tick05,14:26:14
24749,tick05,14:26:15
24750,tick05,14:26:15
24751,tick05,14:26:16
24752,tick05,14:26:16
24753,tick05,14:26:17
24754,tick05,14:26:17
24755,tick05,14:26:18
24756,tick05,14:26:18
24757,tick05,14:26:19
24758,tick05,14:26:19
24759,tick05,14:26:20
24760,tick05,14:26:20
24761,tick05,14:26:21
24762,tick05,14:26:21
24763,tick05,14:26:22
24764,tick05,14:26:22
24765,tick05,14:26:23
24766,tick05,14:26:23
24767,tick05,14:26:24
24768,tick05,14:26:24
24769,tick05,14:26:25
24770,tick05,14:26:25
24771,tick05,14:26:26
24772,tick05,14:26:26
24773,tick05,14:26:27
24774,tick05,14:26:27
24775,tick05,14:26:28
24776,tick05,14:26:28
24777,tick05,14:26:29
24778,tick05,14:26:29
24779,tick05,14:26:30
24780,tick05,14:26:30
24781,tick05,14:26:31
24782,tick05,14:26:31
24783,tick05,14:26:32
24784,tick05,14:26:32
24785,tick05,14:26:33
24786,tick05,14:26:33
24787,tick05,14:26:34
24788,tick05,14:26:34
24789,tick05,14:26:35
24790,tick05,14:26:35
24791,tick05,14:26:36
24792,tick05,14:26:36
24793,tick05,14:26:37
24794,tick05,14:26:37
24795,tick05,14:26:38
24796,tick05,14:26:38
24797,tick05,14:26:39
24798,tick05,14:26:39
24799,tick05,14:26:40
24800,tick05,14:26:40
24801,tick05,14:26:41
24802,tick05,14:26:41
24803,tick05,14:26:42
24804,tick05,14:26:42
24805,tick05,14:26:43
24806,tick05,14:26:43
24807,tick05,14:26:44
24808,tick05,14:26:44
24809,tick05,14:26:45
24810,tick05,14:26:45
24811,tick05,14:26:46
24812,tick05,14:26:46
24813,tick05,14:26:47
24814,tick05,14:26:47
24815,tick05,14:26:48
24816,tick05,14:26:48
24817,tick05,14:26:49
24818,tick05,14:26:49
24819,tick05,14:26:50
24820,tick05,14:26:50
24821,tick05,14:26:51
24822,tick05,14:26:51
24823,tick05,14:26:52
24824,tick05,14:26:52
24825,tick05,14:26:53
24826,tick05,14:26:53
24827,tick05,14:26:54
24828,tick05,14:26:54
24829,tick05,14:26:55
24830,tick05,14:26:55
24831,tick05,14:26:56
24832,tick05,14:26:56
24833,tick05,14:26:57
24834,tick05,14:26:57
24835,tick05,14:26:58
24836,tick05,14:26:58
24837,tick05,14:26:59
24838,tick05,14:26:59
24839,tick05,14:27:00
24840,tick05,14:27:00
24841,tick05,14:27:01
24842,tick05,14:27:01
24843,tick05,14:27:02
24844,tick05,14:27:02
24845,tick05,14:27:03
24846,tick05,14:27:03
24847,tick05,14:27:04
24848,tick05,14:27:04
24849,tick05,14:27:05
24850,tick05,14:27:05
24851,tick05,14:27:06
24852,tick05,14:27:06
24853,tick05,14:27:07
24854,tick05,14:27:07
24855,tick05,14:27:08
24856,tick05,14:27:08
24857,tick05,14:27:09
24858,tick05,14:27:09
24859,tick05,14:27:10
24860,tick05,14:27:10
24861,tick05,14:27:11
24862,tick05,14:27:11
24863,tick05,14:27:12
24864,tick05,14:27:12
24865,tick05,14:27:13
24866,tick05,14:27:13
24867,tick05,14:27:14
24868,tick05,14:27:14
24869,tick05,14:27:15
24870,tick05,14:27:15
24871,tick05,14:27:16
24872,tick05,14:27:16
24873,tick05,14:27:17
24874,tick05,14:27:17
24875,tick05,14:27:18
24876,tick05,14:27:18
24877,tick05,14:27:19
24878,tick05,14:27:19
24879,tick05,14:27:20
24880,tick05,14:27:20
24881,tick05,14:27:21
24882,tick05,14:27:21
24883,tick05,14:27:22
24884,tick05,14:27:22
24885,tick05,14:27:23
24886,tick05,14:27:23
24887,tick05,14:27:24
24888,tick05,14:27:24
24889,tick05,14:27:25
24890,tick05,14:27:25
24891,tick05,14:27:26
24892,tick05,14:27:26
24893,tick05,14:27:27
24894,tick05,14:27:27
24895,tick05,14:27:28
24896,tick05,14:27:28
24897,tick05,14:27:29
24898,tick05,14:27:29
24899,tick05,14:27:30
24900,tick05,14:27:30
24901,tick05,14:27:31
24902,tick05,14:27:31
24903,tick05,14:27:32
24904,tick05,14:27:32
24905,tick05,14:27:33
24906,tick05,14:27:33
24907,tick05,14:27:34
24908,tick05,14:27:34
24909,tick05,14:27:35
24910,tick05,14:27:35
24911,tick05,14:27:36
24912,tick05,14:27:36
24913,tick05,14:27:37
24914,tick05,14:27:37
24915,tick05,14:27:38
24916,tick05,14:27:38
24917,tick05,14:27:39
24918,tick05,14:27:39
24919,tick05,14:27:40
24920,tick05,14:27:40
24921,tick05,14:27:41
24922,tick05,14:27:41
24923,tick05,14:27:42
24924,tick05,14:27:42
24925,tick05,14:27:43
24926,tick05,14:27:43
24927,tick05,14:27:44
24928,tick05,14:27:44
24929,tick05,14:27:45
24930,tick05,14:27:45
24931,tick05,14:27:46
24932,tick05,14:27:46
24933,tick05,14:27:47
24934,tick05,14:27:47
24935,tick05,14:27:48
24936,tick05,14:27:48
24937,tick05,14:27:49
24938,tick05,14:27:49
24939,tick05,14:27:50
24940,tick05,14:27:50
24941,tick05,14:27:51
24942,tick05,14:27:51
24943,tick05,14:27:52
24944,tick05,14:27:52
24945,tick05,14:27:53
24946,tick05,14:27:53
24947,tick05,14:27:54
24948,tick05,14:27:54
24949,tick05,14:27:55
24950,tick05,14:27:55
24951,tick05,14:27:56
24952,tick05,14:27:56
24953,tick05,14:27:57
24954,tick05,14:27:57
24955,tick05,14:27:58
24956,tick05,14:27:58
24957,tick05,14:27:59
24958,tick05,14:27:59
24959,tick05,14:28:00
24960,tick05,14:28:00
24961,tick05,14:28:01
24962,tick05,14:28:01
24963,tick05,14:28:02
24964,tick05,14:28:02
24965,tick05,14:28:03
24966,tick05,14:28:03
24967,tick05,14:28:04
24968,tick05,14:28:04
24969,tick05,14:28:05
24970,tick05,14:28:05
24971,tick05,14:28:06
24972,tick05,14:28:06
24973,tick05,14:28:07
24974,tick05,14:28:07
24975,tick05,14:28:08
24976,tick05,14:28:08
24977,tick05,14:28:09
24978,tick05,14:28:09
24979,tick05,14:28:10
24980,tick05,14:28:10
24981,tick05,14:28:11
24982,tick05,14:28:11
24983,tick05,14:28:12
24984,tick05,14:28:12
24985,tick05,14:28:13
24986,tick05,14:28:13
24987,tick05,14:28:14
24988,tick05,14:28:14
24989,tick05,14:28:15
24990,tick05,14:28:15
24991,tick05,14:28:16
24992,tick05,14:28:16
24993,tick05,14:28:17
24994,tick05,14:28:17
24995,tick05,14:28:18
24996,tick05,14:28:18
24997,tick05,14:28:19
24998,tick05,14:28:19
24999,tick05,14:28:20
25000,tick05,14:28:20
25001,tick05,14:28:21
25002,tick05,14:28:21
25003,tick05,14:28:22
25004,tick05,14:28:22
25005,tick05,14:28:23
25006,tick05,14:28:23
25007,tick05,14:28:24
25008,tick05,14:28:24
25009,tick05,14:28:25
25010,tick05,14:28:25
25011,tick05,14:28:26
25012,tick05,14:28:26
25013,tick05,14:28:27
25014,tick05,14:28:27
25015,tick05,14:28:28
25016,tick05,14:28:28
25017,tick05,14:28:29
25018,tick05,14:28:29
25019,tick05,14:28:30
25020,tick05,14:28:30
25021,tick05,14:28:31
25022,tick05,14:28:31
25023,tick05,14:28:32
25024,tick05,14:28:32
25025,tick05,14:28:33
25026,tick05,14:28:33
25027,tick05,14:28:34
25028,tick05,14:28:34
25029,tick05,14:28:35
25030,tick05,14:28:35
25031,tick05,14:28:36
25032,tick05,14:28:36
25033,tick05,14:28:37
25034,tick05,14:28:37
25035,tick05,14:28:38
25036,tick05,14:28:38
25037,tick05,14:28:39
25038,tick05,14:28:39
25039,tick05,14:28:40
25040,tick05,14:28:40
25041,tick05,14:28:41
25042,tick05,14:28:41
25043,tick05,14:28:42
25044,tick05,14:28:42
25045,tick05,14:28:43
25046,tick05,14:28:43
25047,tick05,14:28:44
25048,tick05,14:28:44
25049,tick05,14:28:45
25050,tick05,14:28:45
25051,tick05,14:28:46
25052,tick05,14:28:46
25053,tick05,14:28:47
25054,tick05,14:28:47
25055,tick05,14:28:48
25056,tick05,14:28:48
25057,tick05,14:28:49
25058,tick05,14:28:49
25059,tick05,14:28:50
25060,tick05,14:28:50
25061,tick05,14:28:51
25062,tick05,14:28:51
25063,tick05,14:28:52
25064,tick05,14:28:52
25065,tick05,14:28:53
25066,tick05,14:28:53
25067,tick05,14:28:54
25068,tick05,14:28:54
25069,tick05,14:28:55
25070,tick05,14:28:55
25071,tick05,14:28:56
25072,tick05,14:28:56
25073,tick05,14:28:57
25074,tick05,14:28:57
25075,tick05,14:28:58
25076,tick05,14:28:58
25077,tick05,14:28:59
25078,tick05,14:28:59
25079,tick05,14:29:00
25080,tick05,14:29:00
25081,tick05,14:29:01
25082,tick05,14:29:01
25083,tick05,14:29:02
25084,tick05,14:29:02
25085,tick05,14:29:03
25086,tick05,14:29:03
25087,tick05,14:29:04
25088,tick05,14:29:04
25089,tick05,14:29:05
25090,tick05,14:29:05
25091,tick05,14:29:06
25092,tick05,14:29:06
25093,tick05,14:29:07
25094,tick05,14:29:07
25095,tick05,14:29:08
25096,tick05,14:29:08
25097,tick05,14:29:09
25098,tick05,14:29:09
25099,tick05,14:29:10
25100,tick05,14:29:10
25101,tick05,14:29:11
25102,tick05,14:29:11
25103,tick05,14:29:12
25104,tick05,14:29:12
25105,tick05,14:29:13
25106,tick05,14:29:13
25107,tick05,14:29:14
25108,tick05,14:29:14
25109,tick05,14:29:15
25110,tick05,14:29:15
25111,tick05,14:29:16
25112,tick05,14:29:16
25113,tick05,14:29:17
25114,tick05,14:29:17
25115,tick05,14:29:18
25116,tick05,14:29:18
25117,tick05,14:29:19
25118,tick05,14:29:19
25119,tick05,14:29:20
25120,tick05,14:29:20
25121,tick05,14:29:21
25122,tick05,14:29:21
25123,tick05,14:29:22
25124,tick05,14:29:22
25125,tick05,14:29:23
25126,tick05,14:29:23
25127,tick05,14:29:24
25128,tick05,14:29:24
25129,tick05,14:29:25
25130,tick05,14:29:25
25131,tick05,14:29:26
25132,tick05,14:29:26
25133,tick05,14:29:27
25134,tick05,14:29:27
25135,tick05,14:29:28
25136,tick05,14:29:28
25137,tick05,14:29:29
25138,tick05,14:29:29
25139,tick05,14:29:30
25140,tick05,14:29:30
25141,tick05,14:29:31
25142,tick05,14:29:31
25143,tick05,14:29:32
25144,tick05,14:29:32
25145,tick05,14:29:33
25146,tick05,14:29:33
25147,tick05,14:29:34
25148,tick05,14:29:34
25149,tick05,14:29:35
25150,tick05,14:29:35
25151,tick05,14:29:36
25152,tick05,14:29:36
25153,tick05,14:29:37
25154,tick05,14:29:37
25155,tick05,14:29:38
25156,tick05,14:29:38
25157,tick05,14:29:39
25158,tick05,14:29:39
25159,tick05,14:29:40
25160,tick05,14:29:40
25161,tick05,14:29:41
25162,tick05,14:29:41
25163,tick05,14:29:42
25164,tick05,14:29:42
25165,tick05,14:29:43
25166,tick05,14:29:43
25167,tick05,14:29:44
25168,tick05,14:29:44
25169,tick05,14:29:45
25170,tick05,14:29:45
25171,tick05,14:29:46
25172,tick05,14:29:46
25173,tick05,14:29:47
25174,tick05,14:29:47
25175,tick05,14:29:48
25176,tick05,14:29:48
25177,tick05,14:29:49
25178,tick05,14:29:49
25179,tick05,14:29:50
25180,tick05,14:29:50
25181,tick05,14:29:51
25182,tick05,14:29:51
25183,tick05,14:29:52
25184,tick05,14:29:52
25185,tick05,14:29:53
25186,tick05,14:29:53
25187,tick05,14:29:54
25188,tick05,14:29:54
25189,tick05,14:29:55
25190,tick05,14:29:55
25191,tick05,14:29:56
25192,tick05,14:29:56
25193,tick05,14:29:57
25194,tick05,14:29:57
25195,tick05,14:29:58
25196,tick05,14:29:58
25197,tick05,14:29:59
25198,tick05,14:29:59
25199,tick05,14:30:00
25200,tick05,14:30:00
25201,tick05,14:30:01
25202,tick05,14:30:01
25203,tick05,14:30:02
25204,tick05,14:30:02
25205,tick05,14:30:03
25206,tick05,14:30:03
25207,tick05,14:30:04
25208,tick05,14:30:04
25209,tick05,14:30:05
25210,tick05,14:30:05
25211,tick05,14:30:06
25212,tick05,14:30:06
25213,tick05,14:30:07
25214,tick05,14:30:07
25215,tick05,14:30:08
25216,tick05,14:30:08
25217,tick05,14:30:09
25218,tick05,14:30:09
25219,tick05,14:30:10
25220,tick05,14:30:10
25221,tick05,14:30:11
25222,tick05,14:30:11
25223,tick05,14:30:12
25224,tick05,14:30:12
25225,tick05,14:30:13
25226,tick05,14:30:13
25227,tick05,14:30:14
25228,tick05,14:30:14
25229,tick05,14:30:15
25230,tick05,14:30:15
25231,tick05,14:30:16
25232,tick05,14:30:16
25233,tick05,14:30:17
25234,tick05,14:30:17
25235,tick05,14:30:18
25236,tick05,14:30:18
25237,tick05,14:30:19
25238,tick05,14:30:19
25239,tick05,14:30:20
25240,tick05,14:30:20
25241,tick05,14:30:21
25242,tick05,14:30:21
25243,tick05,14:30:22
25244,tick05,14:30:22
25245,tick05,14:30:23
25246,tick05,14:30:23
25247,tick05,14:30:24
25248,tick05,14:30:24
25249,tick05,14:30:25
25250,tick05,14:30:25
25251,tick05,14:30:26
25252,tick05,14:30:26
25253,tick05,14:30:27
25254,tick05,14:30:27
25255,tick05,14:30:28
25256,tick05,14:30:28
25257,tick05,14:30:29
25258,tick05,14:30:29
25259,tick05,14:30:30
25260,tick05,14:30:30
25261,tick05,14:30:31
25262,tick05,14:30:31
25263,tick05,14:30:32
25264,tick05,14:30:32
25265,tick05,14:30:33
25266,tick05,14:30:33
25267,tick05,14:30:34
25268,tick05,14:30:34
25269,tick05,14:30:35
25270,tick05,14:30:35
25271,tick05,14:30:36
25272,tick05,14:30:36
25273,tick05,14:30:37
25274,tick05,14:30:37
25275,tick05,14:30:38
25276,tick05,14:30:38
25277,tick05,14:30:39
25278,tick05,14:30:39
25279,tick05,14:30:40
25280,tick05,14:30:40
25281,tick05,14:30:41
25282,tick05,14:30:41
25283,tick05,14:30:42
25284,tick05,14:30:42
25285,tick05,14:30:43
25286,tick05,14:30:43
25287,tick05,14:30:44
25288,tick05,14:30:44
25289,tick05,14:30:45
25290,tick05,14:30:45
25291,tick05,14:30:46
25292,tick05,14:30:46
25293,tick05,14:30:47
25294,tick05,14:30:47
25295,tick05,14:30:48
25296,tick05,14:30:48
25297,tick05,14:30:49
25298,tick05,14:30:49
25299,tick05,14:30:50
25300,tick05,14:30:50
25301,tick05,14:30:51
25302,tick05,14:30:51
25303,tick05,14:30:52
25304,tick05,14:30:52
25305,tick05,14:30:53
25306,tick05,14:30:53
25307,tick05,14:30:54
25308,tick05,14:30:54
25309,tick05,14:30:55
25310,tick05,14:30:55
25311,tick05,14:30:56
25312,tick05,14:30:56
25313,tick05,14:30:57
25314,tick05,14:30:57
25315,tick05,14:30:58
25316,tick05,14:30:58
25317,tick05,14:30:59
25318,tick05,14:30:59
25319,tick05,14:31:00
25320,tick05,14:31:00
25321,tick05,14:31:01
25322,tick05,14:31:01
25323,tick05,14:31:02
25324,tick05,14:31:02
25325,tick05,14:31:03
25326,tick05,14:31:03
25327,tick05,14:31:04
25328,tick05,14:31:04
25329,tick05,14:31:05
25330,tick05,14:31:05
25331,tick05,14:31:06
25332,tick05,14:31:06
25333,tick05,14:31:07
25334,tick05,14:31:07
25335,tick05,14:31:08
25336,tick05,14:31:08
25337,tick05,14:31:09
25338,tick05,14:31:09
25339,tick05,14:31:10
25340,tick05,14:31:10
25341,tick05,14:31:11
25342,tick05,14:31:11
25343,tick05,14:31:12
25344,tick05,14:31:12
25345,tick05,14:31:13
25346,tick05,14:31:13
25347,tick05,14:31:14
25348,tick05,14:31:14
25349,tick05,14:31:15
25350,tick05,14:31:15
25351,tick05,14:31:16
25352,tick05,14:31:16
25353,tick05,14:31:17
25354,tick05,14:31:17
25355,tick05,14:31:18
25356,tick05,14:31:18
25357,tick05,14:31:19
25358,tick05,14:31:19
25359,tick05,14:31:20
25360,tick05,14:31:20
25361,tick05,14:31:21
25362,tick05,14:31:21
25363,tick05,14:31:22
25364,tick05,14:31:22
25365,tick05,14:31:23
25366,tick05,14:31:23
25367,tick05,14:31:24
25368,tick05,14:31:24
25369,tick05,14:31:25
25370,tick05,14:31:25
25371,tick05,14:31:26
25372,tick05,14:31:26
25373,tick05,14:31:27
25374,tick05,14:31:27
25375,tick05,14:31:28
25376,tick05,14:31:28
25377,tick05,14:31:29
25378,tick05,14:31:29
25379,tick05,14:31:30
25380,tick05,14:31:30
25381,tick05,14:31:31
25382,tick05,14:31:31
25383,tick05,14:31:32
25384,tick05,14:31:32
25385,tick05,14:31:33
25386,tick05,14:31:33
25387,tick05,14:31:34
25388,tick05,14:31:34
25389,tick05,14:31:35
25390,tick05,14:31:35
25391,tick05,14:31:36
25392,tick05,14:31:36
25393,tick05,14:31:37
25394,tick05,14:31:37
25395,tick05,14:31:38
25396,tick05,14:31:38
25397,tick05,14:31:39
25398,tick05,14:31:39
25399,tick05,14:31:40
25400,tick05,14:31:40
25401,tick05,14:31:41
25402,tick05,14:31:41
25403,tick05,14:31:42
25404,tick05,14:31:42
25405,tick05,14:31:43
25406,tick05,14:31:43
25407,tick05,14:31:44
25408,tick05,14:31:44
25409,tick05,14:31:45
25410,tick05,14:31:45
25411,tick05,14:31:46
25412,tick05,14:31:46
25413,tick05,14:31:47
25414,tick05,14:31:47
25415,tick05,14:31:48
25416,tick05,14:31:48
25417,tick05,14:31:49
25418,tick05,14:31:49
25419,tick05,14:31:50
25420,tick05,14:31:50
25421,tick05,14:31:51
25422,tick05,14:31:51
25423,tick05,14:31:52
25424,tick05,14:31:52
25425,tick05,14:31:53
25426,tick05,14:31:53
25427,tick05,14:31:54
25428,tick05,14:31:54
25429,tick05,14:31:55
25430,tick05,14:31:55
25431,tick05,14:31:56
25432,tick05,14:31:56
25433,tick05,14:31:57
25434,tick05,14:31:57
25435,tick05,14:31:58
25436,tick05,14:31:58
25437,tick05,14:31:59
25438,tick05,14:31:59
25439,tick05,14:32:00
25440,tick05,14:32:00
25441,tick05,14:32:01
25442,tick05,14:32:01
25443,tick05,14:32:02
25444,tick05,14:32:02
25445,tick05,14:32:03
25446,tick05,14:32:03
25447,tick05,14:32:04
25448,tick05,14:32:04
25449,tick05,14:32:05
25450,tick05,14:32:05
25451,tick05,14:32:06
25452,tick05,14:32:06
25453,tick05,14:32:07
25454,tick05,14:32:07
25455,tick05,14:32:08
25456,tick05,14:32:08
25457,tick05,14:32:09
25458,tick05,14:32:09
25459,tick05,14:32:10
25460,tick05,14:32:10
25461,tick05,14:32:11
25462,tick05,14:32:11
25463,tick05,14:32:12
25464,tick05,14:32:12
25465,tick05,14:32:13
25466,tick05,14:32:13
25467,tick05,14:32:14
25468,tick05,14:32:14
25469,tick05,14:32:15
25470,tick05,14:32:15
25471,tick05,14:32:16
25472,tick05,14:32:16
25473,tick05,14:32:17
25474,tick05,14:32:17
25475,tick05,14:32:18
25476,tick05,14:32:18
25477,tick05,14:32:19
25478,tick05,14:32:19
25479,tick05,14:32:20
25480,tick05,14:32:20
25481,tick05,14:32:21
25482,tick05,14:32:21
25483,tick05,14:32:22
25484,tick05,14:32:22
25485,tick05,14:32:23
25486,tick05,14:32:23
25487,tick05,14:32:24
25488,tick05,14:32:24
25489,tick05,14:32:25
25490,tick05,14:32:25
25491,tick05,14:32:26
25492,tick05,14:32:26
25493,tick05,14:32:27
25494,tick05,14:32:27
25495,tick05,14:32:28
25496,tick05,14:32:28
25497,tick05,14:32:29
25498,tick05,14:32:29
25499,tick05,14:32:30
25500,tick05,14:32:30
25501,tick05,14:32:31
25502,tick05,14:32:31
25503,tick05,14:32:32
25504,tick05,14:32:32
25505,tick05,14:32:33
25506,tick05,14:32:33
25507,tick05,14:32:34
25508,tick05,14:32:34
25509,tick05,14:32:35
25510,tick05,14:32:35
25511,tick05,14:32:36
25512,tick05,14:32:36
25513,tick05,14:32:37
25514,tick05,14:32:37
25515,tick05,14:32:38
25516,tick05,14:32:38
25517,tick05,14:32:39
25518,tick05,14:32:39
25519,tick05,14:32:40
25520,tick05,14:32:40
25521,tick05,14:32:41
25522,tick05,14:32:41
25523,tick05,14:32:42
25524,tick05,14:32:42
25525,tick05,14:32:43
25526,tick05,14:32:43
25527,tick05,14:32:44
25528,tick05,14:32:44
25529,tick05,14:32:45
25530,tick05,14:32:45
25531,tick05,14:32:46
25532,tick05,14:32:46
25533,tick05,14:32:47
25534,tick05,14:32:47
25535,tick05,14:32:48
25536,tick05,14:32:48
25537,tick05,14:32:49
25538,tick05,14:32:49
25539,tick05,14:32:50
25540,tick05,14:32:50
25541,tick05,14:32:51
25542,tick05,14:32:51
25543,tick05,14:32:52
25544,tick05,14:32:52
25545,tick05,14:32:53
25546,tick05,14:32:53
25547,tick05,14:32:54
25548,tick05,14:32:54
25549,tick05,14:32:55
25550,tick05,14:32:55
25551,tick05,14:32:56
25552,tick05,14:32:56
25553,tick05,14:32:57
25554,tick05,14:32:57
25555,tick05,14:32:58
25556,tick05,14:32:58
25557,tick05,14:32:59
25558,tick05,14:32:59
25559,tick05,14:33:00
25560,tick05,14:33:00
25561,tick05,14:33:01
25562,tick05,14:33:01
25563,tick05,14:33:02
25564,tick05,14:33:02
25565,tick05,14:33:03
25566,tick05,14:33:03
25567,tick05,14:33:04
25568,tick05,14:33:04
25569,tick05,14:33:05
25570,tick05,14:33:05
25571,tick05,14:33:06
25572,tick05,14:33:06
25573,tick05,14:33:07
25574,tick05,14:33:07
25575,tick05,14:33:08
25576,tick05,14:33:08
25577,tick05,14:33:09
25578,tick05,14:33:09
25579,tick05,14:33:10
25580,tick05,14:33:10
25581,tick05,14:33:11
25582,tick05,14:33:11
25583,tick05,14:33:12
25584,tick05,14:33:12
25585,tick05,14:33:13
25586,tick05,14:33:13
25587,tick05,14:33:14
25588,tick05,14:33:14
25589,tick05,14:33:15
25590,tick05,14:33:15
25591,tick05,14:33:16
25592,tick05,14:33:16
25593,tick05,14:33:17
25594,tick05,14:33:17
25595,tick05,14:33:18
25596,tick05,14:33:18
25597,tick05,14:33:19
25598,tick05,14:33:19
25599,tick05,14:33:20
25600,tick05,14:33:20
25601,tick05,14:33:21
25602,tick05,14:33:21
25603,tick05,14:33:22
25604,tick05,14:33:22
25605,tick05,14:33:23
25606,tick05,14:33:23
25607,tick05,14:33:24
25608,tick05,14:33:24
25609,tick05,14:33:25
25610,tick05,14:33:25
25611,tick05,14:33:26
25612,tick05,14:33:26
25613,tick05,14:33:27
25614,tick05,14:33:27
25615,tick05,14:33:28
25616,tick05,14:33:28
25617,tick05,14:33:29
25618,tick05,14:33:29
25619,tick05,14:33:30
25620,tick05,14:33:30
25621,tick05,14:33:31
25622,tick05,14:33:31
25623,tick05,14:33:32
25624,tick05,14:33:32
25625,tick05,14:33:33
25626,tick05,14:33:33
25627,tick05,14:33:34
25628,tick05,14:33:34
25629,tick05,14:33:35
25630,tick05,14:33:35
25631,tick05,14:33:36
25632,tick05,14:33:36
25633,tick05,14:33:37
25634,tick05,14:33:37
25635,tick05,14:33:38
25636,tick05,14:33:38
25637,tick05,14:33:39
25638,tick05,14:33:39
25639,tick05,14:33:40
25640,tick05,14:33:40
25641,tick05,14:33:41
25642,tick05,14:33:41
25643,tick05,14:33:42
25644,tick05,14:33:42
25645,tick05,14:33:43
25646,tick05,14:33:43
25647,tick05,14:33:44
25648,tick05,14:33:44
25649,tick05,14:33:45
25650,tick05,14:33:45
25651,tick05,14:33:46
25652,tick05,14:33:46
25653,tick05,14:33:47
25654,tick05,14:33:47
25655,tick05,14:33:48
25656,tick05,14:33:48
25657,tick05,14:33:49
25658,tick05,14:33:49
25659,tick05,14:33:50
25660,tick05,14:33:50
25661,tick05,14:33:51
25662,tick05,14:33:51
25663,tick05,14:33:52
25664,tick05,14:33:52
25665,tick05,14:33:53
25666,tick05,14:33:53
25667,tick05,14:33:54
25668,tick05,14:33:54
25669,tick05,14:33:55
25670,tick05,14:33:55
25671,tick05,14:33:56
25672,tick05,14:33:56
25673,tick05,14:33:57
25674,tick05,14:33:57
25675,tick05,14:33:58
25676,tick05,14:33:58
25677,tick05,14:33:59
25678,tick05,14:33:59
25679,tick05,14:34:00
25680,tick05,14:34:00
25681,tick05,14:34:01
25682,tick05,14:34:01
25683,tick05,14:34:02
25684,tick05,14:34:02
25685,tick05,14:34:03
25686,tick05,14:34:03
25687,tick05,14:34:04
25688,tick05,14:34:04
25689,tick05,14:34:05
25690,tick05,14:34:05
25691,tick05,14:34:06
25692,tick05,14:34:06
25693,tick05,14:34:07
25694,tick05,14:34:07
25695,tick05,14:34:08
25696,tick05,14:34:08
25697,tick05,14:34:09
25698,tick05,14:34:09
25699,tick05,14:34:10
25700,tick05,14:34:10
25701,tick05,14:34:11
25702,tick05,14:34:11
25703,tick05,14:34:12
25704,tick05,14:34:12
25705,tick05,14:34:13
25706,tick05,14:34:13
25707,tick05,14:34:14
25708,tick05,14:34:14
25709,tick05,14:34:15
25710,tick05,14:34:15
25711,tick05,14:34:16
25712,tick05,14:34:16
25713,tick05,14:34:17
25714,tick05,14:34:17
25715,tick05,14:34:18
25716,tick05,14:34:18
25717,tick05,14:34:19
25718,tick05,14:34:19
25719,tick05,14:34:20
25720,tick05,14:34:20
25721,tick05,14:34:21
25722,tick05,14:34:21
25723,tick05,14:34:22
25724,tick05,14:34:22
25725,tick05,14:34:23
25726,tick05,14:34:23
25727,tick05,14:34:24
25728,tick05,14:34:24
25729,tick05,14:34:25
25730,tick05,14:34:25
25731,tick05,14:34:26
25732,tick05,14:34:26
25733,tick05,14:34:27
25734,tick05,14:34:27
25735,tick05,14:34:28
25736,tick05,14:34:28
25737,tick05,14:34:29
25738,tick05,14:34:29
25739,tick05,14:34:30
25740,tick05,14:34:30
25741,tick05,14:34:31
25742,tick05,14:34:31
25743,tick05,14:34:32
25744,tick05,14:34:32
25745,tick05,14:34:33
25746,tick05,14:34:33
25747,tick05,14:34:34
25748,tick05,14:34:34
25749,tick05,14:34:35
25750,tick05,14:34:35
25751,tick05,14:34:36
25752,tick05,14:34:36
25753,tick05,14:34:37
25754,tick05,14:34:37
25755,tick05,14:34:38
25756,tick05,14:34:38
25757,tick05,14:34:39
25758,tick05,14:34:39
25759,tick05,14:34:40
25760,tick05,14:34:40
25761,tick05,14:34:41
25762,tick05,14:34:41
25763,tick05,14:34:42
25764,tick05,14:34:42
25765,tick05,14:34:43
25766,tick05,14:34:43
25767,tick05,14:34:44
25768,tick05,14:34:44
25769,tick05,14:34:45
25770,tick05,14:34:45
25771,tick05,14:34:46
25772,tick05,14:34:46
25773,tick05,14:34:47
25774,tick05,14:34:47
25775,tick05,14:34:48
25776,tick05,14:34:48
25777,tick05,14:34:49
25778,tick05,14:34:49
25779,tick05,14:34:50
25780,tick05,14:34:50
25781,tick05,14:34:51
25782,tick05,14:34:51
25783,tick05,14:34:52
25784,tick05,14:34:52
25785,tick05,14:34:53
25786,tick05,14:34:53
25787,tick05,14:34:54
25788,tick05,14:34:54
25789,tick05,14:34:55
25790,tick05,14:34:55
25791,tick05,14:34:56
25792,tick05,14:34:56
25793,tick05,14:34:57
25794,tick05,14:34:57
25795,tick05,14:34:58
25796,tick05,14:34:58
25797,tick05,14:34:59
25798,tick05,14:34:59
25799,tick05,14:35:00
25800,tick05,14:35:00
25801,tick05,14:35:01
25802,tick05,14:35:01
25803,tick05,14:35:02
25804,tick05,14:35:02
25805,tick05,14:35:03
25806,tick05,14:35:03
25807,tick05,14:35:04
25808,tick05,14:35:04
25809,tick05,14:35:05
25810,tick05,14:35:05
25811,tick05,14:35:06
25812,tick05,14:35:06
25813,tick05,14:35:07
25814,tick05,14:35:07
25815,tick05,14:35:08
25816,tick05,14:35:08
25817,tick05,14:35:09
25818,tick05,14:35:09
25819,tick05,14:35:10
25820,tick05,14:35:10
25821,tick05,14:35:11
25822,tick05,14:35:11
25823,tick05,14:35:12
25824,tick05,14:35:12
25825,tick05,14:35:13
25826,tick05,14:35:13
25827,tick05,14:35:14
25828,tick05,14:35:14
25829,tick05,14:35:15
25830,tick05,14:35:15
25831,tick05,14:35:16
25832,tick05,14:35:16
25833,tick05,14:35:17
25834,tick05,14:35:17
25835,tick05,14:35:18
25836,tick05,14:35:18
25837,tick05,14:35:19
25838,tick05,14:35:19
25839,tick05,14:35:20
25840,tick05,14:35:20
25841,tick05,14:35:21
25842,tick05,14:35:21
25843,tick05,14:35:22
25844,tick05,14:35:22
25845,tick05,14:35:23
25846,tick05,14:35:23
25847,tick05,14:35:24
25848,tick05,14:35:24
25849,tick05,14:35:25
25850,tick05,14:35:25
25851,tick05,14:35:26
25852,tick05,14:35:26
25853,tick05,14:35:27
25854,tick05,14:35:27
25855,tick05,14:35:28
25856,tick05,14:35:28
25857,tick05,14:35:29
25858,tick05,14:35:29
25859,tick05,14:35:30
25860,tick05,14:35:30
25861,tick05,14:35:31
25862,tick05,14:35:31
25863,tick05,14:35:32
25864,tick05,14:35:32
25865,tick05,14:35:33
25866,tick05,14:35:33
25867,tick05,14:35:34
25868,tick05,14:35:34
25869,tick05,14:35:35
25870,tick05,14:35:35
25871,tick05,14:35:36
25872,tick05,14:35:36
25873,tick05,14:35:37
25874,tick05,14:35:37
25875,tick05,14:35:38
25876,tick05,14:35:38
25877,tick05,14:35:39
25878,tick05,14:35:39
25879,tick05,14:35:40
25880,tick05,14:35:40
25881,tick05,14:35:41
25882,tick05,14:35:41
25883,tick05,14:35:42
25884,tick05,14:35:42
25885,tick05,14:35:43
25886,tick05,14:35:43
25887,tick05,14:35:44
25888,tick05,14:35:44
25889,tick05,14:35:45
25890,tick05,14:35:45
25891,tick05,14:35:46
25892,tick05,14:35:46
25893,tick05,14:35:47
25894,tick05,14:35:47
25895,tick05,14:35:48
25896,tick05,14:35:48
25897,tick05,14:35:49
25898,tick05,14:35:49
25899,tick05,14:35:50
25900,tick05,14:35:50
25901,tick05,14:35:51
25902,tick05,14:35:51
25903,tick05,14:35:52
25904,tick05,14:35:52
25905,tick05,14:35:53
25906,tick05,14:35:53
25907,tick05,14:35:54
25908,tick05,14:35:54
25909,tick05,14:35:55
25910,tick05,14:35:55
25911,tick05,14:35:56
25912,tick05,14:35:56
25913,tick05,14:35:57
25914,tick05,14:35:57
25915,tick05,14:35:58
25916,tick05,14:35:58
25917,tick05,14:35:59
25918,tick05,14:35:59
25919,tick05,14:36:00
25920,tick05,14:36:00
25921,tick05,14:36:01
25922,tick05,14:36:01
25923,tick05,14:36:02
25924,tick05,14:36:02
25925,tick05,14:36:03
25926,tick05,14:36:03
25927,tick05,14:36:04
25928,tick05,14:36:04
25929,tick05,14:36:05
25930,tick05,14:36:05
25931,tick05,14:36:06
25932,tick05,14:36:06
25933,tick05,14:36:07
25934,tick05,14:36:07
25935,tick05,14:36:08
25936,tick05,14:36:08
25937,tick05,14:36:09
25938,tick05,14:36:09
25939,tick05,14:36:10
25940,tick05,14:36:10
25941,tick05,14:36:11
25942,tick05,14:36:11
25943,tick05,14:36:12
25944,tick05,14:36:12
25945,tick05,14:36:13
25946,tick05,14:36:13
25947,tick05,14:36:14
25948,tick05,14:36:14
25949,tick05,14:36:15
25950,tick05,14:36:15
25951,tick05,14:36:16
25952,tick05,14:36:16
25953,tick05,14:36:17
25954,tick05,14:36:17
25955,tick05,14:36:18
25956,tick05,14:36:18
25957,tick05,14:36:19
25958,tick05,14:36:19
25959,tick05,14:36:20
25960,tick05,14:36:20
25961,tick05,14:36:21
25962,tick05,14:36:21
25963,tick05,14:36:22
25964,tick05,14:36:22
25965,tick05,14:36:23
25966,tick05,14:36:23
25967,tick05,14:36:24
25968,tick05,14:36:24
25969,tick05,14:36:25
25970,tick05,14:36:25
25971,tick05,14:36:26
25972,tick05,14:36:26
25973,tick05,14:36:27
25974,tick05,14:36:27
25975,tick05,14:36:28
25976,tick05,14:36:28
25977,tick05,14:36:29
25978,tick05,14:36:29
25979,tick05,14:36:30
25980,tick05,14:36:30
25981,tick05,14:36:31
25982,tick05,14:36:31
25983,tick05,14:36:32
25984,tick05,14:36:32
25985,tick05,14:36:33
25986,tick05,14:36:33
25987,tick05,14:36:34
25988,tick05,14:36:34
25989,tick05,14:36:35
25990,tick05,14:36:35
25991,tick05,14:36:36
25992,tick05,14:36:36
25993,tick05,14:36:37
25994,tick05,14:36:37
25995,tick05,14:36:38
25996,tick05,14:36:38
25997,tick05,14:36:39
25998,tick05,14:36:39
25999,tick05,14:36:40
26000,tick05,14:36:40
26001,tick05,14:36:41
26002,tick05,14:36:41
26003,tick05,14:36:42
26004,tick05,14:36:42
26005,tick05,14:36:43
26006,tick05,14:36:43
26007,tick05,14:36:44
26008,tick05,14:36:44
26009,tick05,14:36:45
26010,tick05,14:36:45
26011,tick05,14:36:46
26012,tick05,14:36:46
26013,tick05,14:36:47
26014,tick05,14:36:47
26015,tick05,14:36:48
26016,tick05,14:36:48
26017,tick05,14:36:49
26018,tick05,14:36:49
26019,tick05,14:36:50
26020,tick05,14:36:50
26021,tick05,14:36:51
26022,tick05,14:36:51
26023,tick05,14:36:52
26024,tick05,14:36:52
26025,tick05,14:36:53
26026,tick05,14:36:53
26027,tick05,14:36:54
26028,tick05,14:36:54
26029,tick05,14:36:55
26030,tick05,14:36:55
26031,tick05,14:36:56
26032,tick05,14:36:56
26033,tick05,14:36:57
26034,tick05,14:36:57
26035,tick05,14:36:58
26036,tick05,14:36:58
26037,tick05,14:36:59
26038,tick05,14:36:59
26039,tick05,14:37:00
26040,tick05,14:37:00
26041,tick05,14:37:01
26042,tick05,14:37:01
26043,tick05,14:37:02
26044,tick05,14:37:02
26045,tick05,14:37:03
26046,tick05,14:37:03
26047,tick05,14:37:04
26048,tick05,14:37:04
26049,tick05,14:37:05
26050,tick05,14:37:05
26051,tick05,14:37:06
26052,tick05,14:37:06
26053,tick05,14:37:07
26054,tick05,14:37:07
26055,tick05,14:37:08
26056,tick05,14:37:08
26057,tick05,14:37:09
26058,tick05,14:37:09
26059,tick05,14:37:10
26060,tick05,14:37:10
26061,tick05,14:37:11
26062,tick05,14:37:11
26063,tick05,14:37:12
26064,tick05,14:37:12
26065,tick05,14:37:13
26066,tick05,14:37:13
26067,tick05,14:37:14
26068,tick05,14:37:14
26069,tick05,14:37:15
26070,tick05,14:37:15
26071,tick05,14:37:16
26072,tick05,14:37:16
26073,tick05,14:37:17
26074,tick05,14:37:17
26075,tick05,14:37:18
26076,tick05,14:37:18
26077,tick05,14:37:19
26078,tick05,14:37:19
26079,tick05,14:37:20
26080,tick05,14:37:20
26081,tick05,14:37:21
26082,tick05,14:37:21
26083,tick05,14:37:22
26084,tick05,14:37:22
26085,tick05,14:37:23
26086,tick05,14:37:23
26087,tick05,14:37:24
26088,tick05,14:37:24
26089,tick05,14:37:25
26090,tick05,14:37:25
26091,tick05,14:37:26
26092,tick05,14:37:26
26093,tick05,14:37:27
26094,tick05,14:37:27
26095,tick05,14:37:28
26096,tick05,14:37:28
26097,tick05,14:37:29
26098,tick05,14:37:29
26099,tick05,14:37:30
26100,tick05,14:37:30
26101,tick05,14:37:31
26102,tick05,14:37:31
26103,tick05,14:37:32
26104,tick05,14:37:32
26105,tick05,14:37:33
26106,tick05,14:37:33
26107,tick05,14:37:34
26108,tick05,14:37:34
26109,tick05,14:37:35
26110,tick05,14:37:35
26111,tick05,14:37:36
26112,tick05,14:37:36
26113,tick05,14:37:37
26114,tick05,14:37:37
26115,tick05,14:37:38
26116,tick05,14:37:38
26117,tick05,14:37:39
26118,tick05,14:37:39
26119,tick05,14:37:40
26120,tick05,14:37:40
26121,tick05,14:37:41
26122,tick05,14:37:41
26123,tick05,14:37:42
26124,tick05,14:37:42
26125,tick05,14:37:43
26126,tick05,14:37:43
26127,tick05,14:37:44
26128,tick05,14:37:44
26129,tick05,14:37:45
26130,tick05,14:37:45
26131,tick05,14:37:46
26132,tick05,14:37:46
26133,tick05,14:37:47
26134,tick05,14:37:47
26135,tick05,14:37:48
26136,tick05,14:37:48
26137,tick05,14:37:49
26138,tick05,14:37:49
26139,tick05,14:37:50
26140,tick05,14:37:50
26141,tick05,14:37:51
26142,tick05,14:37:51
26143,tick05,14:37:52
26144,tick05,14:37:52
26145,tick05,14:37:53
26146,tick05,14:37:53
26147,tick05,14:37:54
26148,tick05,14:37:54
26149,tick05,14:37:55
26150,tick05,14:37:55
26151,tick05,14:37:56
26152,tick05,14:37:56
26153,tick05,14:37:57
26154,tick05,14:37:57
26155,tick05,14:37:58
26156,tick05,14:37:58
26157,tick05,14:37:59
26158,tick05,14:37:59
26159,tick05,14:38:00
26160,tick05,14:38:00
26161,tick05,14:38:01
26162,tick05,14:38:01
26163,tick05,14:38:02
26164,tick05,14:38:02
26165,tick05,14:38:03
26166,tick05,14:38:03
26167,tick05,14:38:04
26168,tick05,14:38:04
26169,tick05,14:38:05
26170,tick05,14:38:05
26171,tick05,14:38:06
26172,tick05,14:38:06
26173,tick05,14:38:07
26174,tick05,14:38:07
26175,tick05,14:38:08
26176,tick05,14:38:08
26177,tick05,14:38:09
26178,tick05,14:38:09
26179,tick05,14:38:10
26180,tick05,14:38:10
26181,tick05,14:38:11
26182,tick05,14:38:11
26183,tick05,14:38:12
26184,tick05,14:38:12
26185,tick05,14:38:13
26186,tick05,14:38:13
26187,tick05,14:38:14
26188,tick05,14:38:14
26189,tick05,14:38:15
26190,tick05,14:38:15
26191,tick05,14:38:16
26192,tick05,14:38:16
26193,tick05,14:38:17
26194,tick05,14:38:17
26195,tick05,14:38:18
26196,tick05,14:38:18
26197,tick05,14:38:19
26198,tick05,14:38:19
26199,tick05,14:38:20
26200,tick05,14:38:20
26201,tick05,14:38:21
26202,tick05,14:38:21
26203,tick05,14:38:22
26204,tick05,14:38:22
26205,tick05,14:38:23
26206,tick05,14:38:23
26207,tick05,14:38:24
26208,tick05,14:38:24
26209,tick05,14:38:25
26210,tick05,14:38:25
26211,tick05,14:38:26
26212,tick05,14:38:26
26213,tick05,14:38:27
26214,tick05,14:38:27
26215,tick05,14:38:28
26216,tick05,14:38:28
26217,tick05,14:38:29
26218,tick05,14:38:29
26219,tick05,14:38:30
26220,tick05,14:38:30
26221,tick05,14:38:31
26222,tick05,14:38:31
26223,tick05,14:38:32
26224,tick05,14:38:32
26225,tick05,14:38:33
26226,tick05,14:38:33
26227,tick05,14:38:34
26228,tick05,14:38:34
26229,tick05,14:38:35
26230,tick05,14:38:35
26231,tick05,14:38:36
26232,tick05,14:38:36
26233,tick05,14:38:37
26234,tick05,14:38:37
26235,tick05,14:38:38
26236,tick05,14:38:38
26237,tick05,14:38:39
26238,tick05,14:38:39
26239,tick05,14:38:40
26240,tick05,14:38:40
26241,tick05,14:38:41
26242,tick05,14:38:41
26243,tick05,14:38:42
26244,tick05,14:38:42
26245,tick05,14:38:43
26246,tick05,14:38:43
26247,tick05,14:38:44
26248,tick05,14:38:44
26249,tick05,14:38:45
26250,tick05,14:38:45
26251,tick05,14:38:46
26252,tick05,14:38:46
26253,tick05,14:38:47
26254,tick05,14:38:47
26255,tick05,14:38:48
26256,tick05,14:38:48
26257,tick05,14:38:49
26258,tick05,14:38:49
26259,tick05,14:38:50
26260,tick05,14:38:50
26261,tick05,14:38:51
26262,tick05,14:38:51
26263,tick05,14:38:52
26264,tick05,14:38:52
26265,tick05,14:38:53
26266,tick05,14:38:53
26267,tick05,14:38:54
26268,tick05,14:38:54
26269,tick05,14:38:55
26270,tick05,14:38:55
26271,tick05,14:38:56
26272,tick05,14:38:56
26273,tick05,14:38:57
26274,tick05,14:38:57
26275,tick05,14:38:58
26276,tick05,14:38:58
26277,tick05,14:38:59
26278,tick05,14:38:59
26279,tick05,14:39:00
26280,tick05,14:39:00
26281,tick05,14:39:01
26282,tick05,14:39:01
26283,tick05,14:39:02
26284,tick05,14:39:02
26285,tick05,14:39:03
26286,tick05,14:39:03
26287,tick05,14:39:04
26288,tick05,14:39:04
26289,tick05,14:39:05
26290,tick05,14:39:05
26291,tick05,14:39:06
26292,tick05,14:39:06
26293,tick05,14:39:07
26294,tick05,14:39:07
26295,tick05,14:39:08
26296,tick05,14:39:08
26297,tick05,14:39:09
26298,tick05,14:39:09
26299,tick05,14:39:10
26300,tick05,14:39:10
26301,tick05,14:39:11
26302,tick05,14:39:11
26303,tick05,14:39:12
26304,tick05,14:39:12
26305,tick05,14:39:13
26306,tick05,14:39:13
26307,tick05,14:39:14
26308,tick05,14:39:14
26309,tick05,14:39:15
26310,tick05,14:39:15
26311,tick05,14:39:16
26312,tick05,14:39:16
26313,tick05,14:39:17
26314,tick05,14:39:17
26315,tick05,14:39:18
26316,tick05,14:39:18
26317,tick05,14:39:19
26318,tick05,14:39:19
26319,tick05,14:39:20
26320,tick05,14:39:20
26321,tick05,14:39:21
26322,tick05,14:39:21
26323,tick05,14:39:22
26324,tick05,14:39:22
26325,tick05,14:39:23
26326,tick05,14:39:23
26327,tick05,14:39:24
26328,tick05,14:39:24
26329,tick05,14:39:25
26330,tick05,14:39:25
26331,tick05,14:39:26
26332,tick05,14:39:26
26333,tick05,14:39:27
26334,tick05,14:39:27
26335,tick05,14:39:28
26336,tick05,14:39:28
26337,tick05,14:39:29
26338,tick05,14:39:29
26339,tick05,14:39:30
26340,tick05,14:39:30
26341,tick05,14:39:31
26342,tick05,14:39:31
26343,tick05,14:39:32
26344,tick05,14:39:32
26345,tick05,14:39:33
26346,tick05,14:39:33
26347,tick05,14:39:34
26348,tick05,14:39:34
26349,tick05,14:39:35
26350,tick05,14:39:35
26351,tick05,14:39:36
26352,tick05,14:39:36
26353,tick05,14:39:37
26354,tick05,14:39:37
26355,tick05,14:39:38
26356,tick05,14:39:38
26357,tick05,14:39:39
26358,tick05,14:39:39
26359,tick05,14:39:40
26360,tick05,14:39:40
26361,tick05,14:39:41
26362,tick05,14:39:41
26363,tick05,14:39:42
26364,tick05,14:39:42
26365,tick05,14:39:43
26366,tick05,14:39:43
26367,tick05,14:39:44
26368,tick05,14:39:44
26369,tick05,14:39:45
26370,tick05,14:39:45
26371,tick05,14:39:46
26372,tick05,14:39:46
26373,tick05,14:39:47
26374,tick05,14:39:47
26375,tick05,14:39:48
26376,tick05,14:39:48
26377,tick05,14:39:49
26378,tick05,14:39:49
26379,tick05,14:39:50
26380,tick05,14:39:50
26381,tick05,14:39:51
26382,tick05,14:39:51
26383,tick05,14:39:52
26384,tick05,14:39:52
26385,tick05,14:39:53
26386,tick05,14:39:53
26387,tick05,14:39:54
26388,tick05,14:39:54
26389,tick05,14:39:55
26390,tick05,14:39:55
26391,tick05,14:39:56
26392,tick05,14:39:56
26393,tick05,14:39:57
26394,tick05,14:39:57
26395,tick05,14:39:58
26396,tick05,14:39:58
26397,tick05,14:39:59
26398,tick05,14:39:59
26399,tick05,14:40:00
26400,tick05,14:40:00
26401,tick05,14:40:01
26402,tick05,14:40:01
26403,tick05,14:40:02
26404,tick05,14:40:02
26405,tick05,14:40:03
26406,tick05,14:40:03
26407,tick05,14:40:04
26408,tick05,14:40:04
26409,tick05,14:40:05
26410,tick05,14:40:05
26411,tick05,14:40:06
26412,tick05,14:40:06
26413,tick05,14:40:07
26414,tick05,14:40:07
26415,tick05,14:40:08
26416,tick05,14:40:08
26417,tick05,14:40:09
26418,tick05,14:40:09
26419,tick05,14:40:10
26420,tick05,14:40:10
26421,tick05,14:40:11
26422,tick05,14:40:11
26423,tick05,14:40:12
26424,tick05,14:40:12
26425,tick05,14:40:13
26426,tick05,14:40:13
26427,tick05,14:40:14
26428,tick05,14:40:14
26429,tick05,14:40:15
26430,tick05,14:40:15
26431,tick05,14:40:16
26432,tick05,14:40:16
26433,tick05,14:40:17
26434,tick05,14:40:17
26435,tick05,14:40:18
26436,tick05,14:40:18
26437,tick05,14:40:19
26438,tick05,14:40:19
26439,tick05,14:40:20
26440,tick05,14:40:20
26441,tick05,14:40:21
26442,tick05,14:40:21
26443,tick05,14:40:22
26444,tick05,14:40:22
26445,tick05,14:40:23
26446,tick05,14:40:23
26447,tick05,14:40:24
26448,tick05,14:40:24
26449,tick05,14:40:25
26450,tick05,14:40:25
26451,tick05,14:40:26
26452,tick05,14:40:26
26453,tick05,14:40:27
26454,tick05,14:40:27
26455,tick05,14:40:28
26456,tick05,14:40:28
26457,tick05,14:40:29
26458,tick05,14:40:29
26459,tick05,14:40:30
26460,tick05,14:40:30
26461,tick05,14:40:31
26462,tick05,14:40:31
26463,tick05,14:40:32
26464,tick05,14:40:32
26465,tick05,14:40:33
26466,tick05,14:40:33
26467,tick05,14:40:34
26468,tick05,14:40:34
26469,tick05,14:40:35
26470,tick05,14:40:35
26471,tick05,14:40:36
26472,tick05,14:40:36
26473,tick05,14:40:37
26474,tick05,14:40:37
26475,tick05,14:40:38
26476,tick05,14:40:38
26477,tick05,14:40:39
26478,tick05,14:40:39
26479,tick05,14:40:40
26480,tick05,14:40:40
26481,tick05,14:40:41
26482,tick05,14:40:41
26483,tick05,14:40:42
26484,tick05,14:40:42
26485,tick05,14:40:43
26486,tick05,14:40:43
26487,tick05,14:40:44
26488,tick05,14:40:44
26489,tick05,14:40:45
26490,tick05,14:40:45
26491,tick05,14:40:46
26492,tick05,14:40:46
26493,tick05,14:40:47
26494,tick05,14:40:47
26495,tick05,14:40:48
26496,tick05,14:40:48
26497,tick05,14:40:49
26498,tick05,14:40:49
26499,tick05,14:40:50
26500,tick05,14:40:50
26501,tick05,14:40:51
26502,tick05,14:40:51
26503,tick05,14:40:52
26504,tick05,14:40:52
26505,tick05,14:40:53
26506,tick05,14:40:53
26507,tick05,14:40:54
26508,tick05,14:40:54
26509,tick05,14:40:55
26510,tick05,14:40:55
26511,tick05,14:40:56
26512,tick05,14:40:56
26513,tick05,14:40:57
26514,tick05,14:40:57
26515,tick05,14:40:58
26516,tick05,14:40:58
26517,tick05,14:40:59
26518,tick05,14:40:59
26519,tick05,14:41:00
26520,tick05,14:41:00
26521,tick05,14:41:01
26522,tick05,14:41:01
26523,tick05,14:41:02
26524,tick05,14:41:02
26525,tick05,14:41:03
26526,tick05,14:41:03
26527,tick05,14:41:04
26528,tick05,14:41:04
26529,tick05,14:41:05
26530,tick05,14:41:05
26531,tick05,14:41:06
26532,tick05,14:41:06
26533,tick05,14:41:07
26534,tick05,14:41:07
26535,tick05,14:41:08
26536,tick05,14:41:08
26537,tick05,14:41:09
26538,tick05,14:41:09
26539,tick05,14:41:10
26540,tick05,14:41:10
26541,tick05,14:41:11
26542,tick05,14:41:11
26543,tick05,14:41:12
26544,tick05,14:41:12
26545,tick05,14:41:13
26546,tick05,14:41:13
26547,tick05,14:41:14
26548,tick05,14:41:14
26549,tick05,14:41:15
26550,tick05,14:41:15
26551,tick05,14:41:16
26552,tick05,14:41:16
26553,tick05,14:41:17
26554,tick05,14:41:17
26555,tick05,14:41:18
26556,tick05,14:41:18
26557,tick05,14:41:19
26558,tick05,14:41:19
26559,tick05,14:41:20
26560,tick05,14:41:20
26561,tick05,14:41:21
26562,tick05,14:41:21
26563,tick05,14:41:22
26564,tick05,14:41:22
26565,tick05,14:41:23
26566,tick05,14:41:23
26567,tick05,14:41:24
26568,tick05,14:41:24
26569,tick05,14:41:25
26570,tick05,14:41:25
26571,tick05,14:41:26
26572,tick05,14:41:26
26573,tick05,14:41:27
26574,tick05,14:41:27
26575,tick05,14:41:28
26576,tick05,14:41:28
26577,tick05,14:41:29
26578,tick05,14:41:29
26579,tick05,14:41:30
26580,tick05,14:41:30
26581,tick05,14:41:31
26582,tick05,14:41:31
26583,tick05,14:41:32
26584,tick05,14:41:32
26585,tick05,14:41:33
26586,tick05,14:41:33
26587,tick05,14:41:34
26588,tick05,14:41:34
26589,tick05,14:41:35
26590,tick05,14:41:35
26591,tick05,14:41:36
26592,tick05,14:41:36
26593,tick05,14:41:37
26594,tick05,14:41:37
26595,tick05,14:41:38
26596,tick05,14:41:38
26597,tick05,14:41:39
26598,tick05,14:41:39
26599,tick05,14:41:40
26600,tick05,14:41:40
26601,tick05,14:41:41
26602,tick05,14:41:41
26603,tick05,14:41:42
26604,tick05,14:41:42
26605,tick05,14:41:43
26606,tick05,14:41:43
26607,tick05,14:41:44
26608,tick05,14:41:44
26609,tick05,14:41:45
26610,tick05,14:41:45
26611,tick05,14:41:46
26612,tick05,14:41:46
26613,tick05,14:41:47
26614,tick05,14:41:47
26615,tick05,14:41:48
26616,tick05,14:41:48
26617,tick05,14:41:49
26618,tick05,14:41:49
26619,tick05,14:41:50
26620,tick05,14:41:50
26621,tick05,14:41:51
26622,tick05,14:41:51
26623,tick05,14:41:52
26624,tick05,14:41:52
26625,tick05,14:41:53
26626,tick05,14:41:53
26627,tick05,14:41:54
26628,tick05,14:41:54
26629,tick05,14:41:55
26630,tick05,14:41:55
26631,tick05,14:41:56
26632,tick05,14:41:56
26633,tick05,14:41:57
26634,tick05,14:41:57
26635,tick05,14:41:58
26636,tick05,14:41:58
26637,tick05,14:41:59
26638,tick05,14:41:59
26639,tick05,14:42:00
26640,tick05,14:42:00
26641,tick05,14:42:01
26642,tick05,14:42:01
26643,tick05,14:42:02
26644,tick05,14:42:02
26645,tick05,14:42:03
26646,tick05,14:42:03
26647,tick05,14:42:04
26648,tick05,14:42:04
26649,tick05,14:42:05
26650,tick05,14:42:05
26651,tick05,14:42:06
26652,tick05,14:42:06
26653,tick05,14:42:07
26654,tick05,14:42:07
26655,tick05,14:42:08
26656,tick05,14:42:08
26657,tick05,14:42:09
26658,tick05,14:42:09
26659,tick05,14:42:10
26660,tick05,14:42:10
26661,tick05,14:42:11
26662,tick05,14:42:11
26663,tick05,14:42:12
26664,tick05,14:42:12
26665,tick05,14:42:13
26666,tick05,14:42:13
26667,tick05,14:42:14
26668,tick05,14:42:14
26669,tick05,14:42:15
26670,tick05,14:42:15
26671,tick05,14:42:16
26672,tick05,14:42:16
26673,tick05,14:42:17
26674,tick05,14:42:17
26675,tick05,14:42:18
26676,tick05,14:42:18
26677,tick05,14:42:19
26678,tick05,14:42:19
26679,tick05,14:42:20
26680,tick05,14:42:20
26681,tick05,14:42:21
26682,tick05,14:42:21
26683,tick05,14:42:22
26684,tick05,14:42:22
26685,tick05,14:42:23
26686,tick05,14:42:23
26687,tick05,14:42:24
26688,tick05,14:42:24
26689,tick05,14:42:25
26690,tick05,14:42:25
26691,tick05,14:42:26
26692,tick05,14:42:26
26693,tick05,14:42:27
26694,tick05,14:42:27
26695,tick05,14:42:28
26696,tick05,14:42:28
26697,tick05,14:42:29
26698,tick05,14:42:29
26699,tick05,14:42:30
26700,tick05,14:42:30
26701,tick05,14:42:31
26702,tick05,14:42:31
26703,tick05,14:42:32
26704,tick05,14:42:32
26705,tick05,14:42:33
26706,tick05,14:42:33
26707,tick05,14:42:34
26708,tick05,14:42:34
26709,tick05,14:42:35
26710,tick05,14:42:35
26711,tick05,14:42:36
26712,tick05,14:42:36
26713,tick05,14:42:37
26714,tick05,14:42:37
26715,tick05,14:42:38
26716,tick05,14:42:38
26717,tick05,14:42:39
26718,tick05,14:42:39
26719,tick05,14:42:40
26720,tick05,14:42:40
26721,tick05,14:42:41
26722,tick05,14:42:41
26723,tick05,14:42:42
26724,tick05,14:42:42
26725,tick05,14:42:43
26726,tick05,14:42:43
26727,tick05,14:42:44
26728,tick05,14:42:44
26729,tick05,14:42:45
26730,tick05,14:42:45
26731,tick05,14:42:46
26732,tick05,14:42:46
26733,tick05,14:42:47
26734,tick05,14:42:47
26735,tick05,14:42:48
26736,tick05,14:42:48
26737,tick05,14:42:49
26738,tick05,14:42:49
26739,tick05,14:42:50
26740,tick05,14:42:50
26741,tick05,14:42:51
26742,tick05,14:42:51
26743,tick05,14:42:52
26744,tick05,14:42:52
26745,tick05,14:42:53
26746,tick05,14:42:53
26747,tick05,14:42:54
26748,tick05,14:42:54
26749,tick05,14:42:55
26750,tick05,14:42:55
26751,tick05,14:42:56
26752,tick05,14:42:56
26753,tick05,14:42:57
26754,tick05,14:42:57
26755,tick05,14:42:58
26756,tick05,14:42:58
26757,tick05,14:42:59
26758,tick05,14:42:59
26759,tick05,14:43:00
26760,tick05,14:43:00
26761,tick05,14:43:01
26762,tick05,14:43:01
26763,tick05,14:43:02
26764,tick05,14:43:02
26765,tick05,14:43:03
26766,tick05,14:43:03
26767,tick05,14:43:04
26768,tick05,14:43:04
26769,tick05,14:43:05
26770,tick05,14:43:05
26771,tick05,14:43:06
26772,tick05,14:43:06
26773,tick05,14:43:07
26774,tick05,14:43:07
26775,tick05,14:43:08
26776,tick05,14:43:08
26777,tick05,14:43:09
26778,tick05,14:43:09
26779,tick05,14:43:10
26780,tick05,14:43:10
26781,tick05,14:43:11
26782,tick05,14:43:11
26783,tick05,14:43:12
26784,tick05,14:43:12
26785,tick05,14:43:13
26786,tick05,14:43:13
26787,tick05,14:43:14
26788,tick05,14:43:14
26789,tick05,14:43:15
26790,tick05,14:43:15
26791,tick05,14:43:16
26792,tick05,14:43:16
26793,tick05,14:43:17
26794,tick05,14:43:17
26795,tick05,14:43:18
26796,tick05,14:43:18
26797,tick05,14:43:19
26798,tick05,14:43:19
26799,tick05,14:43:20
26800,tick05,14:43:20
26801,tick05,14:43:21
26802,tick05,14:43:21
26803,tick05,14:43:22
26804,tick05,14:43:22
26805,tick05,14:43:23
26806,tick05,14:43:23
26807,tick05,14:43:24
26808,tick05,14:43:24
26809,tick05,14:43:25
26810,tick05,14:43:25
26811,tick05,14:43:26
26812,tick05,14:43:26
26813,tick05,14:43:27
26814,tick05,14:43:27
26815,tick05,14:43:28
26816,tick05,14:43:28
26817,tick05,14:43:29
26818,tick05,14:43:29
26819,tick05,14:43:30
26820,tick05,14:43:30
26821,tick05,14:43:31
26822,tick05,14:43:31
26823,tick05,14:43:32
26824,tick05,14:43:32
26825,tick05,14:43:33
26826,tick05,14:43:33
26827,tick05,14:43:34
26828,tick05,14:43:34
26829,tick05,14:43:35
26830,tick05,14:43:35
26831,tick05,14:43:36
26832,tick05,14:43:36
26833,tick05,14:43:37
26834,tick05,14:43:37
26835,tick05,14:43:38
26836,tick05,14:43:38
26837,tick05,14:43:39
26838,tick05,14:43:39
26839,tick05,14:43:40
26840,tick05,14:43:40
26841,tick05,14:43:41
26842,tick05,14:43:41
26843,tick05,14:43:42
26844,tick05,14:43:42
26845,tick05,14:43:43
26846,tick05,14:43:43
26847,tick05,14:43:44
26848,tick05,14:43:44
26849,tick05,14:43:45
26850,tick05,14:43:45
26851,tick05,14:43:46
26852,tick05,14:43:46
26853,tick05,14:43:47
26854,tick05,14:43:47
26855,tick05,14:43:48
26856,tick05,14:43:48
26857,tick05,14:43:49
26858,tick05,14:43:49
26859,tick05,14:43:50
26860,tick05,14:43:50
26861,tick05,14:43:51
26862,tick05,14:43:51
26863,tick05,14:43:52
26864,tick05,14:43:52
26865,tick05,14:43:53
26866,tick05,14:43:53
26867,tick05,14:43:54
26868,tick05,14:43:54
26869,tick05,14:43:55
26870,tick05,14:43:55
26871,tick05,14:43:56
26872,tick05,14:43:56
26873,tick05,14:43:57
26874,tick05,14:43:57
26875,tick05,14:43:58
26876,tick05,14:43:58
26877,tick05,14:43:59
26878,tick05,14:43:59
26879,tick05,14:44:00
26880,tick05,14:44:00
26881,tick05,14:44:01
26882,tick05,14:44:01
26883,tick05,14:44:02
26884,tick05,14:44:02
26885,tick05,14:44:03
26886,tick05,14:44:03
26887,tick05,14:44:04
26888,tick05,14:44:04
26889,tick05,14:44:05
26890,tick05,14:44:05
26891,tick05,14:44:06
26892,tick05,14:44:06
26893,tick05,14:44:07
26894,tick05,14:44:07
26895,tick05,14:44:08
26896,tick05,14:44:08
26897,tick05,14:44:09
26898,tick05,14:44:09
26899,tick05,14:44:10
26900,tick05,14:44:10
26901,tick05,14:44:11
26902,tick05,14:44:11
26903,tick05,14:44:12
26904,tick05,14:44:12
26905,tick05,14:44:13
26906,tick05,14:44:13
26907,tick05,14:44:14
26908,tick05,14:44:14
26909,tick05,14:44:15
26910,tick05,14:44:15
26911,tick05,14:44:16
26912,tick05,14:44:16
26913,tick05,14:44:17
26914,tick05,14:44:17
26915,tick05,14:44:18
26916,tick05,14:44:18
26917,tick05,14:44:19
26918,tick05,14:44:19
26919,tick05,14:44:20
26920,tick05,14:44:20
26921,tick05,14:44:21
26922,tick05,14:44:21
26923,tick05,14:44:22
26924,tick05,14:44:22
26925,tick05,14:44:23
26926,tick05,14:44:23
26927,tick05,14:44:24
26928,tick05,14:44:24
26929,tick05,14:44:25
26930,tick05,14:44:25
26931,tick05,14:44:26
26932,tick05,14:44:26
26933,tick05,14:44:27
26934,tick05,14:44:27
26935,tick05,14:44:28
26936,tick05,14:44:28
26937,tick05,14:44:29
26938,tick05,14:44:29
26939,tick05,14:44:30
26940,tick05,14:44:30
26941,tick05,14:44:31
26942,tick05,14:44:31
26943,tick05,14:44:32
26944,tick05,14:44:32
26945,tick05,14:44:33
26946,tick05,14:44:33
26947,tick05,14:44:34
26948,tick05,14:44:34
26949,tick05,14:44:35
26950,tick05,14:44:35
26951,tick05,14:44:36
26952,tick05,14:44:36
26953,tick05,14:44:37
26954,tick05,14:44:37
26955,tick05,14:44:38
26956,tick05,14:44:38
26957,tick05,14:44:39
26958,tick05,14:44:39
26959,tick05,14:44:40
26960,tick05,14:44:40
26961,tick05,14:44:41
26962,tick05,14:44:41
26963,tick05,14:44:42
26964,tick05,14:44:42
26965,tick05,14:44:43
26966,tick05,14:44:43
26967,tick05,14:44:44
26968,tick05,14:44:44
26969,tick05,14:44:45
26970,tick05,14:44:45
26971,tick05,14:44:46
26972,tick05,14:44:46
26973,tick05,14:44:47
26974,tick05,14:44:47
26975,tick05,14:44:48
26976,tick05,14:44:48
26977,tick05,14:44:49
26978,tick05,14:44:49
26979,tick05,14:44:50
26980,tick05,14:44:50
26981,tick05,14:44:51
26982,tick05,14:44:51
26983,tick05,14:44:52
26984,tick05,14:44:52
26985,tick05,14:44:53
26986,tick05,14:44:53
26987,tick05,14:44:54
26988,tick05,14:44:54
26989,tick05,14:44:55
26990,tick05,14:44:55
26991,tick05,14:44:56
26992,tick05,14:44:56
26993,tick05,14:44:57
26994,tick05,14:44:57
26995,tick05,14:44:58
26996,tick05,14:44:58
26997,tick05,14:44:59
26998,tick05,14:44:59
26999,tick05,14:45:00
27000,tick05,14:45:00
27001,tick05,14:45:01
27002,tick05,14:45:01
27003,tick05,14:45:02
27004,tick05,14:45:02
27005,tick05,14:45:03
27006,tick05,14:45:03
27007,tick05,14:45:04
27008,tick05,14:45:04
27009,tick05,14:45:05
27010,tick05,14:45:05
27011,tick05,14:45:06
27012,tick05,14:45:06
27013,tick05,14:45:07
27014,tick05,14:45:07
27015,tick05,14:45:08
27016,tick05,14:45:08
27017,tick05,14:45:09
27018,tick05,14:45:09
27019,tick05,14:45:10
27020,tick05,14:45:10
27021,tick05,14:45:11
27022,tick05,14:45:11
27023,tick05,14:45:12
27024,tick05,14:45:12
27025,tick05,14:45:13
27026,tick05,14:45:13
27027,tick05,14:45:14
27028,tick05,14:45:14
27029,tick05,14:45:15
27030,tick05,14:45:15
27031,tick05,14:45:16
27032,tick05,14:45:16
27033,tick05,14:45:17
27034,tick05,14:45:17
27035,tick05,14:45:18
27036,tick05,14:45:18
27037,tick05,14:45:19
27038,tick05,14:45:19
27039,tick05,14:45:20
27040,tick05,14:45:20
27041,tick05,14:45:21
27042,tick05,14:45:21
27043,tick05,14:45:22
27044,tick05,14:45:22
27045,tick05,14:45:23
27046,tick05,14:45:23
27047,tick05,14:45:24
27048,tick05,14:45:24
27049,tick05,14:45:25
27050,tick05,14:45:25
27051,tick05,14:45:26
27052,tick05,14:45:26
27053,tick05,14:45:27
27054,tick05,14:45:27
27055,tick05,14:45:28
27056,tick05,14:45:28
27057,tick05,14:45:29
27058,tick05,14:45:29
27059,tick05,14:45:30
27060,tick05,14:45:30
27061,tick05,14:45:31
27062,tick05,14:45:31
27063,tick05,14:45:32
27064,tick05,14:45:32
27065,tick05,14:45:33
27066,tick05,14:45:33
27067,tick05,14:45:34
27068,tick05,14:45:34
27069,tick05,14:45:35
27070,tick05,14:45:35
27071,tick05,14:45:36
27072,tick05,14:45:36
27073,tick05,14:45:37
27074,tick05,14:45:37
27075,tick05,14:45:38
27076,tick05,14:45:38
27077,tick05,14:45:39
27078,tick05,14:45:39
27079,tick05,14:45:40
27080,tick05,14:45:40
27081,tick05,14:45:41
27082,tick05,14:45:41
27083,tick05,14:45:42
27084,tick05,14:45:42
27085,tick05,14:45:43
27086,tick05,14:45:43
27087,tick05,14:45:44
27088,tick05,14:45:44
27089,tick05,14:45:45
27090,tick05,14:45:45
27091,tick05,14:45:46
27092,tick05,14:45:46
27093,tick05,14:45:47
27094,tick05,14:45:47
27095,tick05,14:45:48
27096,tick05,14:45:48
27097,tick05,14:45:49
27098,tick05,14:45:49
27099,tick05,14:45:50
27100,tick05,14:45:50
27101,tick05,14:45:51
27102,tick05,14:45:51
27103,tick05,14:45:52
27104,tick05,14:45:52
27105,tick05,14:45:53
27106,tick05,14:45:53
27107,tick05,14:45:54
27108,tick05,14:45:54
27109,tick05,14:45:55
27110,tick05,14:45:55
27111,tick05,14:45:56
27112,tick05,14:45:56
27113,tick05,14:45:57
27114,tick05,14:45:57
27115,tick05,14:45:58
27116,tick05,14:45:58
27117,tick05,14:45:59
27118,tick05,14:45:59
27119,tick05,14:46:00
27120,tick05,14:46:00
27121,tick05,14:46:01
27122,tick05,14:46:01
27123,tick05,14:46:02
27124,tick05,14:46:02
27125,tick05,14:46:03
27126,tick05,14:46:03
27127,tick05,14:46:04
27128,tick05,14:46:04
27129,tick05,14:46:05
27130,tick05,14:46:05
27131,tick05,14:46:06
27132,tick05,14:46:06
27133,tick05,14:46:07
27134,tick05,14:46:07
27135,tick05,14:46:08
27136,tick05,14:46:08
27137,tick05,14:46:09
27138,tick05,14:46:09
27139,tick05,14:46:10
27140,tick05,14:46:10
27141,tick05,14:46:11
27142,tick05,14:46:11
27143,tick05,14:46:12
27144,tick05,14:46:12
27145,tick05,14:46:13
27146,tick05,14:46:13
27147,tick05,14:46:14
27148,tick05,14:46:14
27149,tick05,14:46:15
27150,tick05,14:46:15
27151,tick05,14:46:16
27152,tick05,14:46:16
27153,tick05,14:46:17
27154,tick05,14:46:17
27155,tick05,14:46:18
27156,tick05,14:46:18
27157,tick05,14:46:19
27158,tick05,14:46:19
27159,tick05,14:46:20
27160,tick05,14:46:20
27161,tick05,14:46:21
27162,tick05,14:46:21
27163,tick05,14:46:22
27164,tick05,14:46:22
27165,tick05,14:46:23
27166,tick05,14:46:23
27167,tick05,14:46:24
27168,tick05,14:46:24
27169,tick05,14:46:25
27170,tick05,14:46:25
27171,tick05,14:46:26
27172,tick05,14:46:26
27173,tick05,14:46:27
27174,tick05,14:46:27
27175,tick05,14:46:28
27176,tick05,14:46:28
27177,tick05,14:46:29
27178,tick05,14:46:29
27179,tick05,14:46:30
27180,tick05,14:46:30
27181,tick05,14:46:31
27182,tick05,14:46:31
27183,tick05,14:46:32
27184,tick05,14:46:32
27185,tick05,14:46:33
27186,tick05,14:46:33
27187,tick05,14:46:34
27188,tick05,14:46:34
27189,tick05,14:46:35
27190,tick05,14:46:35
27191,tick05,14:46:36
27192,tick05,14:46:36
27193,tick05,14:46:37
27194,tick05,14:46:37
27195,tick05,14:46:38
27196,tick05,14:46:38
27197,tick05,14:46:39
27198,tick05,14:46:39
27199,tick05,14:46:40
27200,tick05,14:46:40
27201,tick05,14:46:41
27202,tick05,14:46:41
27203,tick05,14:46:42
27204,tick05,14:46:42
27205,tick05,14:46:43
27206,tick05,14:46:43
27207,tick05,14:46:44
27208,tick05,14:46:44
27209,tick05,14:46:45
27210,tick05,14:46:45
27211,tick05,14:46:46
27212,tick05,14:46:46
27213,tick05,14:46:47
27214,tick05,14:46:47
27215,tick05,14:46:48
27216,tick05,14:46:48
27217,tick05,14:46:49
27218,tick05,14:46:49
27219,tick05,14:46:50
27220,tick05,14:46:50
27221,tick05,14:46:51
27222,tick05,14:46:51
27223,tick05,14:46:52
27224,tick05,14:46:52
27225,tick05,14:46:53
27226,tick05,14:46:53
27227,tick05,14:46:54
27228,tick05,14:46:54
27229,tick05,14:46:55
27230,tick05,14:46:55
27231,tick05,14:46:56
27232,tick05,14:46:56
27233,tick05,14:46:57
27234,tick05,14:46:57
27235,tick05,14:46:58
27236,tick05,14:46:58
27237,tick05,14:46:59
27238,tick05,14:46:59
27239,tick05,14:47:00
27240,tick05,14:47:00
27241,tick05,14:47:01
27242,tick05,14:47:01
27243,tick05,14:47:02
27244,tick05,14:47:02
27245,tick05,14:47:03
27246,tick05,14:47:03
27247,tick05,14:47:04
27248,tick05,14:47:04
27249,tick05,14:47:05
27250,tick05,14:47:05
27251,tick05,14:47:06
27252,tick05,14:47:06
27253,tick05,14:47:07
27254,tick05,14:47:07
27255,tick05,14:47:08
27256,tick05,14:47:08
27257,tick05,14:47:09
27258,tick05,14:47:09
27259,tick05,14:47:10
27260,tick05,14:47:10
27261,tick05,14:47:11
27262,tick05,14:47:11
27263,tick05,14:47:12
27264,tick05,14:47:12
27265,tick05,14:47:13
27266,tick05,14:47:13
27267,tick05,14:47:14
27268,tick05,14:47:14
27269,tick05,14:47:15
27270,tick05,14:47:15
27271,tick05,14:47:16
27272,tick05,14:47:16
27273,tick05,14:47:17
27274,tick05,14:47:17
27275,tick05,14:47:18
27276,tick05,14:47:18
27277,tick05,14:47:19
27278,tick05,14:47:19
27279,tick05,14:47:20
27280,tick05,14:47:20
27281,tick05,14:47:21
27282,tick05,14:47:21
27283,tick05,14:47:22
27284,tick05,14:47:22
27285,tick05,14:47:23
27286,tick05,14:47:23
27287,tick05,14:47:24
27288,tick05,14:47:24
27289,tick05,14:47:25
27290,tick05,14:47:25
27291,tick05,14:47:26
27292,tick05,14:47:26
27293,tick05,14:47:27
27294,tick05,14:47:27
27295,tick05,14:47:28
27296,tick05,14:47:28
27297,tick05,14:47:29
27298,tick05,14:47:29
27299,tick05,14:47:30
27300,tick05,14:47:30
27301,tick05,14:47:31
27302,tick05,14:47:31
27303,tick05,14:47:32
27304,tick05,14:47:32
27305,tick05,14:47:33
27306,tick05,14:47:33
27307,tick05,14:47:34
27308,tick05,14:47:34
27309,tick05,14:47:35
27310,tick05,14:47:35
27311,tick05,14:47:36
27312,tick05,14:47:36
27313,tick05,14:47:37
27314,tick05,14:47:37
27315,tick05,14:47:38
27316,tick05,14:47:38
27317,tick05,14:47:39
27318,tick05,14:47:39
27319,tick05,14:47:40
27320,tick05,14:47:40
27321,tick05,14:47:41
27322,tick05,14:47:41
27323,tick05,14:47:42
27324,tick05,14:47:42
27325,tick05,14:47:43
27326,tick05,14:47:43
27327,tick05,14:47:44
27328,tick05,14:47:44
27329,tick05,14:47:45
27330,tick05,14:47:45
27331,tick05,14:47:46
27332,tick05,14:47:46
27333,tick05,14:47:47
27334,tick05,14:47:47
27335,tick05,14:47:48
27336,tick05,14:47:48
27337,tick05,14:47:49
27338,tick05,14:47:49
27339,tick05,14:47:50
27340,tick05,14:47:50
27341,tick05,14:47:51
27342,tick05,14:47:51
27343,tick05,14:47:52
27344,tick05,14:47:52
27345,tick05,14:47:53
27346,tick05,14:47:53
27347,tick05,14:47:54
27348,tick05,14:47:54
27349,tick05,14:47:55
27350,tick05,14:47:55
27351,tick05,14:47:56
27352,tick05,14:47:56
27353,tick05,14:47:57
27354,tick05,14:47:57
27355,tick05,14:47:58
27356,tick05,14:47:58
27357,tick05,14:47:59
27358,tick05,14:47:59
27359,tick05,14:48:00
27360,tick05,14:48:00
27361,tick05,14:48:01
27362,tick05,14:48:01
27363,tick05,14:48:02
27364,tick05,14:48:02
27365,tick05,14:48:03
27366,tick05,14:48:03
27367,tick05,14:48:04
27368,tick05,14:48:04
27369,tick05,14:48:05
27370,tick05,14:48:05
27371,tick05,14:48:06
27372,tick05,14:48:06
27373,tick05,14:48:07
27374,tick05,14:48:07
27375,tick05,14:48:08
27376,tick05,14:48:08
27377,tick05,14:48:09
27378,tick05,14:48:09
27379,tick05,14:48:10
27380,tick05,14:48:10
27381,tick05,14:48:11
27382,tick05,14:48:11
27383,tick05,14:48:12
27384,tick05,14:48:12
27385,tick05,14:48:13
27386,tick05,14:48:13
27387,tick05,14:48:14
27388,tick05,14:48:14
27389,tick05,14:48:15
27390,tick05,14:48:15
27391,tick05,14:48:16
27392,tick05,14:48:16
27393,tick05,14:48:17
27394,tick05,14:48:17
27395,tick05,14:48:18
27396,tick05,14:48:18
27397,tick05,14:48:19
27398,tick05,14:48:19
27399,tick05,14:48:20
27400,tick05,14:48:20
27401,tick05,14:48:21
27402,tick05,14:48:21
27403,tick05,14:48:22
27404,tick05,14:48:22
27405,tick05,14:48:23
27406,tick05,14:48:23
27407,tick05,14:48:24
27408,tick05,14:48:24
27409,tick05,14:48:25
27410,tick05,14:48:25
27411,tick05,14:48:26
27412,tick05,14:48:26
27413,tick05,14:48:27
27414,tick05,14:48:27
27415,tick05,14:48:28
27416,tick05,14:48:28
27417,tick05,14:48:29
27418,tick05,14:48:29
27419,tick05,14:48:30
27420,tick05,14:48:30
27421,tick05,14:48:31
27422,tick05,14:48:31
27423,tick05,14:48:32
27424,tick05,14:48:32
27425,tick05,14:48:33
27426,tick05,14:48:33
27427,tick05,14:48:34
27428,tick05,14:48:34
27429,tick05,14:48:35
27430,tick05,14:48:35
27431,tick05,14:48:36
27432,tick05,14:48:36
27433,tick05,14:48:37
27434,tick05,14:48:37
27435,tick05,14:48:38
27436,tick05,14:48:38
27437,tick05,14:48:39
27438,tick05,14:48:39
27439,tick05,14:48:40
27440,tick05,14:48:40
27441,tick05,14:48:41
27442,tick05,14:48:41
27443,tick05,14:48:42
27444,tick05,14:48:42
27445,tick05,14:48:43
27446,tick05,14:48:43
27447,tick05,14:48:44
27448,tick05,14:48:44
27449,tick05,14:48:45
27450,tick05,14:48:45
27451,tick05,14:48:46
27452,tick05,14:48:46
27453,tick05,14:48:47
27454,tick05,14:48:47
27455,tick05,14:48:48
27456,tick05,14:48:48
27457,tick05,14:48:49
27458,tick05,14:48:49
27459,tick05,14:48:50
27460,tick05,14:48:50
27461,tick05,14:48:51
27462,tick05,14:48:51
27463,tick05,14:48:52
27464,tick05,14:48:52
27465,tick05,14:48:53
27466,tick05,14:48:53
27467,tick05,14:48:54
27468,tick05,14:48:54
27469,tick05,14:48:55
27470,tick05,14:48:55
27471,tick05,14:48:56
27472,tick05,14:48:56
27473,tick05,14:48:57
27474,tick05,14:48:57
27475,tick05,14:48:58
27476,tick05,14:48:58
27477,tick05,14:48:59
27478,tick05,14:48:59
27479,tick05,14:49:00
27480,tick05,14:49:00
27481,tick05,14:49:01
27482,tick05,14:49:01
27483,tick05,14:49:02
27484,tick05,14:49:02
27485,tick05,14:49:03
27486,tick05,14:49:03
27487,tick05,14:49:04
27488,tick05,14:49:04
27489,tick05,14:49:05
27490,tick05,14:49:05
27491,tick05,14:49:06
27492,tick05,14:49:06
27493,tick05,14:49:07
27494,tick05,14:49:07
27495,tick05,14:49:08
27496,tick05,14:49:08
27497,tick05,14:49:09
27498,tick05,14:49:09
27499,tick05,14:49:10
27500,tick05,14:49:10
27501,tick05,14:49:11
27502,tick05,14:49:11
27503,tick05,14:49:12
27504,tick05,14:49:12
27505,tick05,14:49:13
27506,tick05,14:49:13
27507,tick05,14:49:14
27508,tick05,14:49:14
27509,tick05,14:49:15
27510,tick05,14:49:15
27511,tick05,14:49:16
27512,tick05,14:49:16
27513,tick05,14:49:17
27514,tick05,14:49:17
27515,tick05,14:49:18
27516,tick05,14:49:18
27517,tick05,14:49:19
27518,tick05,14:49:19
27519,tick05,14:49:20
27520,tick05,14:49:20
27521,tick05,14:49:21
27522,tick05,14:49:21
27523,tick05,14:49:22
27524,tick05,14:49:22
27525,tick05,14:49:23
27526,tick05,14:49:23
27527,tick05,14:49:24
27528,tick05,14:49:24
27529,tick05,14:49:25
27530,tick05,14:49:25
27531,tick05,14:49:26
27532,tick05,14:49:26
27533,tick05,14:49:27
27534,tick05,14:49:27
27535,tick05,14:49:28
27536,tick05,14:49:28
27537,tick05,14:49:29
27538,tick05,14:49:29
27539,tick05,14:49:30
27540,tick05,14:49:30
27541,tick05,14:49:31
27542,tick05,14:49:31
27543,tick05,14:49:32
27544,tick05,14:49:32
27545,tick05,14:49:33
27546,tick05,14:49:33
27547,tick05,14:49:34
27548,tick05,14:49:34
27549,tick05,14:49:35
27550,tick05,14:49:35
27551,tick05,14:49:36
27552,tick05,14:49:36
27553,tick05,14:49:37
27554,tick05,14:49:37
27555,tick05,14:49:38
27556,tick05,14:49:38
27557,tick05,14:49:39
27558,tick05,14:49:39
27559,tick05,14:49:40
27560,tick05,14:49:40
27561,tick05,14:49:41
27562,tick05,14:49:41
27563,tick05,14:49:42
27564,tick05,14:49:42
27565,tick05,14:49:43
27566,tick05,14:49:43
27567,tick05,14:49:44
27568,tick05,14:49:44
27569,tick05,14:49:45
27570,tick05,14:49:45
27571,tick05,14:49:46
27572,tick05,14:49:46
27573,tick05,14:49:47
27574,tick05,14:49:47
27575,tick05,14:49:48
27576,tick05,14:49:48
27577,tick05,14:49:49
27578,tick05,14:49:49
27579,tick05,14:49:50
27580,tick05,14:49:50
27581,tick05,14:49:51
27582,tick05,14:49:51
27583,tick05,14:49:52
27584,tick05,14:49:52
27585,tick05,14:49:53
27586,tick05,14:49:53
27587,tick05,14:49:54
27588,tick05,14:49:54
27589,tick05,14:49:55
27590,tick05,14:49:55
27591,tick05,14:49:56
27592,tick05,14:49:56
27593,tick05,14:49:57
27594,tick05,14:49:57
27595,tick05,14:49:58
27596,tick05,14:49:58
27597,tick05,14:49:59
27598,tick05,14:49:59
27599,tick05,14:50:00
27600,tick05,14:50:00
27601,tick05,14:50:01
27602,tick05,14:50:01
27603,tick05,14:50:02
27604,tick05,14:50:02
27605,tick05,14:50:03
27606,tick05,14:50:03
27607,tick05,14:50:04
27608,tick05,14:50:04
27609,tick05,14:50:05
27610,tick05,14:50:05
27611,tick05,14:50:06
27612,tick05,14:50:06
27613,tick05,14:50:07
27614,tick05,14:50:07
27615,tick05,14:50:08
27616,tick05,14:50:08
27617,tick05,14:50:09
27618,tick05,14:50:09
27619,tick05,14:50:10
27620,tick05,14:50:10
27621,tick05,14:50:11
27622,tick05,14:50:11
27623,tick05,14:50:12
27624,tick05,14:50:12
27625,tick05,14:50:13
27626,tick05,14:50:13
27627,tick05,14:50:14
27628,tick05,14:50:14
27629,tick05,14:50:15
27630,tick05,14:50:15
27631,tick05,14:50:16
27632,tick05,14:50:16
27633,tick05,14:50:17
27634,tick05,14:50:17
27635,tick05,14:50:18
27636,tick05,14:50:18
27637,tick05,14:50:19
27638,tick05,14:50:19
27639,tick05,14:50:20
27640,tick05,14:50:20
27641,tick05,14:50:21
27642,tick05,14:50:21
27643,tick05,14:50:22
27644,tick05,14:50:22
27645,tick05,14:50:23
27646,tick05,14:50:23
27647,tick05,14:50:24
27648,tick05,14:50:24
27649,tick05,14:50:25
27650,tick05,14:50:25
27651,tick05,14:50:26
27652,tick05,14:50:26
27653,tick05,14:50:27
27654,tick05,14:50:27
27655,tick05,14:50:28
27656,tick05,14:50:28
27657,tick05,14:50:29
27658,tick05,14:50:29
27659,tick05,14:50:30
27660,tick05,14:50:30
27661,tick05,14:50:31
27662,tick05,14:50:31
27663,tick05,14:50:32
27664,tick05,14:50:32
27665,tick05,14:50:33
27666,tick05,14:50:33
27667,tick05,14:50:34
27668,tick05,14:50:34
27669,tick05,14:50:35
27670,tick05,14:50:35
27671,tick05,14:50:36
27672,tick05,14:50:36
27673,tick05,14:50:37
27674,tick05,14:50:37
27675,tick05,14:50:38
27676,tick05,14:50:38
27677,tick05,14:50:39
27678,tick05,14:50:39
27679,tick05,14:50:40
27680,tick05,14:50:40
27681,tick05,14:50:41
27682,tick05,14:50:41
27683,tick05,14:50:42
27684,tick05,14:50:42
27685,tick05,14:50:43
27686,tick05,14:50:43
27687,tick05,14:50:44
27688,tick05,14:50:44
27689,tick05,14:50:45
27690,tick05,14:50:45
27691,tick05,14:50:46
27692,tick05,14:50:46
27693,tick05,14:50:47
27694,tick05,14:50:47
27695,tick05,14:50:48
27696,tick05,14:50:48
27697,tick05,14:50:49
27698,tick05,14:50:49
27699,tick05,14:50:50
27700,tick05,14:50:50
27701,tick05,14:50:51
27702,tick05,14:50:51
27703,tick05,14:50:52
27704,tick05,14:50:52
27705,tick05,14:50:53
27706,tick05,14:50:53
27707,tick05,14:50:54
27708,tick05,14:50:54
27709,tick05,14:50:55
27710,tick05,14:50:55
27711,tick05,14:50:56
27712,tick05,14:50:56
27713,tick05,14:50:57
27714,tick05,14:50:57
27715,tick05,14:50:58
27716,tick05,14:50:58
27717,tick05,14:50:59
27718,tick05,14:50:59
27719,tick05,14:51:00
27720,tick05,14:51:00
27721,tick05,14:51:01
27722,tick05,14:51:01
27723,tick05,14:51:02
27724,tick05,14:51:02
27725,tick05,14:51:03
27726,tick05,14:51:03
27727,tick05,14:51:04
27728,tick05,14:51:04
27729,tick05,14:51:05
27730,tick05,14:51:05
27731,tick05,14:51:06
27732,tick05,14:51:06
27733,tick05,14:51:07
27734,tick05,14:51:07
27735,tick05,14:51:08
27736,tick05,14:51:08
27737,tick05,14:51:09
27738,tick05,14:51:09
27739,tick05,14:51:10
27740,tick05,14:51:10
27741,tick05,14:51:11
27742,tick05,14:51:11
27743,tick05,14:51:12
27744,tick05,14:51:12
27745,tick05,14:51:13
27746,tick05,14:51:13
27747,tick05,14:51:14
27748,tick05,14:51:14
27749,tick05,14:51:15
27750,tick05,14:51:15
27751,tick05,14:51:16
27752,tick05,14:51:16
27753,tick05,14:51:17
27754,tick05,14:51:17
27755,tick05,14:51:18
27756,tick05,14:51:18
27757,tick05,14:51:19
27758,tick05,14:51:19
27759,tick05,14:51:20
27760,tick05,14:51:20
27761,tick05,14:51:21
27762,tick05,14:51:21
27763,tick05,14:51:22
27764,tick05,14:51:22
27765,tick05,14:51:23
27766,tick05,14:51:23
27767,tick05,14:51:24
27768,tick05,14:51:24
27769,tick05,14:51:25
27770,tick05,14:51:25
27771,tick05,14:51:26
27772,tick05,14:51:26
27773,tick05,14:51:27
27774,tick05,14:51:27
27775,tick05,14:51:28
27776,tick05,14:51:28
27777,tick05,14:51:29
27778,tick05,14:51:29
27779,tick05,14:51:30
27780,tick05,14:51:30
27781,tick05,14:51:31
27782,tick05,14:51:31
27783,tick05,14:51:32
27784,tick05,14:51:32
27785,tick05,14:51:33
27786,tick05,14:51:33
27787,tick05,14:51:34
27788,tick05,14:51:34
27789,tick05,14:51:35
27790,tick05,14:51:35
27791,tick05,14:51:36
27792,tick05,14:51:36
27793,tick05,14:51:37
27794,tick05,14:51:37
27795,tick05,14:51:38
27796,tick05,14:51:38
27797,tick05,14:51:39
27798,tick05,14:51:39
27799,tick05,14:51:40
27800,tick05,14:51:40
27801,tick05,14:51:41
27802,tick05,14:51:41
27803,tick05,14:51:42
27804,tick05,14:51:42
27805,tick05,14:51:43
27806,tick05,14:51:43
27807,tick05,14:51:44
27808,tick05,14:51:44
27809,tick05,14:51:45
27810,tick05,14:51:45
27811,tick05,14:51:46
27812,tick05,14:51:46
27813,tick05,14:51:47
27814,tick05,14:51:47
27815,tick05,14:51:48
27816,tick05,14:51:48
27817,tick05,14:51:49
27818,tick05,14:51:49
27819,tick05,14:51:50
27820,tick05,14:51:50
27821,tick05,14:51:51
27822,tick05,14:51:51
27823,tick05,14:51:52
27824,tick05,14:51:52
27825,tick05,14:51:53
27826,tick05,14:51:53
27827,tick05,14:51:54
27828,tick05,14:51:54
27829,tick05,14:51:55
27830,tick05,14:51:55
27831,tick05,14:51:56
27832,tick05,14:51:56
27833,tick05,14:51:57
27834,tick05,14:51:57
27835,tick05,14:51:58
27836,tick05,14:51:58
27837,tick05,14:51:59
27838,tick05,14:51:59
27839,tick05,14:52:00
27840,tick05,14:52:00
27841,tick05,14:52:01
27842,tick05,14:52:01
27843,tick05,14:52:02
27844,tick05,14:52:02
27845,tick05,14:52:03
27846,tick05,14:52:03
27847,tick05,14:52:04
27848,tick05,14:52:04
27849,tick05,14:52:05
27850,tick05,14:52:05
27851,tick05,14:52:06
27852,tick05,14:52:06
27853,tick05,14:52:07
27854,tick05,14:52:07
27855,tick05,14:52:08
27856,tick05,14:52:08
27857,tick05,14:52:09
27858,tick05,14:52:09
27859,tick05,14:52:10
27860,tick05,14:52:10
27861,tick05,14:52:11
27862,tick05,14:52:11
27863,tick05,14:52:12
27864,tick05,14:52:12
27865,tick05,14:52:13
27866,tick05,14:52:13
27867,tick05,14:52:14
27868,tick05,14:52:14
27869,tick05,14:52:15
27870,tick05,14:52:15
27871,tick05,14:52:16
27872,tick05,14:52:16
27873,tick05,14:52:17
27874,tick05,14:52:17
27875,tick05,14:52:18
27876,tick05,14:52:18
27877,tick05,14:52:19
27878,tick05,14:52:19
27879,tick05,14:52:20
27880,tick05,14:52:20
27881,tick05,14:52:21
27882,tick05,14:52:21
27883,tick05,14:52:22
27884,tick05,14:52:22
27885,tick05,14:52:23
27886,tick05,14:52:23
27887,tick05,14:52:24
27888,tick05,14:52:24
27889,tick05,14:52:25
27890,tick05,14:52:25
27891,tick05,14:52:26
27892,tick05,14:52:26
27893,tick05,14:52:27
27894,tick05,14:52:27
27895,tick05,14:52:28
27896,tick05,14:52:28
27897,tick05,14:52:29
27898,tick05,14:52:29
27899,tick05,14:52:30
27900,tick05,14:52:30
27901,tick05,14:52:31
27902,tick05,14:52:31
27903,tick05,14:52:32
27904,tick05,14:52:32
27905,tick05,14:52:33
27906,tick05,14:52:33
27907,tick05,14:52:34
27908,tick05,14:52:34
27909,tick05,14:52:35
27910,tick05,14:52:35
27911,tick05,14:52:36
27912,tick05,14:52:36
27913,tick05,14:52:37
27914,tick05,14:52:37
27915,tick05,14:52:38
27916,tick05,14:52:38
27917,tick05,14:52:39
27918,tick05,14:52:39
27919,tick05,14:52:40
27920,tick05,14:52:40
27921,tick05,14:52:41
27922,tick05,14:52:41
27923,tick05,14:52:42
27924,tick05,14:52:42
27925,tick05,14:52:43
27926,tick05,14:52:43
27927,tick05,14:52:44
27928,tick05,14:52:44
27929,tick05,14:52:45
27930,tick05,14:52:45
27931,tick05,14:52:46
27932,tick05,14:52:46
27933,tick05,14:52:47
27934,tick05,14:52:47
27935,tick05,14:52:48
27936,tick05,14:52:48
27937,tick05,14:52:49
27938,tick05,14:52:49
27939,tick05,14:52:50
27940,tick05,14:52:50
27941,tick05,14:52:51
27942,tick05,14:52:51
27943,tick05,14:52:52
27944,tick05,14:52:52
27945,tick05,14:52:53
27946,tick05,14:52:53
27947,tick05,14:52:54
27948,tick05,14:52:54
27949,tick05,14:52:55
27950,tick05,14:52:55
27951,tick05,14:52:56
27952,tick05,14:52:56
27953,tick05,14:52:57
27954,tick05,14:52:57
27955,tick05,14:52:58
27956,tick05,14:52:58
27957,tick05,14:52:59
27958,tick05,14:52:59
27959,tick05,14:53:00
27960,tick05,14:53:00
27961,tick05,14:53:01
27962,tick05,14:53:01
27963,tick05,14:53:02
27964,tick05,14:53:02
27965,tick05,14:53:03
27966,tick05,14:53:03
27967,tick05,14:53:04
27968,tick05,14:53:04
27969,tick05,14:53:05
27970,tick05,14:53:05
27971,tick05,14:53:06
27972,tick05,14:53:06
27973,tick05,14:53:07
27974,tick05,14:53:07
27975,tick05,14:53:08
27976,tick05,14:53:08
27977,tick05,14:53:09
27978,tick05,14:53:09
27979,tick05,14:53:10
27980,tick05,14:53:10
27981,tick05,14:53:11
27982,tick05,14:53:11
27983,tick05,14:53:12
27984,tick05,14:53:12
27985,tick05,14:53:13
27986,tick05,14:53:13
27987,tick05,14:53:14
27988,tick05,14:53:14
27989,tick05,14:53:15
27990,tick05,14:53:15
27991,tick05,14:53:16
27992,tick05,14:53:16
27993,tick05,14:53:17
27994,tick05,14:53:17
27995,tick05,14:53:18
27996,tick05,14:53:18
27997,tick05,14:53:19
27998,tick05,14:53:19
27999,tick05,14:53:20
28000,tick05,14:53:20
28001,tick05,14:53:21
28002,tick05,14:53:21
28003,tick05,14:53:22
28004,tick05,14:53:22
28005,tick05,14:53:23
28006,tick05,14:53:23
28007,tick05,14:53:24
28008,tick05,14:53:24
28009,tick05,14:53:25
28010,tick05,14:53:25
28011,tick05,14:53:26
28012,tick05,14:53:26
28013,tick05,14:53:27
28014,tick05,14:53:27
28015,tick05,14:53:28
28016,tick05,14:53:28
28017,tick05,14:53:29
28018,tick05,14:53:29
28019,tick05,14:53:30
28020,tick05,14:53:30
28021,tick05,14:53:31
28022,tick05,14:53:31
28023,tick05,14:53:32
28024,tick05,14:53:32
28025,tick05,14:53:33
28026,tick05,14:53:33
28027,tick05,14:53:34
28028,tick05,14:53:34
28029,tick05,14:53:35
28030,tick05,14:53:35
28031,tick05,14:53:36
28032,tick05,14:53:36
28033,tick05,14:53:37
28034,tick05,14:53:37
28035,tick05,14:53:38
28036,tick05,14:53:38
28037,tick05,14:53:39
28038,tick05,14:53:39
28039,tick05,14:53:40
28040,tick05,14:53:40
28041,tick05,14:53:41
28042,tick05,14:53:41
28043,tick05,14:53:42
28044,tick05,14:53:42
28045,tick05,14:53:43
28046,tick05,14:53:43
28047,tick05,14:53:44
28048,tick05,14:53:44
28049,tick05,14:53:45
28050,tick05,14:53:45
28051,tick05,14:53:46
28052,tick05,14:53:46
28053,tick05,14:53:47
28054,tick05,14:53:47
28055,tick05,14:53:48
28056,tick05,14:53:48
28057,tick05,14:53:49
28058,tick05,14:53:49
28059,tick05,14:53:50
28060,tick05,14:53:50
28061,tick05,14:53:51
28062,tick05,14:53:51
28063,tick05,14:53:52
28064,tick05,14:53:52
28065,tick05,14:53:53
28066,tick05,14:53:53
28067,tick05,14:53:54
28068,tick05,14:53:54
28069,tick05,14:53:55
28070,tick05,14:53:55
28071,tick05,14:53:56
28072,tick05,14:53:56
28073,tick05,14:53:57
28074,tick05,14:53:57
28075,tick05,14:53:58
28076,tick05,14:53:58
28077,tick05,14:53:59
28078,tick05,14:53:59
28079,tick05,14:54:00
28080,tick05,14:54:00
28081,tick05,14:54:01
28082,tick05,14:54:01
28083,tick05,14:54:02
28084,tick05,14:54:02
28085,tick05,14:54:03
28086,tick05,14:54:03
28087,tick05,14:54:04
28088,tick05,14:54:04
28089,tick05,14:54:05
28090,tick05,14:54:05
28091,tick05,14:54:06
28092,tick05,14:54:06
28093,tick05,14:54:07
28094,tick05,14:54:07
28095,tick05,14:54:08
28096,tick05,14:54:08
28097,tick05,14:54:09
28098,tick05,14:54:09
28099,tick05,14:54:10
28100,tick05,14:54:10
28101,tick05,14:54:11
28102,tick05,14:54:11
28103,tick05,14:54:12
28104,tick05,14:54:12
28105,tick05,14:54:13
28106,tick05,14:54:13
28107,tick05,14:54:14
28108,tick05,14:54:14
28109,tick05,14:54:15
28110,tick05,14:54:15
28111,tick05,14:54:16
28112,tick05,14:54:16
28113,tick05,14:54:17
28114,tick05,14:54:17
28115,tick05,14:54:18
28116,tick05,14:54:18
28117,tick05,14:54:19
28118,tick05,14:54:19
28119,tick05,14:54:20
28120,tick05,14:54:20
28121,tick05,14:54:21
28122,tick05,14:54:21
28123,tick05,14:54:22
28124,tick05,14:54:22
28125,tick05,14:54:23
28126,tick05,14:54:23
28127,tick05,14:54:24
28128,tick05,14:54:24
28129,tick05,14:54:25
28130,tick05,14:54:25
28131,tick05,14:54:26
28132,tick05,14:54:26
28133,tick05,14:54:27
28134,tick05,14:54:27
28135,tick05,14:54:28
28136,tick05,14:54:28
28137,tick05,14:54:29
28138,tick05,14:54:29
28139,tick05,14:54:30
28140,tick05,14:54:30
28141,tick05,14:54:31
28142,tick05,14:54:31
28143,tick05,14:54:32
28144,tick05,14:54:32
28145,tick05,14:54:33
28146,tick05,14:54:33
28147,tick05,14:54:34
28148,tick05,14:54:34
28149,tick05,14:54:35
28150,tick05,14:54:35
28151,tick05,14:54:36
28152,tick05,14:54:36
28153,tick05,14:54:37
28154,tick05,14:54:37
28155,tick05,14:54:38
28156,tick05,14:54:38
28157,tick05,14:54:39
28158,tick05,14:54:39
28159,tick05,14:54:40
28160,tick05,14:54:40
28161,tick05,14:54:41
28162,tick05,14:54:41
28163,tick05,14:54:42
28164,tick05,14:54:42
28165,tick05,14:54:43
28166,tick05,14:54:43
28167,tick05,14:54:44
28168,tick05,14:54:44
28169,tick05,14:54:45
28170,tick05,14:54:45
28171,tick05,14:54:46
28172,tick05,14:54:46
28173,tick05,14:54:47
28174,tick05,14:54:47
28175,tick05,14:54:48
28176,tick05,14:54:48
28177,tick05,14:54:49
28178,tick05,14:54:49
28179,tick05,14:54:50
28180,tick05,14:54:50
28181,tick05,14:54:51
28182,tick05,14:54:51
28183,tick05,14:54:52
28184,tick05,14:54:52
28185,tick05,14:54:53
28186,tick05,14:54:53
28187,tick05,14:54:54
28188,tick05,14:54:54
28189,tick05,14:54:55
28190,tick05,14:54:55
28191,tick05,14:54:56
28192,tick05,14:54:56
28193,tick05,14:54:57
28194,tick05,14:54:57
28195,tick05,14:54:58
28196,tick05,14:54:58
28197,tick05,14:54:59
28198,tick05,14:54:59
28199,tick05,14:55:00
28200,tick05,14:55:00
28201,tick05,14:55:01
28202,tick05,14:55:01
28203,tick05,14:55:02
28204,tick05,14:55:02
28205,tick05,14:55:03
28206,tick05,14:55:03
28207,tick05,14:55:04
28208,tick05,14:55:04
28209,tick05,14:55:05
28210,tick05,14:55:05
28211,tick05,14:55:06
28212,tick05,14:55:06
28213,tick05,14:55:07
28214,tick05,14:55:07
28215,tick05,14:55:08
28216,tick05,14:55:08
28217,tick05,14:55:09
28218,tick05,14:55:09
28219,tick05,14:55:10
28220,tick05,14:55:10
28221,tick05,14:55:11
28222,tick05,14:55:11
28223,tick05,14:55:12
28224,tick05,14:55:12
28225,tick05,14:55:13
28226,tick05,14:55:13
28227,tick05,14:55:14
28228,tick05,14:55:14
28229,tick05,14:55:15
28230,tick05,14:55:15
28231,tick05,14:55:16
28232,tick05,14:55:16
28233,tick05,14:55:17
28234,tick05,14:55:17
28235,tick05,14:55:18
28236,tick05,14:55:18
28237,tick05,14:55:19
28238,tick05,14:55:19
28239,tick05,14:55:20
28240,tick05,14:55:20
28241,tick05,14:55:21
28242,tick05,14:55:21
28243,tick05,14:55:22
28244,tick05,14:55:22
28245,tick05,14:55:23
28246,tick05,14:55:23
28247,tick05,14:55:24
28248,tick05,14:55:24
28249,tick05,14:55:25
28250,tick05,14:55:25
28251,tick05,14:55:26
28252,tick05,14:55:26
28253,tick05,14:55:27
28254,tick05,14:55:27
28255,tick05,14:55:28
28256,tick05,14:55:28
28257,tick05,14:55:29
28258,tick05,14:55:29
28259,tick05,14:55:30
28260,tick05,14:55:30
28261,tick05,14:55:31
28262,tick05,14:55:31
28263,tick05,14:55:32
28264,tick05,14:55:32
28265,tick05,14:55:33
28266,tick05,14:55:33
28267,tick05,14:55:34
28268,tick05,14:55:34
28269,tick05,14:55:35
28270,tick05,14:55:35
28271,tick05,14:55:36
28272,tick05,14:55:36
28273,tick05,14:55:37
28274,tick05,14:55:37
28275,tick05,14:55:38
28276,tick05,14:55:38
28277,tick05,14:55:39
28278,tick05,14:55:39
28279,tick05,14:55:40
28280,tick05,14:55:40
28281,tick05,14:55:41
28282,tick05,14:55:41
28283,tick05,14:55:42
28284,tick05,14:55:42
28285,tick05,14:55:43
28286,tick05,14:55:43
28287,tick05,14:55:44
28288,tick05,14:55:44
28289,tick05,14:55:45
28290,tick05,14:55:45
28291,tick05,14:55:46
28292,tick05,14:55:46
28293,tick05,14:55:47
28294,tick05,14:55:47
28295,tick05,14:55:48
28296,tick05,14:55:48
28297,tick05,14:55:49
28298,tick05,14:55:49
28299,tick05,14:55:50
28300,tick05,14:55:50
28301,tick05,14:55:51
28302,tick05,14:55:51
28303,tick05,14:55:52
28304,tick05,14:55:52
28305,tick05,14:55:53
28306,tick05,14:55:53
28307,tick05,14:55:54
28308,tick05,14:55:54
28309,tick05,14:55:55
28310,tick05,14:55:55
28311,tick05,14:55:56
28312,tick05,14:55:56
28313,tick05,14:55:57
28314,tick05,14:55:57
28315,tick05,14:55:58
28316,tick05,14:55:58
28317,tick05,14:55:59
28318,tick05,14:55:59
28319,tick05,14:56:00
28320,tick05,14:56:00
28321,tick05,14:56:01
28322,tick05,14:56:01
28323,tick05,14:56:02
28324,tick05,14:56:02
28325,tick05,14:56:03
28326,tick05,14:56:03
28327,tick05,14:56:04
28328,tick05,14:56:04
28329,tick05,14:56:05
28330,tick05,14:56:05
28331,tick05,14:56:06
28332,tick05,14:56:06
28333,tick05,14:56:07
28334,tick05,14:56:07
28335,tick05,14:56:08
28336,tick05,14:56:08
28337,tick05,14:56:09
28338,tick05,14:56:09
28339,tick05,14:56:10
28340,tick05,14:56:10
28341,tick05,14:56:11
28342,tick05,14:56:11
28343,tick05,14:56:12
28344,tick05,14:56:12
28345,tick05,14:56:13
28346,tick05,14:56:13
28347,tick05,14:56:14
28348,tick05,14:56:14
28349,tick05,14:56:15
28350,tick05,14:56:15
28351,tick05,14:56:16
28352,tick05,14:56:16
28353,tick05,14:56:17
28354,tick05,14:56:17
28355,tick05,14:56:18
28356,tick05,14:56:18
28357,tick05,14:56:19
28358,tick05,14:56:19
28359,tick05,14:56:20
28360,tick05,14:56:20
28361,tick05,14:56:21
28362,tick05,14:56:21
28363,tick05,14:56:22
28364,tick05,14:56:22
28365,tick05,14:56:23
28366,tick05,14:56:23
28367,tick05,14:56:24
28368,tick05,14:56:24
28369,tick05,14:56:25
28370,tick05,14:56:25
28371,tick05,14:56:26
28372,tick05,14:56:26
28373,tick05,14:56:27
28374,tick05,14:56:27
28375,tick05,14:56:28
28376,tick05,14:56:28
28377,tick05,14:56:29
28378,tick05,14:56:29
28379,tick05,14:56:30
28380,tick05,14:56:30
28381,tick05,14:56:31
28382,tick05,14:56:31
28383,tick05,14:56:32
28384,tick05,14:56:32
28385,tick05,14:56:33
28386,tick05,14:56:33
28387,tick05,14:56:34
28388,tick05,14:56:34
28389,tick05,14:56:35
28390,tick05,14:56:35
28391,tick05,14:56:36
28392,tick05,14:56:36
28393,tick05,14:56:37
28394,tick05,14:56:37
28395,tick05,14:56:38
28396,tick05,14:56:38
28397,tick05,14:56:39
28398,tick05,14:56:39
28399,tick05,14:56:40
28400,tick05,14:56:40
28401,tick05,14:56:41
28402,tick05,14:56:41
28403,tick05,14:56:42
28404,tick05,14:56:42
28405,tick05,14:56:43
28406,tick05,14:56:43
28407,tick05,14:56:44
28408,tick05,14:56:44
28409,tick05,14:56:45
28410,tick05,14:56:45
28411,tick05,14:56:46
28412,tick05,14:56:46
28413,tick05,14:56:47
28414,tick05,14:56:47
28415,tick05,14:56:48
28416,tick05,14:56:48
28417,tick05,14:56:49
28418,tick05,14:56:49
28419,tick05,14:56:50
28420,tick05,14:56:50
28421,tick05,14:56:51
28422,tick05,14:56:51
28423,tick05,14:56:52
28424,tick05,14:56:52
28425,tick05,14:56:53
28426,tick05,14:56:53
28427,tick05,14:56:54
28428,tick05,14:56:54
28429,tick05,14:56:55
28430,tick05,14:56:55
28431,tick05,14:56:56
28432,tick05,14:56:56
28433,tick05,14:56:57
28434,tick05,14:56:57
28435,tick05,14:56:58
28436,tick05,14:56:58
28437,tick05,14:56:59
28438,tick05,14:56:59
28439,tick05,14:57:00
28440,tick05,14:57:00
28441,tick05,14:57:01
28442,tick05,14:57:01
28443,tick05,14:57:02
28444,tick05,14:57:02
28445,tick05,14:57:03
28446,tick05,14:57:03
28447,tick05,14:57:04
28448,tick05,14:57:04
28449,tick05,14:57:05
28450,tick05,14:57:05
28451,tick05,14:57:06
28452,tick05,14:57:06
28453,tick05,14:57:07
28454,tick05,14:57:07
28455,tick05,14:57:08
28456,tick05,14:57:08
28457,tick05,14:57:09
28458,tick05,14:57:09
28459,tick05,14:57:10
28460,tick05,14:57:10
28461,tick05,14:57:11
28462,tick05,14:57:11
28463,tick05,14:57:12
28464,tick05,14:57:12
28465,tick05,14:57:13
28466,tick05,14:57:13
28467,tick05,14:57:14
28468,tick05,14:57:14
28469,tick05,14:57:15
28470,tick05,14:57:15
28471,tick05,14:57:16
28472,tick05,14:57:16
28473,tick05,14:57:17
28474,tick05,14:57:17
28475,tick05,14:57:18
28476,tick05,14:57:18
28477,tick05,14:57:19
28478,tick05,14:57:19
28479,tick05,14:57:20
28480,tick05,14:57:20
28481,tick05,14:57:21
28482,tick05,14:57:21
28483,tick05,14:57:22
28484,tick05,14:57:22
28485,tick05,14:57:23
28486,tick05,14:57:23
28487,tick05,14:57:24
28488,tick05,14:57:24
28489,tick05,14:57:25
28490,tick05,14:57:25
28491,tick05,14:57:26
28492,tick05,14:57:26
28493,tick05,14:57:27
28494,tick05,14:57:27
28495,tick05,14:57:28
28496,tick05,14:57:28
28497,tick05,14:57:29
28498,tick05,14:57:29
28499,tick05,14:57:30
28500,tick05,14:57:30
28501,tick05,14:57:31
28502,tick05,14:57:31
28503,tick05,14:57:32
28504,tick05,14:57:32
28505,tick05,14:57:33
28506,tick05,14:57:33
28507,tick05,14:57:34
28508,tick05,14:57:34
28509,tick05,14:57:35
28510,tick05,14:57:35
28511,tick05,14:57:36
28512,tick05,14:57:36
28513,tick05,14:57:37
28514,tick05,14:57:37
28515,tick05,14:57:38
28516,tick05,14:57:38
28517,tick05,14:57:39
28518,tick05,14:57:39
28519,tick05,14:57:40
28520,tick05,14:57:40
28521,tick05,14:57:41
28522,tick05,14:57:41
28523,tick05,14:57:42
28524,tick05,14:57:42
28525,tick05,14:57:43
28526,tick05,14:57:43
28527,tick05,14:57:44
28528,tick05,14:57:44
28529,tick05,14:57:45
28530,tick05,14:57:45
28531,tick05,14:57:46
28532,tick05,14:57:46
28533,tick05,14:57:47
28534,tick05,14:57:47
28535,tick05,14:57:48
28536,tick05,14:57:48
28537,tick05,14:57:49
28538,tick05,14:57:49
28539,tick05,14:57:50
28540,tick05,14:57:50
28541,tick05,14:57:51
28542,tick05,14:57:51
28543,tick05,14:57:52
28544,tick05,14:57:52
28545,tick05,14:57:53
28546,tick05,14:57:53
28547,tick05,14:57:54
28548,tick05,14:57:54
28549,tick05,14:57:55
28550,tick05,14:57:55
28551,tick05,14:57:56
28552,tick05,14:57:56
28553,tick05,14:57:57
28554,tick05,14:57:57
28555,tick05,14:57:58
28556,tick05,14:57:58
28557,tick05,14:57:59
28558,tick05,14:57:59
28559,tick05,14:58:00
28560,tick05,14:58:00
28561,tick05,14:58:01
28562,tick05,14:58:01
28563,tick05,14:58:02
28564,tick05,14:58:02
28565,tick05,14:58:03
28566,tick05,14:58:03
28567,tick05,14:58:04
28568,tick05,14:58:04
28569,tick05,14:58:05
28570,tick05,14:58:05
28571,tick05,14:58:06
28572,tick05,14:58:06
28573,tick05,14:58:07
28574,tick05,14:58:07
28575,tick05,14:58:08
28576,tick05,14:58:08
28577,tick05,14:58:09
28578,tick05,14:58:09
28579,tick05,14:58:10
28580,tick05,14:58:10
28581,tick05,14:58:11
28582,tick05,14:58:11
28583,tick05,14:58:12
28584,tick05,14:58:12
28585,tick05,14:58:13
28586,tick05,14:58:13
28587,tick05,14:58:14
28588,tick05,14:58:14
28589,tick05,14:58:15
28590,tick05,14:58:15
28591,tick05,14:58:16
28592,tick05,14:58:16
28593,tick05,14:58:17
28594,tick05,14:58:17
28595,tick05,14:58:18
28596,tick05,14:58:18
28597,tick05,14:58:19
28598,tick05,14:58:19
28599,tick05,14:58:20
28600,tick05,14:58:20
28601,tick05,14:58:21
28602,tick05,14:58:21
28603,tick05,14:58:22
28604,tick05,14:58:22
28605,tick05,14:58:23
28606,tick05,14:58:23
28607,tick05,14:58:24
28608,tick05,14:58:24
28609,tick05,14:58:25
28610,tick05,14:58:25
28611,tick05,14:58:26
28612,tick05,14:58:26
28613,tick05,14:58:27
28614,tick05,14:58:27
28615,tick05,14:58:28
28616,tick05,14:58:28
28617,tick05,14:58:29
28618,tick05,14:58:29
28619,tick05,14:58:30
28620,tick05,14:58:30
28621,tick05,14:58:31
28622,tick05,14:58:31
28623,tick05,14:58:32
28624,tick05,14:58:32
28625,tick05,14:58:33
28626,tick05,14:58:33
28627,tick05,14:58:34
28628,tick05,14:58:34
28629,tick05,14:58:35
28630,tick05,14:58:35
28631,tick05,14:58:36
28632,tick05,14:58:36
28633,tick05,14:58:37
28634,tick05,14:58:37
28635,tick05,14:58:38
28636,tick05,14:58:38
28637,tick05,14:58:39
28638,tick05,14:58:39
28639,tick05,14:58:40
28640,tick05,14:58:40
28641,tick05,14:58:41
28642,tick05,14:58:41
28643,tick05,14:58:42
28644,tick05,14:58:42
28645,tick05,14:58:43
28646,tick05,14:58:43
28647,tick05,14:58:44
28648,tick05,14:58:44
28649,tick05,14:58:45
28650,tick05,14:58:45
28651,tick05,14:58:46
28652,tick05,14:58:46
28653,tick05,14:58:47
28654,tick05,14:58:47
28655,tick05,14:58:48
28656,tick05,14:58:48
28657,tick05,14:58:49
28658,tick05,14:58:49
28659,tick05,14:58:50
28660,tick05,14:58:50
28661,tick05,14:58:51
28662,tick05,14:58:51
28663,tick05,14:58:52
28664,tick05,14:58:52
28665,tick05,14:58:53
28666,tick05,14:58:53
28667,tick05,14:58:54
28668,tick05,14:58:54
28669,tick05,14:58:55
28670,tick05,14:58:55
28671,tick05,14:58:56
28672,tick05,14:58:56
28673,tick05,14:58:57
28674,tick05,14:58:57
28675,tick05,14:58:58
28676,tick05,14:58:58
28677,tick05,14:58:59
28678,tick05,14:58:59
28679,tick05,14:59:00
28680,tick05,14:59:00
28681,tick05,14:59:01
28682,tick05,14:59:01
28683,tick05,14:59:02
28684,tick05,14:59:02
28685,tick05,14:59:03
28686,tick05,14:59:03
28687,tick05,14:59:04
28688,tick05,14:59:04
28689,tick05,14:59:05
28690,tick05,14:59:05
28691,tick05,14:59:06
28692,tick05,14:59:06
28693,tick05,14:59:07
28694,tick05,14:59:07
28695,tick05,14:59:08
28696,tick05,14:59:08
28697,tick05,14:59:09
28698,tick05,14:59:09
28699,tick05,14:59:10
28700,tick05,14:59:10
28701,tick05,14:59:11
28702,tick05,14:59:11
28703,tick05,14:59:12
28704,tick05,14:59:12
28705,tick05,14:59:13
28706,tick05,14:59:13
28707,tick05,14:59:14
28708,tick05,14:59:14
28709,tick05,14:59:15
28710,tick05,14:59:15
28711,tick05,14:59:16
28712,tick05,14:59:16
28713,tick05,14:59:17
28714,tick05,14:59:17
28715,tick05,14:59:18
28716,tick05,14:59:18
28717,tick05,14:59:19
28718,tick05,14:59:19
28719,tick05,14:59:20
28720,tick05,14:59:20
28721,tick05,14:59:21
28722,tick05,14:59:21
28723,tick05,14:59:22
28724,tick05,14:59:22
28725,tick05,14:59:23
28726,tick05,14:59:23
28727,tick05,14:59:24
28728,tick05,14:59:24
28729,tick05,14:59:25
28730,tick05,14:59:25
28731,tick05,14:59:26
28732,tick05,14:59:26
28733,tick05,14:59:27
28734,tick05,14:59:27
28735,tick05,14:59:28
28736,tick05,14:59:28
28737,tick05,14:59:29
28738,tick05,14:59:29
28739,tick05,14:59:30
28740,tick05,14:59:30
28741,tick05,14:59:31
28742,tick05,14:59:31
28743,tick05,14:59:32
28744,tick05,14:59:32
28745,tick05,14:59:33
28746,tick05,14:59:33
28747,tick05,14:59:34
28748,tick05,14:59:34
28749,tick05,14:59:35
28750,tick05,14:59:35
28751,tick05,14:59:36
28752,tick05,14:59:36
28753,tick05,14:59:37
28754,tick05,14:59:37
28755,tick05,14:59:38
28756,tick05,14:59:38
28757,tick05,14:59:39
28758,tick05,14:59:39
28759,tick05,14:59:40
28760,tick05,14:59:40
28761,tick05,14:59:41
28762,tick05,14:59:41
28763,tick05,14:59:42
28764,tick05,14:59:42
28765,tick05,14:59:43
28766,tick05,14:59:43
28767,tick05,14:59:44
28768,tick05,14:59:44
28769,tick05,14:59:45
28770,tick05,14:59:45
28771,tick05,14:59:46
28772,tick05,14:59:46
28773,tick05,14:59:47
28774,tick05,14:59:47
28775,tick05,14:59:48
28776,tick05,14:59:48
28777,tick05,14:59:49
28778,tick05,14:59:49
28779,tick05,14:59:50
28780,tick05,14:59:50
28781,tick05,14:59:51
28782,tick05,14:59:51
28783,tick05,14:59:52
28784,tick05,14:59:52
28785,tick05,14:59:53
28786,tick05,14:59:53
28787,tick05,14:59:54
28788,tick05,14:59:54
28789,tick05,14:59:55
28790,tick05,14:59:55
28791,tick05,14:59:56
28792,tick05,14:59:56
28793,tick05,14:59:57
28794,tick05,14:59:57
28795,tick05,14:59:58
28796,tick05,14:59:58
28797,tick05,14:59:59
28798,tick05,14:59:59
28799,tick05,15:00:00
