ID,WindCode,StartDate,EndDate
0,000005.SZ,19901210,20751231
1,600601.SH,19901219,20751231
2,600602.SH,19901219,20751231
3,600651.SH,19901219,20751231
4,600652.SH,19901219,20751231
5,600653.SH,19901219,20751231
6,600654.SH,19901219,20751231
7,600656.SH,19901219,20160513
8,000004.SZ,19910114,20751231
9,000002.SZ,19910129,20751231
10,000001.SZ,19910403,20751231
11,000009.SZ,19910625,20751231
12,000003.SZ,19910703,20020614
13,600603.SH,19920113,20751231
14,000012.SZ,19920228,20751231
15,000016.SZ,19920327,20751231
16,600604.SH,19920327,20751231
17,600605.SH,19920327,20751231
18,600606.SH,19920327,20751231
19,600607.SH,19920327,20100212
20,600608.SH,19920327,20751231
21,000011.SZ,19920330,20751231
22,000017.SZ,19920331,20751231
23,000007.SZ,19920413,20751231
24,000006.SZ,19920427,20751231
25,000020.SZ,19920428,20751231
26,000013.SZ,19920506,20040920
27,000008.SZ,19920507,20751231
28,000014.SZ,19920602,20751231
29,000018.SZ,19920616,20200107
30,000015.SZ,19920625,20011022
31,600609.SH,19920724,20751231
32,600610.SH,19920805,20751231
33,600611.SH,19920807,20751231
34,600612.SH,19920814,20751231
35,600613.SH,19920820,20751231
36,600614.SH,19920828,20210721
37,600655.SH,19920902,20751231
38,600615.SH,19920910,20751231
39,600616.SH,19920929,20751231
40,000019.SZ,19921012,20751231
41,600617.SH,19921013,20751231
42,600618.SH,19921113,20751231
43,600619.SH,19921116,20751231
44,600620.SH,19921117,20751231
45,000501.SZ,19921120,20751231
46,000502.SZ,19921123,20751231
47,000503.SZ,19921130,20751231
48,600621.SH,19921202,20751231
49,600622.SH,19921203,20751231
50,600623.SH,19921204,20751231
51,000504.SZ,19921208,20751231
52,000505.SZ,19921221,20751231
53,600624.SH,19930105,20751231
54,600625.SH,19930106,20010423
55,600626.SH,19930107,20751231
56,600627.SH,19930118,20081126
57,600628.SH,19930119,20751231
58,600629.SH,19930209,20751231
59,600630.SH,19930209,20751231
60,600631.SH,19930219,20110823
61,600632.SH,19930219,20041118
62,600633.SH,19930304,20751231
63,600634.SH,19930304,20210721
64,600635.SH,19930304,20751231
65,000506.SZ,19930312,20751231
66,600636.SH,19930316,20751231
67,600637.SH,19930316,20751231
68,000507.SZ,19930326,20751231
69,600638.SH,19930326,20751231
70,600639.SH,19930326,20751231
71,600640.SH,19930407,20751231
72,600641.SH,19930407,20751231
73,600642.SH,19930416,20751231
74,600643.SH,19930426,20751231
75,600644.SH,19930426,20751231
76,000023.SZ,19930429,20751231
77,000508.SZ,19930430,19990712
78,600645.SH,19930504,20751231
79,600646.SH,19930504,20030922
80,600647.SH,19930504,20751231
81,600648.SH,19930504,20751231
82,001872.SZ,19930505,20751231
83,000509.SZ,19930507,20751231
84,000510.SZ,19930507,20751231
85,000511.SZ,19930518,20180718
86,600649.SH,19930518,20751231
87,600657.SH,19930524,20751231
88,600658.SH,19930524,20751231
89,600659.SH,19930528,20060323
90,000026.SZ,19930603,20751231
91,000024.SZ,19930607,20151230
92,600650.SH,19930607,20751231
93,600660.SH,19930610,20751231
94,600661.SH,19930614,20751231
95,600662.SH,19930614,20751231
96,000025.SZ,19930621,20751231
97,600663.SH,19930628,20751231
98,600664.SH,19930629,20751231
99,600665.SH,19930709,20751231
100,000514.SZ,19930712,20751231
101,000515.SZ,19930712,20090506
102,600666.SH,19930712,20751231
103,600667.SH,19930728,20751231
104,600668.SH,19930728,20751231
105,000517.SZ,19930806,20751231
106,600669.SH,19930806,20040915
107,000028.SZ,19930809,20751231
108,000516.SZ,19930809,20751231
109,600670.SH,19930809,20040924
110,600671.SH,19930823,20751231
111,600600.SH,19930827,20751231
112,000027.SZ,19930903,20751231
113,000518.SZ,19930908,20751231
114,000029.SZ,19930915,20751231
115,600672.SH,19930917,20050805
116,600673.SH,19930917,20751231
117,600674.SH,19930924,20751231
118,600675.SH,19930924,20751231
119,600676.SH,19930928,20751231
120,600677.SH,19930928,20210318
121,000030.SZ,19930929,20751231
122,000031.SZ,19931008,20751231
123,000519.SZ,19931008,20751231
124,600678.SH,19931008,20751231
125,600679.SH,19931008,20751231
126,000521.SZ,19931018,20751231
127,600680.SH,19931018,20190524
128,600681.SH,19931018,20751231
129,600682.SH,19931018,20751231
130,000520.SZ,19931025,20751231
131,600683.SH,19931025,20751231
132,000032.SZ,19931028,20751231
133,000513.SZ,19931028,20751231
134,000525.SZ,19931028,20751231
135,600684.SH,19931028,20751231
136,600685.SH,19931028,20751231
137,000526.SZ,19931101,20751231
138,000522.SZ,19931108,20130426
139,000523.SZ,19931108,20751231
140,600686.SH,19931108,20751231
141,600687.SH,19931108,20210303
142,600688.SH,19931108,20751231
143,600689.SH,19931108,20751231
144,000527.SZ,19931112,20130918
145,000524.SZ,19931118,20751231
146,000528.SZ,19931118,20751231
147,000529.SZ,19931118,20751231
148,600690.SH,19931119,20751231
149,600691.SH,19931119,20751231
150,600692.SH,19931119,20751231
151,600693.SH,19931122,20751231
152,600694.SH,19931122,20751231
153,600695.SH,19931122,20751231
154,000541.SZ,19931123,20751231
155,000536.SZ,19931126,20751231
156,000539.SZ,19931126,20751231
157,000535.SZ,19931130,20050921
158,000547.SZ,19931130,20751231
159,000542.SZ,19931201,20040113
160,000550.SZ,19931201,20751231
161,000553.SZ,19931203,20751231
162,600696.SH,19931206,20751231
163,600697.SH,19931206,20751231
164,600698.SH,19931206,20751231
165,600699.SH,19931206,20751231
166,600800.SH,19931206,20751231
167,000530.SZ,19931208,20751231
168,000544.SZ,19931208,20751231
169,000537.SZ,19931210,20751231
170,000538.SZ,19931215,20751231
171,000545.SZ,19931215,20751231
172,000546.SZ,19931215,20751231
173,000554.SZ,19931215,20751231
174,000543.SZ,19931220,20751231
175,000548.SZ,19931220,20751231
176,000549.SZ,19931220,20070427
177,000033.SZ,19940103,20170707
178,000532.SZ,19940103,20751231
179,000533.SZ,19940103,20751231
180,600801.SH,19940103,20751231
181,600802.SH,19940103,20751231
182,600803.SH,19940103,20751231
183,600804.SH,19940103,20751231
184,600805.SH,19940103,20751231
185,600806.SH,19940103,20180713
186,600807.SH,19940103,20751231
187,000531.SZ,19940106,20751231
188,000551.SZ,19940106,20751231
189,000552.SZ,19940106,20751231
190,600808.SH,19940106,20751231
191,600809.SH,19940106,20751231
192,600810.SH,19940106,20751231
193,600811.SH,19940106,20751231
194,000534.SZ,19940110,20751231
195,000559.SZ,19940110,20751231
196,000563.SZ,19940110,20751231
197,000564.SZ,19940110,20751231
198,600812.SH,19940114,20751231
199,600813.SH,19940114,20020916
200,600814.SH,19940114,20751231
201,600815.SH,19940128,20751231
202,600816.SH,19940128,20751231
203,600817.SH,19940128,20751231
204,600818.SH,19940128,20751231
205,600819.SH,19940128,20751231
206,600820.SH,19940128,20751231
207,600821.SH,19940128,20751231
208,000021.SZ,19940202,20751231
209,000540.SZ,19940202,20751231
210,000560.SZ,19940202,20751231
211,000562.SZ,19940202,20150126
212,600822.SH,19940204,20751231
213,600823.SH,19940204,20751231
214,600824.SH,19940204,20751231
215,600825.SH,19940204,20751231
216,600826.SH,19940204,20751231
217,600827.SH,19940204,20751231
218,600828.SH,19940224,20751231
219,600829.SH,19940224,20751231
220,600830.SH,19940224,20751231
221,600831.SH,19940224,20751231
222,600832.SH,19940224,20150520
223,600833.SH,19940224,20751231
224,600834.SH,19940224,20751231
225,600835.SH,19940224,20751231
226,600836.SH,19940224,20751231
227,600837.SH,19940224,20751231
228,600838.SH,19940224,20751231
229,600839.SH,19940311,20751231
230,600840.SH,19940311,20090827
231,600841.SH,19940311,20751231
232,600842.SH,19940311,20100212
233,600843.SH,19940311,20751231
234,600844.SH,19940311,20751231
235,600845.SH,19940311,20751231
236,600846.SH,19940311,20751231
237,600847.SH,19940324,20751231
238,600848.SH,19940324,20751231
239,600850.SH,19940324,20751231
240,601607.SH,19940324,20751231
241,600851.SH,19940404,20751231
242,600852.SH,19940404,20050916
243,600853.SH,19940404,20751231
244,000035.SZ,19940408,20751231
245,000039.SZ,19940408,20751231
246,000555.SZ,19940408,20751231
247,000565.SZ,19940408,20751231
248,000569.SZ,19940425,20090506
249,600854.SH,19940425,20751231
250,600855.SH,19940425,20751231
251,600856.SH,19940425,20751231
252,600857.SH,19940425,20751231
253,600858.SH,19940506,20751231
254,600859.SH,19940506,20751231
255,600860.SH,19940506,20751231
256,000034.SZ,19940509,20751231
257,000558.SZ,19940509,20751231
258,000561.SZ,19940509,20751231
259,000568.SZ,19940509,20751231
260,600861.SH,19940520,20751231
261,600862.SH,19940520,20751231
262,600863.SH,19940520,20751231
263,000556.SZ,19940525,20020529
264,000566.SZ,19940525,20751231
265,000567.SZ,19940525,20751231
266,000571.SZ,19940525,20751231
267,000036.SZ,19940617,20751231
268,000557.SZ,19940617,20751231
269,000037.SZ,19940701,20751231
270,000570.SZ,19940701,20751231
271,000038.SZ,19940808,20751231
272,000040.SZ,19940808,20751231
273,000572.SZ,19940808,20751231
274,600864.SH,19940809,20751231
275,600865.SH,19940809,20751231
276,000045.SZ,19940815,20751231
277,000573.SZ,19940815,20751231
278,600866.SH,19940818,20751231
279,600867.SH,19940824,20751231
280,000576.SZ,19940907,20751231
281,000046.SZ,19940912,20751231
282,600868.SH,19940912,20751231
283,000042.SZ,19940921,20751231
284,001914.SZ,19940928,20751231
285,000047.SZ,19941021,20030530
286,000048.SZ,19941101,20751231
287,600872.SH,19950124,20751231
288,600869.SH,19950206,20751231
289,600873.SH,19950217,20751231
290,600870.SH,19950228,20751231
291,000578.SZ,19950303,20110322
292,000050.SZ,19950315,20751231
293,000049.SZ,19950320,20751231
294,600871.SH,19950411,20751231
295,600874.SH,19950630,20751231
296,600875.SH,19951010,20751231
297,600877.SH,19951013,20751231
298,600878.SH,19951013,20040915
299,000010.SZ,19951027,20751231
300,600876.SH,19951031,20751231
301,000583.SZ,19951101,20070521
302,000582.SZ,19951102,20751231
303,600879.SH,19951115,20751231
304,600880.SH,19951115,20751231
305,600881.SH,19951115,20751231
306,000584.SZ,19951128,20751231
307,600882.SH,19951206,20751231
308,600883.SH,19951208,20751231
309,000585.SZ,19951213,20751231
310,000586.SZ,19951220,20751231
311,600886.SH,19960118,20751231
312,000590.SZ,19960119,20751231
313,000588.SZ,19960123,20010615
314,600884.SH,19960130,20751231
315,600885.SH,19960205,20751231
316,000591.SZ,19960208,20751231
317,600888.SH,19960215,20751231
318,000589.SZ,19960308,20751231
319,600889.SH,19960308,20751231
320,000593.SZ,19960312,20751231
321,600887.SH,19960312,20751231
322,600892.SH,19960315,20751231
323,600890.SH,19960318,20751231
324,000594.SZ,19960320,20150713
325,600891.SH,19960325,20210512
326,000592.SZ,19960327,20751231
327,600894.SH,19960328,20751231
328,600893.SH,19960408,20751231
329,000055.SZ,19960415,20751231
330,600898.SH,19960418,20751231
331,000595.SZ,19960419,20751231
332,600895.SH,19960422,20751231
333,000587.SZ,19960425,20751231
334,600899.SH,19960426,20050921
335,000599.SZ,19960430,20751231
336,600700.SH,19960430,20050920
337,600896.SH,19960503,20751231
338,600705.SH,19960516,20751231
339,600706.SH,19960516,20751231
340,600707.SH,19960520,20751231
341,000597.SZ,19960523,20751231
342,600702.SH,19960524,20751231
343,600701.SH,19960528,20210430
344,600703.SH,19960528,20751231
345,000598.SZ,19960529,20751231
346,600711.SH,19960531,20751231
347,600897.SH,19960531,20751231
348,000600.SZ,19960606,20751231
349,600704.SH,19960606,20751231
350,600708.SH,19960606,20751231
351,600714.SH,19960606,20751231
352,000401.SZ,19960614,20751231
353,600717.SH,19960614,20751231
354,600709.SH,19960618,20030523
355,600718.SH,19960618,20751231
356,000404.SZ,19960619,20751231
357,000405.SZ,19960620,20040319
358,000402.SZ,19960626,20751231
359,600712.SH,19960626,20751231
360,600721.SH,19960626,20751231
361,600722.SH,19960626,20751231
362,000409.SZ,19960627,20751231
363,000403.SZ,19960628,20751231
364,000406.SZ,19960628,20060421
365,000408.SZ,19960628,20751231
366,600710.SH,19960701,20751231
367,600713.SH,19960701,20751231
368,600715.SH,19960701,20751231
369,600726.SH,19960701,20751231
370,600716.SH,19960702,20751231
371,600725.SH,19960702,20751231
372,600727.SH,19960702,20751231
373,600729.SH,19960702,20751231
374,000407.SZ,19960703,20751231
375,000056.SZ,19960708,20751231
376,000412.SZ,19960715,20030919
377,000411.SZ,19960716,20751231
378,000415.SZ,19960716,20751231
379,600719.SH,19960716,20751231
380,600720.SH,19960716,20751231
381,600723.SH,19960716,20211022
382,600724.SH,19960716,20751231
383,600728.SH,19960716,20751231
384,000410.SZ,19960718,20751231
385,000416.SZ,19960719,20751231
386,600730.SH,19960726,20751231
387,600735.SH,19960726,20751231
388,000423.SZ,19960729,20751231
389,600737.SH,19960731,20751231
390,000420.SZ,19960802,20751231
391,600731.SH,19960802,20751231
392,600738.SH,19960802,20751231
393,000421.SZ,19960806,20751231
394,000428.SZ,19960808,20751231
395,600734.SH,19960808,20751231
396,600740.SH,19960808,20751231
397,000417.SZ,19960812,20751231
398,000422.SZ,19960815,20751231
399,600736.SH,19960815,20751231
400,000419.SZ,19960816,20751231
401,600732.SH,19960816,20751231
402,600733.SH,19960816,20751231
403,000602.SZ,19960819,20130814
404,600739.SH,19960819,20751231
405,000603.SZ,19960823,20751231
406,600741.SH,19960826,20751231
407,600742.SH,19960826,20751231
408,000425.SZ,19960828,20751231
409,000426.SZ,19960828,20751231
410,600745.SH,19960828,20751231
411,000430.SZ,19960829,20751231
412,000601.SZ,19960830,20751231
413,000607.SZ,19960830,20751231
414,600744.SH,19960905,20751231
415,600743.SH,19960909,20751231
416,600751.SH,19960909,20751231
417,000605.SZ,19960913,20751231
418,600747.SH,19960916,20191212
419,600746.SH,19960918,20751231
420,000608.SZ,19960919,20751231
421,600750.SH,19960923,20751231
422,600756.SH,19960923,20751231
423,000413.SZ,19960925,20751231
424,600748.SH,19960925,20751231
425,600752.SH,19960925,20050922
426,000610.SZ,19960926,20751231
427,000612.SZ,19960926,20751231
428,000596.SZ,19960927,20751231
429,600753.SH,19960927,20751231
430,600755.SH,19961003,20751231
431,600757.SH,19961003,20751231
432,000606.SZ,19961004,20751231
433,000611.SZ,19961008,20751231
434,600759.SH,19961008,20751231
435,600761.SH,19961009,20751231
436,000609.SZ,19961010,20751231
437,600754.SH,19961011,20751231
438,600760.SH,19961011,20751231
439,000618.SZ,19961015,20060220
440,600749.SH,19961015,20751231
441,000615.SZ,19961016,20751231
442,000617.SZ,19961022,20751231
443,000619.SZ,19961023,20751231
444,600762.SH,19961025,20071120
445,000623.SZ,19961028,20751231
446,600766.SH,19961028,20751231
447,000620.SZ,19961029,20751231
448,600758.SH,19961029,20751231
449,600763.SH,19961030,20751231
450,600769.SH,19961101,20751231
451,600764.SH,19961104,20751231
452,600772.SH,19961104,20061130
453,000621.SZ,19961105,20040927
454,600771.SH,19961105,20751231
455,600765.SH,19961106,20751231
456,000622.SZ,19961107,20751231
457,000616.SZ,19961108,20751231
458,600773.SH,19961108,20751231
459,600774.SH,19961108,20751231
460,600768.SH,19961111,20751231
461,000627.SZ,19961112,20751231
462,000633.SZ,19961112,20751231
463,000637.SZ,19961114,20751231
464,000629.SZ,19961115,20751231
465,600767.SH,19961115,20751231
466,000628.SZ,19961118,20751231
467,000651.SZ,19961118,20751231
468,600775.SH,19961118,20751231
469,000630.SZ,19961120,20751231
470,000635.SZ,19961120,20751231
471,600770.SH,19961120,20751231
472,000632.SZ,19961121,20751231
473,600777.SH,19961121,20751231
474,000631.SZ,19961122,20751231
475,000638.SZ,19961126,20751231
476,000639.SZ,19961126,20751231
477,000653.SZ,19961126,20020913
478,600776.SH,19961126,20751231
479,000626.SZ,19961128,20751231
480,000652.SZ,19961128,20751231
481,000655.SZ,19961128,20751231
482,000656.SZ,19961128,20751231
483,000636.SZ,19961129,20751231
484,000659.SZ,19961203,20751231
485,600778.SH,19961203,20751231
486,000657.SZ,19961205,20751231
487,000667.SZ,19961205,20751231
488,600780.SH,19961205,20751231
489,000663.SZ,19961206,20751231
490,600779.SH,19961206,20751231
491,000660.SZ,19961209,20040913
492,000650.SZ,19961210,20751231
493,000665.SZ,19961210,20751231
494,000666.SZ,19961210,20751231
495,000668.SZ,19961210,20751231
496,000669.SZ,19961210,20751231
497,000662.SZ,19961216,20210412
498,000670.SZ,19961217,20751231
499,000658.SZ,19961218,20020920
500,000661.SZ,19961218,20751231
501,000671.SZ,19961218,20751231
502,000672.SZ,19961218,20751231
503,600781.SH,19961218,20751231
504,000676.SZ,19961224,20751231
505,600782.SH,19961225,20751231
506,600783.SH,19961225,20751231
507,600784.SH,19961225,20751231
508,000058.SZ,19961226,20751231
509,000675.SZ,19961226,20020820
510,000677.SZ,19961226,20751231
511,600786.SH,19961227,20080318
512,600788.SH,19961230,20050325
513,000689.SZ,19961231,20020905
514,000678.SZ,19970106,20751231
515,600785.SH,19970108,20751231
516,000061.SZ,19970110,20751231
517,000688.SZ,19970120,20751231
518,000681.SZ,19970121,20751231
519,000682.SZ,19970121,20751231
520,600787.SH,19970121,20751231
521,000680.SZ,19970122,20751231
522,000060.SZ,19970123,20751231
523,000685.SZ,19970123,20751231
524,600792.SH,19970123,20751231
525,000673.SZ,19970124,20751231
526,000679.SZ,19970124,20751231
527,000613.SZ,19970128,20751231
528,000690.SZ,19970128,20751231
529,000059.SZ,19970130,20751231
530,000062.SZ,19970130,20751231
531,600791.SH,19970130,20751231
532,000683.SZ,19970131,20751231
533,000695.SZ,19970218,20751231
534,000698.SZ,19970220,20751231
535,600793.SH,19970220,20751231
536,000687.SZ,19970221,20751231
537,000693.SZ,19970226,20190709
538,000701.SZ,19970226,20751231
539,600789.SH,19970226,20751231
540,000686.SZ,19970227,20751231
541,000692.SZ,19970227,20751231
542,000691.SZ,19970228,20751231
543,000700.SZ,19970228,20751231
544,600790.SH,19970228,20751231
545,001696.SZ,19970306,20751231
546,600794.SH,19970306,20751231
547,000699.SZ,19970310,20070404
548,000702.SZ,19970318,20751231
549,600795.SH,19970318,20751231
550,000697.SZ,19970325,20751231
551,000708.SZ,19970326,20751231
552,000418.SZ,19970328,20190621
553,000703.SZ,19970328,20751231
554,000719.SZ,19970331,20751231
555,000718.SZ,19970408,20751231
556,600796.SH,19970408,20751231
557,000705.SZ,19970410,20751231
558,600051.SH,19970410,20751231
559,000711.SZ,19970411,20751231
560,000707.SZ,19970415,20751231
561,000712.SZ,19970415,20751231
562,600052.SH,19970415,20751231
563,000709.SZ,19970416,20751231
564,000758.SZ,19970416,20751231
565,600799.SH,19970416,20060104
566,000400.SZ,19970418,20751231
567,000716.SZ,19970418,20751231
568,600053.SH,19970418,20751231
569,600797.SH,19970418,20751231
570,000710.SZ,19970422,20751231
571,000713.SZ,19970422,20751231
572,600060.SH,19970422,20751231
573,600798.SH,19970423,20751231
574,000736.SZ,19970425,20751231
575,000737.SZ,19970428,20751231
576,000721.SZ,19970430,20751231
577,000766.SZ,19970430,20751231
578,600069.SH,19970430,20200827
579,600054.SH,19970506,20751231
580,600064.SH,19970506,20751231
581,000715.SZ,19970508,20751231
582,000717.SZ,19970508,20751231
583,600066.SH,19970508,20751231
584,600067.SH,19970508,20751231
585,000720.SZ,19970509,20751231
586,000739.SZ,19970509,20751231
587,000723.SZ,19970515,20751231
588,600056.SH,19970515,20751231
589,600059.SH,19970516,20751231
590,000759.SZ,19970519,20751231
591,600055.SH,19970519,20751231
592,600061.SH,19970519,20751231
593,000727.SZ,19970520,20751231
594,600077.SH,19970520,20751231
595,000722.SZ,19970522,20751231
596,000730.SZ,19970522,20040924
597,600062.SH,19970522,20751231
598,600065.SH,19970523,20071213
599,600068.SH,19970526,20210913
600,600076.SH,19970526,20751231
601,000779.SZ,19970528,20751231
602,600058.SH,19970528,20751231
603,600063.SH,19970528,20751231
604,600071.SH,19970528,20751231
605,000769.SZ,19970530,20050921
606,600072.SH,19970603,20751231
607,600057.SH,19970604,20751231
608,600070.SH,19970604,20751231
609,000778.SZ,19970606,20751231
610,000780.SZ,19970606,20220124
611,000786.SZ,19970606,20751231
612,600079.SH,19970606,20751231
613,600083.SH,19970606,20751231
614,600086.SH,19970606,20210317
615,000498.SZ,19970609,20751231
616,000767.SZ,19970609,20751231
617,000625.SZ,19970610,20751231
618,000068.SZ,19970611,20751231
619,000735.SZ,19970611,20751231
620,000776.SZ,19970611,20751231
621,600080.SH,19970612,20751231
622,600087.SH,19970612,20140605
623,000728.SZ,19970616,20751231
624,000788.SZ,19970616,20751231
625,600088.SH,19970616,20751231
626,600090.SH,19970616,20751231
627,000731.SZ,19970617,20751231
628,000828.SZ,19970617,20751231
629,600075.SH,19970617,20751231
630,000800.SZ,19970618,20751231
631,600089.SH,19970618,20751231
632,600106.SH,19970618,20751231
633,000782.SZ,19970619,20751231
634,600097.SH,19970619,20751231
635,600082.SH,19970620,20751231
636,600074.SH,19970623,20200602
637,000752.SZ,19970625,20751231
638,000819.SZ,19970625,20751231
639,600085.SH,19970625,20751231
640,000066.SZ,19970626,20751231
641,000738.SZ,19970626,20751231
642,000751.SZ,19970626,20751231
643,000753.SZ,19970626,20751231
644,000768.SZ,19970626,20751231
645,000787.SZ,19970626,20130208
646,000838.SZ,19970626,20751231
647,600092.SH,19970626,20061130
648,600093.SH,19970626,20751231
649,000755.SZ,19970627,20751231
650,000757.SZ,19970627,20751231
651,000760.SZ,19970627,20210723
652,600078.SH,19970627,20751231
653,600100.SH,19970627,20751231
654,600101.SH,19970627,20751231
655,000733.SZ,19970703,20751231
656,000796.SZ,19970703,20751231
657,600081.SH,19970703,20751231
658,600094.SH,19970703,20751231
659,600103.SH,19970703,20751231
660,000732.SZ,19970704,20751231
661,000748.SZ,19970704,20170118
662,600073.SH,19970704,20751231
663,600091.SH,19970704,20751231
664,600099.SH,19970704,20751231
665,000762.SZ,19970708,20751231
666,600095.SH,19970708,20751231
667,000750.SZ,19970709,20751231
668,600096.SH,19970709,20751231
669,000777.SZ,19970710,20751231
670,000785.SZ,19970711,20751231
671,600084.SH,19970711,20751231
672,000797.SZ,19970715,20751231
673,000729.SZ,19970716,20751231
674,000799.SZ,19970718,20751231
675,600098.SH,19970718,20751231
676,000868.SZ,19970725,20751231
677,000088.SZ,19970728,20751231
678,000793.SZ,19970729,20751231
679,000783.SZ,19970731,20751231
680,600116.SH,19970804,20751231
681,000756.SZ,19970806,20751231
682,600109.SH,19970807,20751231
683,000795.SZ,19970808,20751231
684,000816.SZ,19970818,20751231
685,600108.SH,19970818,20751231
686,600102.SH,19970828,20120228
687,600128.SH,19970901,20751231
688,000792.SZ,19970904,20751231
689,600118.SH,19970908,20751231
690,000069.SZ,19970910,20751231
691,000763.SZ,19970915,20060104
692,000789.SZ,19970923,20751231
693,600111.SH,19970924,20751231
694,000863.SZ,19970925,20751231
695,000836.SZ,19970929,20751231
696,600105.SH,19970929,20751231
697,600110.SH,19971007,20751231
698,000823.SZ,19971008,20751231
699,000791.SZ,19971014,20751231
700,600117.SH,19971015,20751231
701,000818.SZ,19971017,20751231
702,000888.SZ,19971021,20751231
703,600113.SH,19971021,20751231
704,600132.SH,19971030,20751231
705,000839.SZ,19971031,20751231
706,000765.SZ,19971103,20050704
707,600115.SH,19971105,20751231
708,600107.SH,19971106,20751231
709,000848.SZ,19971113,20751231
710,000063.SZ,19971118,20751231
711,600129.SH,19971118,20751231
712,600104.SH,19971125,20751231
713,000899.SZ,19971126,20751231
714,600112.SH,19971127,20751231
715,600120.SH,19971201,20751231
716,000829.SZ,19971202,20751231
717,600138.SH,19971203,20751231
718,000889.SZ,19971218,20751231
719,000898.SZ,19971225,20751231
720,600121.SH,19980107,20751231
721,000802.SZ,19980108,20751231
722,000761.SZ,19980115,20751231
723,600119.SH,19980115,20751231
724,001896.SZ,19980122,20751231
725,600001.SH,19980122,20091229
726,600135.SH,19980122,20751231
727,000886.SZ,19980123,20751231
728,000798.SZ,19980212,20751231
729,600133.SH,19980212,20751231
730,600009.SH,19980218,20751231
731,000429.SZ,19980220,20751231
732,000826.SZ,19980225,20751231
733,600139.SH,19980225,20751231
734,000803.SZ,19980303,20751231
735,600136.SH,19980303,20751231
736,000876.SZ,19980311,20751231
737,600126.SH,19980311,20751231
738,000790.SZ,19980327,20751231
739,600158.SH,19980327,20751231
740,000880.SZ,19980402,20751231
741,600131.SH,19980402,20751231
742,000807.SZ,19980408,20751231
743,600002.SH,19980408,20060424
744,000806.SZ,19980416,20751231
745,600137.SH,19980416,20751231
746,000089.SZ,19980420,20751231
747,600122.SH,19980420,20751231
748,000858.SZ,19980427,20751231
749,600168.SH,19980427,20751231
750,000801.SZ,19980506,20751231
751,600127.SH,19980506,20751231
752,600125.SH,19980511,20751231
753,000866.SZ,19980512,20060421
754,600157.SH,19980513,20751231
755,000813.SZ,19980519,20751231
756,000883.SZ,19980519,20751231
757,600148.SH,19980520,20751231
758,600150.SH,19980520,20751231
759,600159.SH,19980526,20751231
760,600156.SH,19980527,20751231
761,000811.SZ,19980528,20751231
762,000817.SZ,19980528,20060104
763,000805.SZ,19980529,20130327
764,600165.SH,19980529,20751231
765,000810.SZ,19980602,20751231
766,000878.SZ,19980602,20751231
767,600163.SH,19980602,20751231
768,600166.SH,19980602,20751231
769,000065.SZ,19980605,20751231
770,600151.SH,19980605,20751231
771,000815.SZ,19980609,20751231
772,000851.SZ,19980609,20751231
773,600152.SH,19980609,20751231
774,600162.SH,19980609,20751231
775,000809.SZ,19980616,20751231
776,000882.SZ,19980616,20751231
777,600153.SH,19980616,20751231
778,600161.SH,19980616,20751231
779,000812.SZ,19980623,20751231
780,600170.SH,19980623,20751231
781,000821.SZ,19980626,20751231
782,600160.SH,19980626,20751231
783,000820.SZ,19980630,20751231
784,600188.SH,19980701,20751231
785,000822.SZ,19980703,20751231
786,600180.SH,19980703,20751231
787,000830.SZ,19980807,20751231
788,600196.SH,19980807,20751231
789,600199.SH,19980812,20751231
790,000856.SZ,19980813,20751231
791,000832.SZ,19980825,20060629
792,600186.SH,19980825,20751231
793,000881.SZ,19980902,20751231
794,600169.SH,19980904,20751231
795,000831.SZ,19980911,20751231
796,000862.SZ,19980915,20751231
797,600155.SH,19980918,20751231
798,000581.SZ,19980924,20751231
799,600171.SH,19980924,20751231
800,000837.SZ,19980928,20751231
801,600181.SH,19980928,20070601
802,000850.SZ,19981007,20751231
803,600189.SH,19981007,20751231
804,600178.SH,19981014,20751231
805,000827.SZ,19981016,20050921
806,000825.SZ,19981021,20751231
807,600198.SH,19981021,20751231
808,000861.SZ,19981028,20751231
809,600183.SH,19981028,20751231
810,000860.SZ,19981104,20751231
811,600179.SH,19981104,20751231
812,000833.SZ,19981111,20751231
813,600187.SH,19981111,20751231
814,000859.SZ,19981119,20751231
815,600177.SH,19981119,20751231
816,000852.SZ,19981126,20751231
817,600172.SH,19981126,20751231
818,000887.SZ,19981203,20751231
819,600218.SH,19981203,20751231
820,000895.SZ,19981210,20751231
821,600191.SH,19981210,20751231
822,600123.SH,19981217,20751231
823,000078.SZ,19981218,20751231
824,000893.SZ,19981224,20751231
825,600192.SH,19981224,20751231
826,000877.SZ,19990107,20751231
827,600195.SH,19990107,20751231
828,000892.SZ,19990115,20751231
829,600201.SH,19990115,20751231
830,000890.SZ,19990119,20751231
831,600228.SH,19990119,20751231
832,000900.SZ,19990128,20751231
833,600167.SH,19990128,20751231
834,000908.SZ,19990203,20751231
835,600266.SH,19990203,20751231
836,000928.SZ,19990312,20751231
837,600007.SH,19990312,20751231
838,000885.SZ,19990319,20751231
839,600206.SH,19990319,20751231
840,000917.SZ,19990325,20751231
841,600209.SH,19990325,20751231
842,000901.SZ,19990401,20751231
843,600200.SH,19990401,20751231
844,000902.SZ,19990408,20751231
845,600175.SH,19990408,20200814
846,000903.SZ,19990415,20751231
847,600173.SH,19990415,20751231
848,000897.SZ,19990422,20751231
849,600176.SH,19990422,20751231
850,000905.SZ,19990429,20751231
851,600359.SH,19990429,20751231
852,000909.SZ,19990507,20751231
853,600182.SH,19990507,20751231
854,000913.SZ,19990514,20751231
855,600203.SH,19990514,20751231
856,000911.SZ,19990527,20751231
857,600193.SH,19990527,20751231
858,000912.SZ,19990603,20751231
859,600202.SH,19990603,20751231
860,000915.SZ,19990609,20751231
861,600190.SH,19990609,20751231
862,000925.SZ,19990611,20751231
863,600185.SH,19990611,20751231
864,000920.SZ,19990616,20751231
865,600141.SH,19990616,20751231
866,000922.SZ,19990618,20751231
867,000926.SZ,19990618,20751231
868,000929.SZ,19990623,20751231
869,600208.SH,19990623,20751231
870,000835.SZ,19990625,20751231
871,000910.SZ,19990630,20751231
872,600205.SH,19990630,20070430
873,000906.SZ,19990707,20751231
874,600146.SH,19990707,20751231
875,000930.SZ,19990712,20751231
876,000931.SZ,19990712,20751231
877,000921.SZ,19990713,20751231
878,000923.SZ,19990714,20751231
879,600207.SH,19990714,20751231
880,000918.SZ,19990720,20751231
881,000090.SZ,19990721,20751231
882,600211.SH,19990721,20751231
883,000927.SZ,19990727,20751231
884,600006.SH,19990727,20751231
885,000932.SZ,19990803,20751231
886,600005.SH,19990803,20170214
887,000936.SZ,19990810,20751231
888,600003.SH,19990810,20100226
889,600212.SH,19990817,20751231
890,000935.SZ,19990824,20751231
891,600210.SH,19990824,20751231
892,000933.SZ,19990831,20751231
893,600213.SH,19990831,20751231
894,000937.SZ,19990909,20751231
895,600215.SH,19990909,20751231
896,000950.SZ,19990916,20751231
897,600197.SH,19990916,20751231
898,000939.SZ,19990923,20201217
899,600145.SH,19990923,20751231
900,000916.SZ,19990927,20171225
901,600220.SH,19990927,20751231
902,000948.SZ,19991014,20751231
903,600149.SH,19991014,20751231
904,000949.SZ,19991021,20751231
905,600216.SH,19991021,20751231
906,000938.SZ,19991104,20751231
907,600222.SH,19991105,20751231
908,000956.SZ,19991110,20060421
909,600000.SH,19991110,20751231
910,000952.SZ,19991112,20751231
911,600226.SH,19991116,20751231
912,000919.SZ,19991118,20751231
913,600268.SH,19991118,20751231
914,000951.SZ,19991125,20751231
915,600221.SH,19991125,20751231
916,000953.SZ,19991202,20751231
917,600239.SH,19991202,20751231
918,000955.SZ,19991209,20751231
919,600286.SH,19991209,20070531
920,000959.SZ,19991216,20751231
921,600217.SH,19991216,20751231
922,000958.SZ,19991223,20751231
923,600219.SH,19991223,20751231
924,000957.SZ,20000113,20751231
925,600223.SH,20000113,20751231
926,000962.SZ,20000120,20751231
927,600238.SH,20000120,20751231
928,000963.SZ,20000127,20751231
929,600225.SH,20000127,20751231
930,000960.SZ,20000221,20751231
931,600227.SH,20000221,20751231
932,000961.SZ,20000301,20751231
933,600500.SH,20000301,20751231
934,000999.SZ,20000309,20751231
935,600229.SH,20000309,20751231
936,000966.SZ,20000316,20751231
937,600236.SH,20000323,20751231
938,000967.SZ,20000330,20751231
939,000965.SZ,20000406,20751231
940,600230.SH,20000406,20751231
941,000970.SZ,20000420,20751231
942,600299.SH,20000420,20751231
943,000971.SZ,20000427,20751231
944,600008.SH,20000427,20751231
945,000070.SZ,20000511,20751231
946,600231.SH,20000511,20751231
947,000978.SZ,20000518,20751231
948,600269.SH,20000518,20751231
949,000973.SZ,20000525,20751231
950,600259.SH,20000525,20751231
951,600256.SH,20000526,20751231
952,000301.SZ,20000529,20751231
953,000969.SZ,20000529,20751231
954,000976.SZ,20000601,20751231
955,600258.SH,20000601,20751231
956,600232.SH,20000602,20751231
957,000975.SZ,20000608,20751231
958,000977.SZ,20000608,20751231
959,000988.SZ,20000608,20751231
960,600233.SH,20000608,20751231
961,600237.SH,20000609,20751231
962,600257.SH,20000612,20751231
963,600234.SH,20000615,20751231
964,600235.SH,20000615,20751231
965,000979.SZ,20000616,20181228
966,000980.SZ,20000616,20751231
967,000968.SZ,20000622,20751231
968,000981.SZ,20000622,20751231
969,600248.SH,20000622,20751231
970,000989.SZ,20000628,20751231
971,600240.SH,20000628,20200205
972,600262.SH,20000630,20751231
973,600300.SH,20000630,20751231
974,000982.SZ,20000706,20751231
975,000990.SZ,20000706,20751231
976,600130.SH,20000706,20751231
977,600260.SH,20000706,20751231
978,600278.SH,20000712,20751231
979,600301.SH,20000712,20751231
980,000987.SZ,20000718,20751231
981,000996.SZ,20000718,20751231
982,600296.SH,20000719,20070430
983,T00018.SH,20000719,20061020
984,600261.SH,20000720,20751231
985,600289.SH,20000720,20751231
986,000096.SZ,20000724,20751231
987,000158.SZ,20000724,20751231
988,600263.SH,20000725,20120301
989,600267.SH,20000725,20751231
990,600277.SH,20000725,20751231
991,000983.SZ,20000726,20751231
992,000985.SZ,20000726,20751231
993,000099.SZ,20000731,20751231
994,000993.SZ,20000731,20751231
995,600279.SH,20000731,20751231
996,600291.SH,20000731,20751231
997,000150.SZ,20000807,20751231
998,000995.SZ,20000807,20751231
999,000997.SZ,20000807,20751231
1000,600275.SH,20000810,20751231
1001,600298.SH,20000818,20751231
1002,600265.SH,20000825,20751231
1003,600287.SH,20000901,20751231
1004,000151.SZ,20000906,20751231
1005,000156.SZ,20000906,20751231
1006,600282.SH,20000919,20751231
1007,600293.SH,20000919,20751231
1008,000153.SZ,20000920,20751231
1009,600246.SH,20000922,20751231
1010,600358.SH,20000922,20751231
1011,000155.SZ,20000926,20751231
1012,000159.SZ,20000926,20751231
1013,000972.SZ,20000926,20751231
1014,600280.SH,20000926,20751231
1015,600308.SH,20000928,20751231
1016,000157.SZ,20001012,20751231
1017,600276.SH,20001018,20751231
1018,600283.SH,20001018,20751231
1019,600285.SH,20001018,20751231
1020,000869.SZ,20001026,20751231
1021,600366.SH,20001030,20751231
1022,600292.SH,20001101,20751231
1023,600290.SH,20001106,20751231
1024,600281.SH,20001109,20751231
1025,600297.SH,20001116,20751231
1026,000488.SZ,20001120,20751231
1027,600243.SH,20001120,20751231
1028,600255.SH,20001122,20751231
1029,600247.SH,20001123,20210322
1030,600337.SH,20001127,20751231
1031,600241.SH,20001128,20751231
1032,600288.SH,20001129,20751231
1033,600252.SH,20001130,20751231
1034,600422.SH,20001206,20751231
1035,600242.SH,20001207,20751231
1036,600318.SH,20001208,20751231
1037,000998.SZ,20001211,20751231
1038,600333.SH,20001211,20751231
1039,600019.SH,20001212,20751231
1040,600302.SH,20001213,20751231
1041,600316.SH,20001215,20751231
1042,600038.SH,20001218,20751231
1043,600016.SH,20001219,20751231
1044,600307.SH,20001220,20751231
1045,600320.SH,20001221,20751231
1046,600368.SH,20001221,20751231
1047,600328.SH,20001222,20751231
1048,600345.SH,20001222,20751231
1049,000726.SZ,20001225,20751231
1050,600323.SH,20001225,20751231
1051,600339.SH,20001225,20751231
1052,600303.SH,20001226,20751231
1053,600306.SH,20001226,20751231
1054,600253.SH,20001227,20130715
1055,600338.SH,20001227,20751231
1056,600270.SH,20001228,20181228
1057,600398.SH,20001228,20751231
1058,600336.SH,20001229,20751231
1059,600388.SH,20001229,20751231
1060,600399.SH,20001229,20751231
1061,600309.SH,20010105,20751231
1062,600400.SH,20010108,20751231
1063,600369.SH,20010109,20751231
1064,600389.SH,20010110,20751231
1065,600378.SH,20010111,20751231
1066,000725.SZ,20010112,20751231
1067,600365.SH,20010115,20751231
1068,600390.SH,20010115,20751231
1069,600326.SH,20010116,20751231
1070,600377.SH,20010116,20751231
1071,600330.SH,20010118,20751231
1072,600382.SH,20010118,20751231
1073,600313.SH,20010119,20751231
1074,600305.SH,20010206,20751231
1075,600332.SH,20010206,20751231
1076,600037.SH,20010208,20751231
1077,600033.SH,20010209,20751231
1078,600466.SH,20010212,20751231
1079,600386.SH,20010216,20751231
1080,600312.SH,20010221,20751231
1081,600558.SH,20010227,20751231
1082,600272.SH,20010228,20751231
1083,600310.SH,20010228,20751231
1084,600550.SH,20010228,20751231
1085,600335.SH,20010305,20751231
1086,600250.SH,20010306,20751231
1087,600010.SH,20010309,20751231
1088,600376.SH,20010312,20751231
1089,600315.SH,20010315,20751231
1090,600360.SH,20010316,20751231
1091,600393.SH,20010319,20751231
1092,600518.SH,20010319,20751231
1093,600367.SH,20010320,20751231
1094,600319.SH,20010326,20751231
1095,600396.SH,20010328,20751231
1096,600555.SH,20010328,20751231
1097,600363.SH,20010329,20751231
1098,600383.SH,20010412,20751231
1099,600356.SH,20010419,20751231
1100,600295.SH,20010426,20751231
1101,600381.SH,20010508,20751231
1102,600568.SH,20010518,20751231
1103,600588.SH,20010518,20751231
1104,600321.SH,20010524,20751231
1105,600528.SH,20010528,20751231
1106,600395.SH,20010531,20751231
1107,600329.SH,20010606,20751231
1108,600380.SH,20010608,20751231
1109,600589.SH,20010612,20751231
1110,600468.SH,20010615,20751231
1111,600501.SH,20010615,20751231
1112,600488.SH,20010618,20751231
1113,600311.SH,20010626,20751231
1114,600419.SH,20010628,20751231
1115,600530.SH,20010702,20751231
1116,600372.SH,20010706,20751231
1117,600385.SH,20010723,20751231
1118,600556.SH,20010807,20751231
1119,600028.SH,20010808,20751231
1120,600346.SH,20010820,20751231
1121,600569.SH,20010820,20751231
1122,600566.SH,20010822,20751231
1123,600498.SH,20010823,20751231
1124,600418.SH,20010824,20751231
1125,600539.SH,20010824,20751231
1126,600519.SH,20010827,20751231
1127,600599.SH,20010828,20751231
1128,600508.SH,20010829,20751231
1129,600448.SH,20010903,20751231
1130,600596.SH,20010906,20751231
1131,600322.SH,20010910,20751231
1132,600361.SH,20011129,20751231
1133,600011.SH,20011206,20751231
1134,600391.SH,20011212,20751231
1135,600567.SH,20011218,20751231
1136,600331.SH,20011220,20751231
1137,600548.SH,20011225,20751231
1138,600506.SH,20011226,20751231
1139,600523.SH,20011227,20751231
1140,600520.SH,20020108,20751231
1141,600362.SH,20020111,20751231
1142,600379.SH,20020116,20751231
1143,600317.SH,20020131,20210129
1144,600583.SH,20020205,20751231
1145,600585.SH,20020207,20751231
1146,600509.SH,20020228,20751231
1147,600373.SH,20020304,20751231
1148,600350.SH,20020318,20751231
1149,600533.SH,20020328,20751231
1150,600598.SH,20020329,20751231
1151,600036.SH,20020409,20751231
1152,600456.SH,20020412,20751231
1153,600428.SH,20020418,20751231
1154,600486.SH,20020425,20751231
1155,600415.SH,20020509,20751231
1156,600578.SH,20020510,20751231
1157,600582.SH,20020515,20751231
1158,600536.SH,20020517,20751231
1159,600026.SH,20020523,20751231
1160,600505.SH,20020530,20751231
1161,600529.SH,20020603,20751231
1162,600496.SH,20020605,20751231
1163,600580.SH,20020606,20751231
1164,600355.SH,20020613,20751231
1165,600510.SH,20020618,20751231
1166,600426.SH,20020620,20751231
1167,600327.SH,20020625,20751231
1168,600595.SH,20020626,20751231
1169,600397.SH,20020702,20751231
1170,600590.SH,20020703,20751231
1171,600503.SH,20020709,20751231
1172,600593.SH,20020711,20751231
1173,600561.SH,20020716,20751231
1174,600416.SH,20020718,20751231
1175,600526.SH,20020722,20751231
1176,600565.SH,20020723,20751231
1177,600531.SH,20020730,20751231
1178,600592.SH,20020805,20751231
1179,600515.SH,20020806,20751231
1180,600579.SH,20020809,20751231
1181,600586.SH,20020815,20751231
1182,600581.SH,20020816,20751231
1183,600553.SH,20020822,20110218
1184,600535.SH,20020823,20751231
1185,600597.SH,20020828,20751231
1186,600516.SH,20020830,20751231
1187,600551.SH,20020905,20751231
1188,600357.SH,20020906,20091229
1189,600577.SH,20020911,20751231
1190,600371.SH,20020916,20751231
1191,600557.SH,20020918,20751231
1192,600560.SH,20020919,20751231
1193,000875.SZ,20020926,20751231
1194,600351.SH,20020926,20751231
1195,600587.SH,20020927,20751231
1196,600050.SH,20021009,20751231
1197,600499.SH,20021010,20751231
1198,600591.SH,20021011,20100125
1199,600522.SH,20021024,20751231
1200,600559.SH,20021029,20751231
1201,600532.SH,20021031,20751231
1202,600571.SH,20021101,20751231
1203,600549.SH,20021107,20751231
1204,600552.SH,20021108,20751231
1205,600353.SH,20021120,20751231
1206,600511.SH,20021127,20751231
1207,600525.SH,20021202,20751231
1208,600563.SH,20021210,20751231
1209,600458.SH,20021219,20751231
1210,600512.SH,20021226,20751231
1211,600030.SH,20030106,20751231
1212,600012.SH,20030107,20751231
1213,600538.SH,20030114,20751231
1214,600537.SH,20030123,20751231
1215,600562.SH,20030128,20751231
1216,600408.SH,20030212,20751231
1217,600576.SH,20030220,20751231
1218,600573.SH,20030226,20751231
1219,600521.SH,20030304,20751231
1220,600370.SH,20030306,20751231
1221,600460.SH,20030311,20751231
1222,600513.SH,20030319,20751231
1223,600039.SH,20030325,20751231
1224,600575.SH,20030328,20751231
1225,600375.SH,20030401,20751231
1226,600343.SH,20030408,20751231
1227,600502.SH,20030415,20751231
1228,600481.SH,20030422,20751231
1229,600004.SH,20030428,20751231
1230,600459.SH,20030516,20751231
1231,600392.SH,20030529,20751231
1232,600584.SH,20030603,20751231
1233,600251.SH,20030609,20751231
1234,600436.SH,20030616,20751231
1235,600409.SH,20030618,20751231
1236,600433.SH,20030619,20751231
1237,600490.SH,20030626,20751231
1238,600273.SH,20030627,20751231
1239,600031.SH,20030703,20751231
1240,600435.SH,20030704,20751231
1241,600439.SH,20030710,20751231
1242,600271.SH,20030711,20751231
1243,600423.SH,20030717,20751231
1244,600475.SH,20030721,20751231
1245,600425.SH,20030724,20751231
1246,600029.SH,20030725,20751231
1247,600546.SH,20030731,20751231
1248,600352.SH,20030801,20751231
1249,600485.SH,20030807,20210601
1250,600020.SH,20030808,20751231
1251,600489.SH,20030814,20751231
1252,600480.SH,20030815,20751231
1253,600348.SH,20030821,20751231
1254,600487.SH,20030822,20751231
1255,600547.SH,20030828,20751231
1256,600449.SH,20030829,20751231
1257,600462.SH,20030903,20751231
1258,600432.SH,20030905,20180713
1259,600015.SH,20030912,20751231
1260,600429.SH,20030915,20751231
1261,600478.SH,20030918,20751231
1262,600401.SH,20030924,20190712
1263,600507.SH,20030930,20751231
1264,600403.SH,20031009,20751231
1265,600517.SH,20031010,20751231
1266,600406.SH,20031016,20751231
1267,600469.SH,20031021,20751231
1268,600021.SH,20031029,20751231
1269,600184.SH,20031106,20751231
1270,600477.SH,20031110,20751231
1271,600900.SH,20031118,20751231
1272,600527.SH,20031127,20751231
1273,600545.SH,20031203,20751231
1274,600476.SH,20031210,20751231
1275,600570.SH,20031216,20751231
1276,600446.SH,20031224,20751231
1277,600340.SH,20031230,20751231
1278,600540.SH,20040107,20751231
1279,600354.SH,20040115,20751231
1280,000100.SZ,20040130,20751231
1281,600249.SH,20040130,20751231
1282,600387.SH,20040218,20751231
1283,600444.SH,20040219,20751231
1284,600325.SH,20040225,20751231
1285,600438.SH,20040302,20751231
1286,600452.SH,20040303,20751231
1287,600470.SH,20040305,20751231
1288,600035.SH,20040310,20751231
1289,600479.SH,20040312,20751231
1290,600284.SH,20040316,20751231
1291,600463.SH,20040318,20751231
1292,600594.SH,20040323,20751231
1293,600543.SH,20040324,20751231
1294,600455.SH,20040329,20751231
1295,600405.SH,20040401,20751231
1296,600467.SH,20040405,20751231
1297,600960.SH,20040407,20751231
1298,600969.SH,20040408,20751231
1299,600572.SH,20040412,20751231
1300,600988.SH,20040414,20751231
1301,600976.SH,20040419,20751231
1302,600497.SH,20040420,20751231
1303,600493.SH,20040421,20751231
1304,600986.SH,20040426,20751231
1305,600410.SH,20040427,20751231
1306,600985.SH,20040428,20751231
1307,600990.SH,20040510,20751231
1308,600114.SH,20040511,20751231
1309,600980.SH,20040512,20751231
1310,600992.SH,20040514,20751231
1311,600993.SH,20040517,20751231
1312,600967.SH,20040518,20751231
1313,600491.SH,20040524,20751231
1314,600963.SH,20040525,20751231
1315,600495.SH,20040526,20751231
1316,600483.SH,20040531,20751231
1317,600461.SH,20040601,20751231
1318,600997.SH,20040602,20751231
1319,600421.SH,20040607,20751231
1320,600966.SH,20040608,20751231
1321,600975.SH,20040609,20751231
1322,600991.SH,20040614,20120320
1323,600995.SH,20040615,20751231
1324,600420.SH,20040616,20751231
1325,600962.SH,20040622,20751231
1326,600143.SH,20040623,20751231
1327,002001.SZ,20040625,20751231
1328,002002.SZ,20040625,20751231
1329,002003.SZ,20040625,20751231
1330,002004.SZ,20040625,20751231
1331,002005.SZ,20040625,20751231
1332,002006.SZ,20040625,20751231
1333,002007.SZ,20040625,20751231
1334,002008.SZ,20040625,20751231
1335,002009.SZ,20040629,20751231
1336,002010.SZ,20040629,20751231
1337,600022.SH,20040629,20751231
1338,600981.SH,20040630,20751231
1339,002011.SZ,20040705,20751231
1340,002012.SZ,20040705,20751231
1341,002013.SZ,20040705,20751231
1342,600982.SH,20040706,20751231
1343,600984.SH,20040707,20751231
1344,002014.SZ,20040708,20751231
1345,002015.SZ,20040708,20751231
1346,002016.SZ,20040708,20751231
1347,002017.SZ,20040713,20751231
1348,002018.SZ,20040713,20191101
1349,002019.SZ,20040713,20751231
1350,600965.SH,20040713,20751231
1351,600482.SH,20040714,20751231
1352,002020.SZ,20040715,20751231
1353,002021.SZ,20040715,20751231
1354,002022.SZ,20040721,20751231
1355,002023.SZ,20040721,20751231
1356,002024.SZ,20040721,20751231
1357,002025.SZ,20040726,20751231
1358,002026.SZ,20040727,20751231
1359,600983.SH,20040727,20751231
1360,600973.SH,20040802,20751231
1361,002027.SZ,20040804,20751231
1362,002028.SZ,20040805,20751231
1363,002029.SZ,20040806,20751231
1364,002030.SZ,20040809,20751231
1365,600987.SH,20040809,20751231
1366,002031.SZ,20040816,20751231
1367,002032.SZ,20040817,20751231
1368,600971.SH,20040817,20751231
1369,600978.SH,20040824,20210322
1370,002033.SZ,20040825,20751231
1371,002034.SZ,20040826,20751231
1372,600961.SH,20040830,20751231
1373,002035.SZ,20040901,20751231
1374,002036.SZ,20040903,20751231
1375,600979.SH,20040906,20751231
1376,002037.SZ,20040908,20751231
1377,002038.SZ,20040909,20751231
1378,600027.SH,20050203,20751231
1379,002039.SZ,20050303,20751231
1380,002040.SZ,20050325,20751231
1381,600970.SH,20050412,20751231
1382,002041.SZ,20050418,20751231
1383,002042.SZ,20050427,20751231
1384,600472.SH,20050509,20071226
1385,002043.SZ,20050510,20751231
1386,002044.SZ,20050518,20751231
1387,002045.SZ,20050523,20751231
1388,002046.SZ,20050526,20751231
1389,002047.SZ,20050531,20751231
1390,002048.SZ,20050603,20751231
1391,002049.SZ,20050606,20751231
1392,002050.SZ,20050607,20751231
1393,002051.SZ,20060619,20751231
1394,601001.SH,20060623,20751231
1395,002052.SZ,20060627,20751231
1396,002053.SZ,20060627,20751231
1397,601988.SH,20060705,20751231
1398,002054.SZ,20060725,20751231
1399,002055.SZ,20060725,20751231
1400,600048.SH,20060731,20751231
1401,601006.SH,20060801,20751231
1402,002056.SZ,20060802,20751231
1403,002057.SZ,20060802,20751231
1404,002058.SZ,20060802,20751231
1405,002059.SZ,20060810,20751231
1406,002060.SZ,20060810,20751231
1407,002061.SZ,20060816,20751231
1408,002062.SZ,20060816,20751231
1409,601111.SH,20060818,20751231
1410,002063.SZ,20060823,20751231
1411,002064.SZ,20060823,20751231
1412,002065.SZ,20060823,20751231
1413,002066.SZ,20060823,20751231
1414,002067.SZ,20060915,20751231
1415,002068.SZ,20060915,20751231
1416,601699.SH,20060922,20751231
1417,002069.SZ,20060928,20751231
1418,002070.SZ,20061012,20190709
1419,002071.SZ,20061012,20210507
1420,601588.SH,20061016,20751231
1421,600017.SH,20061017,20751231
1422,002072.SZ,20061018,20751231
1423,002073.SZ,20061018,20751231
1424,002074.SZ,20061018,20751231
1425,002075.SZ,20061025,20751231
1426,002076.SZ,20061025,20751231
1427,600018.SH,20061026,20751231
1428,601398.SH,20061027,20751231
1429,002077.SZ,20061116,20751231
1430,002078.SZ,20061116,20751231
1431,002079.SZ,20061116,20751231
1432,002080.SZ,20061120,20751231
1433,002081.SZ,20061120,20751231
1434,002082.SZ,20061120,20751231
1435,601666.SH,20061123,20751231
1436,002083.SZ,20061124,20751231
1437,002084.SZ,20061124,20751231
1438,002085.SZ,20061128,20751231
1439,002086.SZ,20061128,20751231
1440,002087.SZ,20061130,20751231
1441,002088.SZ,20061130,20751231
1442,002089.SZ,20061130,20751231
1443,601872.SH,20061201,20751231
1444,002090.SZ,20061208,20751231
1445,002091.SZ,20061208,20751231
1446,002092.SZ,20061208,20751231
1447,002093.SZ,20061215,20751231
1448,002094.SZ,20061215,20751231
1449,002095.SZ,20061215,20751231
1450,601991.SH,20061220,20751231
1451,002096.SZ,20061222,20751231
1452,002097.SZ,20061222,20751231
1453,002098.SZ,20061222,20751231
1454,601333.SH,20061222,20751231
1455,002099.SZ,20061226,20751231
1456,002100.SZ,20061226,20751231
1457,002101.SZ,20061229,20751231
1458,002102.SZ,20061229,20751231
1459,601628.SH,20070109,20751231
1460,002103.SZ,20070110,20751231
1461,002104.SZ,20070110,20751231
1462,002105.SZ,20070112,20751231
1463,002106.SZ,20070112,20751231
1464,002107.SZ,20070124,20751231
1465,002108.SZ,20070124,20751231
1466,002109.SZ,20070126,20751231
1467,002110.SZ,20070126,20751231
1468,002111.SZ,20070126,20751231
1469,601002.SH,20070126,20751231
1470,601166.SH,20070205,20751231
1471,002112.SZ,20070208,20751231
1472,002113.SZ,20070208,20751231
1473,002114.SZ,20070215,20751231
1474,002115.SZ,20070215,20751231
1475,002116.SZ,20070215,20751231
1476,601003.SH,20070227,20751231
1477,601005.SH,20070228,20751231
1478,601318.SH,20070301,20751231
1479,002117.SZ,20070302,20751231
1480,002118.SZ,20070302,20751231
1481,002119.SZ,20070302,20751231
1482,002120.SZ,20070306,20751231
1483,002121.SZ,20070306,20751231
1484,002122.SZ,20070328,20751231
1485,002123.SZ,20070328,20751231
1486,002124.SZ,20070403,20751231
1487,002125.SZ,20070403,20751231
1488,601007.SH,20070406,20751231
1489,002126.SZ,20070418,20751231
1490,002127.SZ,20070418,20751231
1491,002128.SZ,20070418,20751231
1492,002129.SZ,20070420,20751231
1493,002130.SZ,20070420,20751231
1494,601008.SH,20070426,20751231
1495,002131.SZ,20070427,20751231
1496,002132.SZ,20070427,20751231
1497,002133.SZ,20070427,20751231
1498,601998.SH,20070427,20751231
1499,000338.SZ,20070430,20751231
1500,601600.SH,20070430,20751231
1501,601328.SH,20070515,20751231
1502,002134.SZ,20070516,20751231
1503,002135.SZ,20070530,20751231
1504,002136.SZ,20070530,20751231
1505,002137.SZ,20070613,20751231
1506,002138.SZ,20070613,20751231
1507,601919.SH,20070626,20751231
1508,002139.SZ,20070629,20751231
1509,002140.SZ,20070712,20751231
1510,601168.SH,20070712,20751231
1511,002142.SZ,20070719,20751231
1512,601009.SH,20070719,20751231
1513,002141.SZ,20070720,20751231
1514,002143.SZ,20070720,20191129
1515,002144.SZ,20070803,20751231
1516,002145.SZ,20070803,20751231
1517,002146.SZ,20070808,20751231
1518,002147.SZ,20070808,20751231
1519,002148.SZ,20070810,20751231
1520,002149.SZ,20070810,20751231
1521,002150.SZ,20070810,20751231
1522,002151.SZ,20070813,20751231
1523,002152.SZ,20070813,20751231
1524,002153.SZ,20070813,20751231
1525,002154.SZ,20070816,20751231
1526,002155.SZ,20070816,20751231
1527,002156.SZ,20070816,20751231
1528,002157.SZ,20070817,20751231
1529,002158.SZ,20070817,20751231
1530,002159.SZ,20070817,20751231
1531,002160.SZ,20070821,20751231
1532,002161.SZ,20070821,20751231
1533,002162.SZ,20070823,20751231
1534,002163.SZ,20070823,20751231
1535,002164.SZ,20070823,20751231
1536,002165.SZ,20070913,20751231
1537,002166.SZ,20070913,20751231
1538,002167.SZ,20070913,20751231
1539,002168.SZ,20070919,20751231
1540,002169.SZ,20070919,20751231
1541,002170.SZ,20070919,20751231
1542,601169.SH,20070919,20751231
1543,002171.SZ,20070921,20751231
1544,002172.SZ,20070921,20751231
1545,002173.SZ,20070925,20751231
1546,002174.SZ,20070925,20751231
1547,601939.SH,20070925,20751231
1548,601808.SH,20070928,20751231
1549,601088.SH,20071009,20751231
1550,002175.SZ,20071012,20751231
1551,002176.SZ,20071012,20751231
1552,002177.SZ,20071101,20751231
1553,002178.SZ,20071101,20751231
1554,002179.SZ,20071101,20751231
1555,601857.SH,20071105,20751231
1556,002180.SZ,20071113,20751231
1557,002182.SZ,20071113,20751231
1558,002183.SZ,20071113,20751231
1559,002181.SZ,20071116,20751231
1560,002184.SZ,20071116,20751231
1561,002185.SZ,20071120,20751231
1562,002186.SZ,20071120,20751231
1563,002187.SZ,20071122,20751231
1564,002188.SZ,20071122,20751231
1565,002189.SZ,20071203,20751231
1566,002190.SZ,20071203,20751231
1567,601390.SH,20071203,20751231
1568,002191.SZ,20071205,20751231
1569,002192.SZ,20071205,20751231
1570,002193.SZ,20071207,20751231
1571,002194.SZ,20071207,20751231
1572,002195.SZ,20071212,20751231
1573,002196.SZ,20071212,20751231
1574,601866.SH,20071212,20751231
1575,002197.SZ,20071218,20751231
1576,002198.SZ,20071218,20751231
1577,601918.SH,20071219,20751231
1578,002199.SZ,20071221,20751231
1579,002200.SZ,20071221,20751231
1580,601999.SH,20071221,20751231
1581,601601.SH,20071225,20751231
1582,002201.SZ,20071226,20751231
1583,002202.SZ,20071226,20751231
1584,601099.SH,20071228,20751231
1585,002203.SZ,20080116,20751231
1586,002204.SZ,20080116,20751231
1587,002205.SZ,20080123,20751231
1588,002206.SZ,20080123,20751231
1589,002207.SZ,20080128,20751231
1590,002208.SZ,20080128,20751231
1591,002209.SZ,20080130,20751231
1592,002210.SZ,20080130,20751231
1593,002211.SZ,20080201,20751231
1594,002212.SZ,20080201,20751231
1595,002213.SZ,20080201,20751231
1596,601898.SH,20080201,20751231
1597,002214.SZ,20080218,20751231
1598,002215.SZ,20080218,20751231
1599,002216.SZ,20080220,20751231
1600,002217.SZ,20080220,20751231
1601,002218.SZ,20080228,20751231
1602,002220.SZ,20080228,20200811
1603,002219.SZ,20080306,20751231
1604,002221.SZ,20080306,20751231
1605,601186.SH,20080310,20751231
1606,002222.SZ,20080319,20751231
1607,601958.SH,20080417,20751231
1608,002223.SZ,20080418,20751231
1609,002224.SZ,20080425,20751231
1610,002225.SZ,20080425,20751231
1611,601899.SH,20080425,20751231
1612,002226.SZ,20080506,20751231
1613,002227.SZ,20080506,20751231
1614,002228.SZ,20080508,20751231
1615,002229.SZ,20080508,20751231
1616,002232.SZ,20080509,20751231
1617,002230.SZ,20080512,20751231
1618,002231.SZ,20080512,20751231
1619,002233.SZ,20080516,20751231
1620,002234.SZ,20080516,20751231
1621,002235.SZ,20080516,20751231
1622,002236.SZ,20080520,20751231
1623,002237.SZ,20080520,20751231
1624,002239.SZ,20080522,20751231
1625,002241.SZ,20080522,20751231
1626,002240.SZ,20080523,20751231
1627,002238.SZ,20080526,20751231
1628,002242.SZ,20080528,20751231
1629,002243.SZ,20080528,20751231
1630,002244.SZ,20080529,20751231
1631,002245.SZ,20080605,20751231
1632,002246.SZ,20080605,20751231
1633,002247.SZ,20080612,20751231
1634,002248.SZ,20080612,20751231
1635,002249.SZ,20080619,20751231
1636,002250.SZ,20080619,20751231
1637,002251.SZ,20080619,20751231
1638,002252.SZ,20080623,20751231
1639,002253.SZ,20080623,20751231
1640,002254.SZ,20080625,20751231
1641,002255.SZ,20080625,20751231
1642,002256.SZ,20080625,20751231
1643,002258.SZ,20080708,20751231
1644,002259.SZ,20080716,20751231
1645,002260.SZ,20080716,20751231
1646,002261.SZ,20080723,20751231
1647,002262.SZ,20080723,20751231
1648,002263.SZ,20080728,20751231
1649,002264.SZ,20080731,20751231
1650,002265.SZ,20080806,20751231
1651,002266.SZ,20080806,20751231
1652,002268.SZ,20080811,20751231
1653,002267.SZ,20080813,20751231
1654,601766.SH,20080818,20751231
1655,002269.SZ,20080828,20751231
1656,002270.SZ,20080905,20751231
1657,002271.SZ,20080910,20751231
1658,002272.SZ,20080919,20751231
1659,002273.SZ,20080919,20751231
1660,002274.SZ,20080925,20751231
1661,601727.SH,20081205,20751231
1662,002275.SZ,20090710,20751231
1663,002276.SZ,20090710,20751231
1664,002277.SZ,20090717,20751231
1665,601107.SH,20090727,20751231
1666,601668.SH,20090729,20751231
1667,002278.SZ,20090811,20751231
1668,002279.SZ,20090811,20751231
1669,601788.SH,20090818,20751231
1670,002280.SZ,20090821,20751231
1671,002281.SZ,20090821,20751231
1672,002282.SZ,20090821,20751231
1673,002283.SZ,20090821,20751231
1674,002284.SZ,20090828,20751231
1675,002285.SZ,20090828,20751231
1676,002286.SZ,20090828,20751231
1677,002287.SZ,20090828,20751231
1678,002288.SZ,20090903,20751231
1679,002289.SZ,20090903,20751231
1680,002290.SZ,20090903,20751231
1681,002291.SZ,20090903,20751231
1682,002292.SZ,20090910,20751231
1683,002293.SZ,20090910,20751231
1684,002294.SZ,20090910,20751231
1685,601618.SH,20090921,20751231
1686,002295.SZ,20090929,20751231
1687,002296.SZ,20090929,20751231
1688,002297.SZ,20090929,20751231
1689,002298.SZ,20090929,20751231
1690,601888.SH,20091015,20751231
1691,002299.SZ,20091021,20751231
1692,002300.SZ,20091021,20751231
1693,002301.SZ,20091021,20751231
1694,300001.SZ,20091030,20751231
1695,300002.SZ,20091030,20751231
1696,300003.SZ,20091030,20751231
1697,300004.SZ,20091030,20751231
1698,300005.SZ,20091030,20751231
1699,300006.SZ,20091030,20751231
1700,300007.SZ,20091030,20751231
1701,300008.SZ,20091030,20751231
1702,300009.SZ,20091030,20751231
1703,300010.SZ,20091030,20751231
1704,300011.SZ,20091030,20751231
1705,300012.SZ,20091030,20751231
1706,300013.SZ,20091030,20751231
1707,300014.SZ,20091030,20751231
1708,300015.SZ,20091030,20751231
1709,300016.SZ,20091030,20751231
1710,300017.SZ,20091030,20751231
1711,300018.SZ,20091030,20751231
1712,300019.SZ,20091030,20751231
1713,300020.SZ,20091030,20751231
1714,300021.SZ,20091030,20751231
1715,300022.SZ,20091030,20751231
1716,300023.SZ,20091030,20751231
1717,300024.SZ,20091030,20751231
1718,300025.SZ,20091030,20751231
1719,300026.SZ,20091030,20751231
1720,300027.SZ,20091030,20751231
1721,300028.SZ,20091030,20200803
1722,002302.SZ,20091103,20751231
1723,002303.SZ,20091103,20751231
1724,002304.SZ,20091106,20751231
1725,002305.SZ,20091106,20751231
1726,002306.SZ,20091111,20751231
1727,002307.SZ,20091111,20751231
1728,600999.SH,20091117,20751231
1729,002308.SZ,20091127,20751231
1730,002309.SZ,20091127,20751231
1731,002310.SZ,20091127,20751231
1732,002311.SZ,20091127,20751231
1733,002312.SZ,20091203,20751231
1734,002313.SZ,20091203,20751231
1735,002314.SZ,20091203,20751231
1736,002315.SZ,20091209,20751231
1737,002316.SZ,20091209,20751231
1738,002317.SZ,20091211,20751231
1739,002318.SZ,20091211,20751231
1740,002319.SZ,20091211,20751231
1741,002320.SZ,20091216,20751231
1742,002321.SZ,20091216,20751231
1743,601989.SH,20091216,20751231
1744,002322.SZ,20091218,20751231
1745,002323.SZ,20091218,20751231
1746,002324.SZ,20091218,20751231
1747,002325.SZ,20091222,20751231
1748,002326.SZ,20091222,20751231
1749,300029.SZ,20091225,20751231
1750,300030.SZ,20091225,20751231
1751,300031.SZ,20091225,20751231
1752,300032.SZ,20091225,20751231
1753,300033.SZ,20091225,20751231
1754,300034.SZ,20091225,20751231
1755,300035.SZ,20091225,20751231
1756,300036.SZ,20091225,20751231
1757,601139.SH,20091225,20751231
1758,601299.SH,20091229,20150520
1759,002327.SZ,20091230,20751231
1760,002328.SZ,20091230,20751231
1761,002329.SZ,20100106,20751231
1762,002330.SZ,20100106,20751231
1763,002331.SZ,20100106,20751231
1764,601117.SH,20100107,20751231
1765,300037.SZ,20100108,20751231
1766,300038.SZ,20100108,20751231
1767,300039.SZ,20100108,20751231
1768,300040.SZ,20100108,20751231
1769,300041.SZ,20100108,20751231
1770,300042.SZ,20100108,20751231
1771,002332.SZ,20100112,20751231
1772,002333.SZ,20100112,20751231
1773,002334.SZ,20100113,20751231
1774,002335.SZ,20100113,20751231
1775,002336.SZ,20100113,20751231
1776,002337.SZ,20100115,20751231
1777,002338.SZ,20100115,20751231
1778,601801.SH,20100118,20751231
1779,300043.SZ,20100120,20751231
1780,300044.SZ,20100120,20751231
1781,300045.SZ,20100120,20751231
1782,300046.SZ,20100120,20751231
1783,300047.SZ,20100120,20751231
1784,300048.SZ,20100120,20751231
1785,300049.SZ,20100120,20751231
1786,300050.SZ,20100120,20751231
1787,601877.SH,20100121,20751231
1788,002339.SZ,20100122,20751231
1789,002340.SZ,20100122,20751231
1790,002341.SZ,20100122,20751231
1791,002342.SZ,20100126,20751231
1792,002343.SZ,20100126,20751231
1793,002344.SZ,20100126,20751231
1794,002345.SZ,20100128,20751231
1795,002346.SZ,20100128,20751231
1796,002347.SZ,20100128,20751231
1797,601179.SH,20100128,20751231
1798,601268.SH,20100202,20150521
1799,002348.SZ,20100203,20751231
1800,002349.SZ,20100203,20751231
1801,002350.SZ,20100203,20751231
1802,002351.SZ,20100205,20751231
1803,002352.SZ,20100205,20751231
1804,002353.SZ,20100205,20751231
1805,002354.SZ,20100209,20751231
1806,002355.SZ,20100209,20751231
1807,002356.SZ,20100209,20751231
1808,601106.SH,20100209,20751231
1809,002357.SZ,20100210,20751231
1810,002358.SZ,20100210,20751231
1811,002359.SZ,20100210,20210723
1812,300051.SZ,20100211,20751231
1813,300052.SZ,20100211,20751231
1814,300053.SZ,20100211,20751231
1815,300054.SZ,20100211,20751231
1816,601678.SH,20100223,20751231
1817,300055.SZ,20100226,20751231
1818,300056.SZ,20100226,20751231
1819,300057.SZ,20100226,20751231
1820,300058.SZ,20100226,20751231
1821,601688.SH,20100226,20751231
1822,002360.SZ,20100303,20751231
1823,002361.SZ,20100303,20751231
1824,002362.SZ,20100303,20751231
1825,002363.SZ,20100305,20751231
1826,002364.SZ,20100305,20751231
1827,002365.SZ,20100305,20751231
1828,002366.SZ,20100312,20751231
1829,002367.SZ,20100312,20751231
1830,002368.SZ,20100312,20751231
1831,002369.SZ,20100316,20751231
1832,002370.SZ,20100316,20751231
1833,002371.SZ,20100316,20751231
1834,002372.SZ,20100318,20751231
1835,002373.SZ,20100318,20751231
1836,002374.SZ,20100318,20751231
1837,300059.SZ,20100319,20751231
1838,300061.SZ,20100319,20751231
1839,300062.SZ,20100319,20751231
1840,601188.SH,20100319,20751231
1841,601518.SH,20100319,20751231
1842,002375.SZ,20100323,20751231
1843,002376.SZ,20100323,20751231
1844,002377.SZ,20100323,20751231
1845,300063.SZ,20100326,20751231
1846,300064.SZ,20100326,20751231
1847,300065.SZ,20100326,20751231
1848,300066.SZ,20100326,20751231
1849,601158.SH,20100329,20751231
1850,002378.SZ,20100331,20751231
1851,002379.SZ,20100331,20751231
1852,002380.SZ,20100331,20751231
1853,601101.SH,20100331,20751231
1854,002381.SZ,20100402,20751231
1855,002382.SZ,20100402,20751231
1856,002383.SZ,20100402,20751231
1857,002384.SZ,20100409,20751231
1858,002385.SZ,20100409,20751231
1859,002386.SZ,20100409,20751231
1860,002387.SZ,20100413,20751231
1861,002388.SZ,20100413,20751231
1862,002389.SZ,20100413,20751231
1863,002390.SZ,20100416,20751231
1864,002391.SZ,20100416,20751231
1865,300067.SZ,20100421,20751231
1866,300068.SZ,20100421,20751231
1867,300069.SZ,20100421,20751231
1868,300070.SZ,20100421,20751231
1869,300071.SZ,20100421,20751231
1870,002392.SZ,20100423,20751231
1871,002393.SZ,20100423,20751231
1872,002394.SZ,20100423,20751231
1873,300072.SZ,20100427,20751231
1874,300073.SZ,20100427,20751231
1875,300074.SZ,20100427,20751231
1876,300075.SZ,20100427,20751231
1877,601369.SH,20100428,20751231
1878,002395.SZ,20100429,20751231
1879,002397.SZ,20100429,20751231
1880,300076.SZ,20100430,20751231
1881,300077.SZ,20100430,20751231
1882,300078.SZ,20100430,20751231
1883,300079.SZ,20100430,20751231
1884,002398.SZ,20100506,20751231
1885,002399.SZ,20100506,20751231
1886,002400.SZ,20100506,20751231
1887,002401.SZ,20100506,20751231
1888,002402.SZ,20100511,20751231
1889,002403.SZ,20100511,20751231
1890,002404.SZ,20100511,20751231
1891,002405.SZ,20100518,20751231
1892,002406.SZ,20100518,20751231
1893,002407.SZ,20100518,20751231
1894,002408.SZ,20100518,20751231
1895,300081.SZ,20100520,20751231
1896,300082.SZ,20100520,20751231
1897,300083.SZ,20100520,20751231
1898,300084.SZ,20100520,20751231
1899,002409.SZ,20100525,20751231
1900,002410.SZ,20100525,20751231
1901,002411.SZ,20100525,20751231
1902,002412.SZ,20100525,20751231
1903,300085.SZ,20100526,20751231
1904,300086.SZ,20100526,20751231
1905,300087.SZ,20100526,20751231
1906,300088.SZ,20100526,20751231
1907,002413.SZ,20100528,20751231
1908,002415.SZ,20100528,20751231
1909,002416.SZ,20100528,20751231
1910,002417.SZ,20100601,20751231
1911,002418.SZ,20100601,20751231
1912,002419.SZ,20100601,20751231
1913,002420.SZ,20100601,20751231
1914,002421.SZ,20100603,20751231
1915,002422.SZ,20100603,20751231
1916,002423.SZ,20100603,20751231
1917,002424.SZ,20100603,20751231
1918,002425.SZ,20100608,20751231
1919,002426.SZ,20100608,20751231
1920,002427.SZ,20100608,20751231
1921,002428.SZ,20100608,20751231
1922,002429.SZ,20100610,20751231
1923,002430.SZ,20100610,20751231
1924,002431.SZ,20100610,20751231
1925,002432.SZ,20100610,20751231
1926,002433.SZ,20100618,20751231
1927,002434.SZ,20100618,20751231
1928,002435.SZ,20100618,20751231
1929,002436.SZ,20100618,20751231
1930,002396.SZ,20100623,20751231
1931,002437.SZ,20100623,20751231
1932,002438.SZ,20100623,20751231
1933,002439.SZ,20100623,20751231
1934,300080.SZ,20100625,20751231
1935,300089.SZ,20100625,20751231
1936,300090.SZ,20100625,20200825
1937,300091.SZ,20100625,20751231
1938,601000.SH,20100705,20751231
1939,002440.SZ,20100706,20751231
1940,002441.SZ,20100706,20751231
1941,002442.SZ,20100706,20751231
1942,002443.SZ,20100706,20751231
1943,300092.SZ,20100708,20751231
1944,300093.SZ,20100708,20751231
1945,300094.SZ,20100708,20751231
1946,002444.SZ,20100713,20751231
1947,002445.SZ,20100713,20751231
1948,002446.SZ,20100713,20751231
1949,002447.SZ,20100713,20751231
1950,601288.SH,20100715,20751231
1951,002414.SZ,20100716,20751231
1952,002448.SZ,20100716,20751231
1953,002449.SZ,20100716,20751231
1954,002450.SZ,20100716,20210531
1955,002451.SZ,20100720,20751231
1956,002452.SZ,20100720,20751231
1957,002453.SZ,20100720,20751231
1958,002454.SZ,20100720,20751231
1959,300095.SZ,20100728,20751231
1960,300096.SZ,20100728,20751231
1961,300097.SZ,20100728,20751231
1962,300098.SZ,20100728,20751231
1963,002455.SZ,20100803,20751231
1964,002456.SZ,20100803,20751231
1965,002457.SZ,20100803,20751231
1966,601717.SH,20100803,20751231
1967,300099.SZ,20100806,20751231
1968,300100.SZ,20100806,20751231
1969,300101.SZ,20100806,20751231
1970,002458.SZ,20100810,20751231
1971,002459.SZ,20100810,20751231
1972,002460.SZ,20100810,20751231
1973,300102.SZ,20100812,20751231
1974,300103.SZ,20100812,20751231
1975,300104.SZ,20100812,20200721
1976,601718.SH,20100816,20751231
1977,002461.SZ,20100818,20751231
1978,002462.SZ,20100818,20751231
1979,002463.SZ,20100818,20751231
1980,601818.SH,20100818,20751231
1981,300105.SZ,20100820,20751231
1982,300106.SZ,20100820,20751231
1983,300107.SZ,20100820,20751231
1984,300108.SZ,20100825,20751231
1985,300109.SZ,20100825,20751231
1986,300110.SZ,20100825,20751231
1987,300111.SZ,20100827,20751231
1988,300112.SZ,20100827,20751231
1989,300113.SZ,20100827,20751231
1990,300114.SZ,20100827,20751231
1991,002464.SZ,20100831,20751231
1992,002465.SZ,20100831,20751231
1993,002466.SZ,20100831,20751231
1994,300115.SZ,20100902,20751231
1995,300116.SZ,20100902,20751231
1996,300117.SZ,20100902,20751231
1997,300118.SZ,20100902,20751231
1998,002467.SZ,20100908,20751231
1999,002468.SZ,20100908,20751231
2000,002469.SZ,20100908,20751231
2001,002470.SZ,20100908,20751231
2002,002471.SZ,20100910,20751231
2003,002472.SZ,20100910,20751231
2004,002473.SZ,20100910,20751231
2005,002474.SZ,20100915,20751231
2006,002475.SZ,20100915,20751231
2007,002476.SZ,20100915,20751231
2008,002477.SZ,20100915,20191016
2009,300119.SZ,20100917,20751231
2010,300120.SZ,20100917,20751231
2011,300121.SZ,20100917,20751231
2012,002478.SZ,20100921,20751231
2013,002479.SZ,20100921,20751231
2014,002480.SZ,20100921,20751231
2015,002481.SZ,20100921,20751231
2016,300122.SZ,20100928,20751231
2017,300123.SZ,20100928,20751231
2018,300124.SZ,20100928,20751231
2019,601018.SH,20100928,20751231
2020,002482.SZ,20100929,20751231
2021,002483.SZ,20100929,20751231
2022,002484.SZ,20100929,20751231
2023,601177.SH,20101011,20751231
2024,300125.SZ,20101013,20751231
2025,300126.SZ,20101013,20751231
2026,300127.SZ,20101013,20751231
2027,300128.SZ,20101013,20751231
2028,601377.SH,20101013,20751231
2029,002485.SZ,20101015,20751231
2030,002486.SZ,20101015,20751231
2031,002487.SZ,20101015,20751231
2032,300129.SZ,20101019,20751231
2033,300130.SZ,20101019,20751231
2034,300131.SZ,20101019,20751231
2035,002488.SZ,20101021,20751231
2036,002489.SZ,20101021,20751231
2037,002490.SZ,20101021,20751231
2038,002491.SZ,20101021,20751231
2039,300132.SZ,20101026,20751231
2040,300133.SZ,20101026,20751231
2041,300134.SZ,20101026,20751231
2042,300135.SZ,20101026,20751231
2043,601098.SH,20101028,20751231
2044,002492.SZ,20101102,20751231
2045,002493.SZ,20101102,20751231
2046,002494.SZ,20101102,20751231
2047,002495.SZ,20101102,20751231
2048,600998.SH,20101102,20751231
2049,300136.SZ,20101105,20751231
2050,300137.SZ,20101105,20751231
2051,300138.SZ,20101105,20751231
2052,002496.SZ,20101109,20751231
2053,002497.SZ,20101109,20751231
2054,002498.SZ,20101109,20751231
2055,002499.SZ,20101109,20751231
2056,300139.SZ,20101112,20751231
2057,300140.SZ,20101112,20751231
2058,300141.SZ,20101112,20751231
2059,300142.SZ,20101112,20751231
2060,002500.SZ,20101115,20751231
2061,002501.SZ,20101117,20751231
2062,002502.SZ,20101117,20751231
2063,002503.SZ,20101117,20751231
2064,002504.SZ,20101118,20751231
2065,002505.SZ,20101118,20751231
2066,002506.SZ,20101118,20751231
2067,002507.SZ,20101123,20751231
2068,002508.SZ,20101123,20751231
2069,002509.SZ,20101123,20200720
2070,002510.SZ,20101125,20751231
2071,002511.SZ,20101125,20751231
2072,601777.SH,20101125,20751231
2073,002512.SZ,20101203,20751231
2074,002513.SZ,20101203,20751231
2075,002514.SZ,20101203,20751231
2076,002515.SZ,20101203,20751231
2077,601880.SH,20101206,20751231
2078,002516.SZ,20101207,20751231
2079,002517.SZ,20101207,20751231
2080,002518.SZ,20101207,20751231
2081,002519.SZ,20101207,20751231
2082,300143.SZ,20101209,20751231
2083,300144.SZ,20101209,20751231
2084,300145.SZ,20101209,20751231
2085,002520.SZ,20101210,20751231
2086,002521.SZ,20101210,20751231
2087,002522.SZ,20101210,20751231
2088,002523.SZ,20101210,20751231
2089,300146.SZ,20101215,20751231
2090,300147.SZ,20101215,20751231
2091,300148.SZ,20101215,20751231
2092,601933.SH,20101215,20751231
2093,002524.SZ,20101217,20751231
2094,002526.SZ,20101217,20751231
2095,300149.SZ,20101222,20751231
2096,300150.SZ,20101222,20751231
2097,300151.SZ,20101222,20751231
2098,002527.SZ,20101224,20751231
2099,002528.SZ,20101224,20751231
2100,002529.SZ,20101224,20751231
2101,601890.SH,20101228,20751231
2102,300152.SZ,20101229,20751231
2103,300153.SZ,20101229,20751231
2104,300154.SZ,20101229,20751231
2105,002530.SZ,20101231,20751231
2106,002531.SZ,20101231,20751231
2107,002532.SZ,20101231,20751231
2108,002533.SZ,20101231,20751231
2109,601126.SH,20101231,20751231
2110,300155.SZ,20110107,20751231
2111,300156.SZ,20110107,20200825
2112,300157.SZ,20110107,20751231
2113,300158.SZ,20110107,20751231
2114,300159.SZ,20110107,20751231
2115,601118.SH,20110107,20751231
2116,002534.SZ,20110110,20751231
2117,002537.SZ,20110110,20751231
2118,002535.SZ,20110111,20751231
2119,002536.SZ,20110111,20751231
2120,300160.SZ,20110113,20751231
2121,300161.SZ,20110113,20751231
2122,300162.SZ,20110113,20751231
2123,300163.SZ,20110113,20751231
2124,300164.SZ,20110113,20751231
2125,601558.SH,20110113,20200702
2126,002538.SZ,20110118,20751231
2127,002539.SZ,20110118,20751231
2128,002540.SZ,20110118,20751231
2129,002541.SZ,20110118,20751231
2130,601700.SH,20110118,20751231
2131,300165.SZ,20110125,20751231
2132,300166.SZ,20110125,20751231
2133,300167.SZ,20110125,20751231
2134,300168.SZ,20110125,20751231
2135,300169.SZ,20110125,20751231
2136,601137.SH,20110127,20751231
2137,002542.SZ,20110128,20751231
2138,002543.SZ,20110128,20751231
2139,002544.SZ,20110128,20751231
2140,601519.SH,20110128,20751231
2141,300170.SZ,20110201,20751231
2142,300171.SZ,20110201,20751231
2143,300172.SZ,20110201,20751231
2144,300173.SZ,20110201,20751231
2145,300174.SZ,20110201,20751231
2146,601616.SH,20110201,20751231
2147,601799.SH,20110201,20751231
2148,002545.SZ,20110211,20751231
2149,002546.SZ,20110211,20751231
2150,300175.SZ,20110215,20751231
2151,300176.SZ,20110215,20751231
2152,300177.SZ,20110215,20751231
2153,300178.SZ,20110215,20751231
2154,300179.SZ,20110215,20751231
2155,002547.SZ,20110218,20751231
2156,002548.SZ,20110218,20751231
2157,002549.SZ,20110218,20751231
2158,002550.SZ,20110218,20751231
2159,300180.SZ,20110222,20751231
2160,300181.SZ,20110222,20751231
2161,300182.SZ,20110222,20751231
2162,300183.SZ,20110222,20751231
2163,300184.SZ,20110222,20751231
2164,601216.SH,20110222,20751231
2165,002551.SZ,20110225,20751231
2166,002552.SZ,20110225,20751231
2167,002553.SZ,20110225,20751231
2168,002554.SZ,20110225,20751231
2169,601992.SH,20110301,20751231
2170,002555.SZ,20110302,20751231
2171,002556.SZ,20110302,20751231
2172,002557.SZ,20110302,20751231
2173,002558.SZ,20110302,20751231
2174,601116.SH,20110302,20751231
2175,002559.SZ,20110303,20751231
2176,002560.SZ,20110303,20751231
2177,002561.SZ,20110303,20751231
2178,300185.SZ,20110308,20751231
2179,300186.SZ,20110308,20151102
2180,300187.SZ,20110308,20751231
2181,601011.SH,20110309,20751231
2182,002562.SZ,20110310,20751231
2183,002564.SZ,20110310,20751231
2184,002563.SZ,20110311,20751231
2185,300188.SZ,20110316,20751231
2186,300189.SZ,20110316,20751231
2187,300190.SZ,20110316,20751231
2188,300191.SZ,20110316,20751231
2189,601199.SH,20110317,20751231
2190,002565.SZ,20110318,20751231
2191,002566.SZ,20110318,20751231
2192,300192.SZ,20110322,20751231
2193,300193.SZ,20110322,20751231
2194,300194.SZ,20110322,20751231
2195,002567.SZ,20110325,20751231
2196,002568.SZ,20110325,20751231
2197,300195.SZ,20110329,20751231
2198,300196.SZ,20110329,20751231
2199,300197.SZ,20110329,20751231
2200,300198.SZ,20110407,20751231
2201,300199.SZ,20110407,20751231
2202,300200.SZ,20110407,20751231
2203,300201.SZ,20110407,20751231
2204,002569.SZ,20110412,20751231
2205,002570.SZ,20110412,20751231
2206,002571.SZ,20110412,20751231
2207,002572.SZ,20110412,20751231
2208,300202.SZ,20110415,20751231
2209,300203.SZ,20110415,20751231
2210,300204.SZ,20110415,20751231
2211,300205.SZ,20110421,20751231
2212,300206.SZ,20110421,20751231
2213,300207.SZ,20110421,20751231
2214,002573.SZ,20110422,20751231
2215,002574.SZ,20110422,20751231
2216,002575.SZ,20110422,20751231
2217,300208.SZ,20110426,20751231
2218,300209.SZ,20110426,20751231
2219,300210.SZ,20110426,20751231
2220,002576.SZ,20110428,20751231
2221,002577.SZ,20110428,20751231
2222,002578.SZ,20110428,20751231
2223,601258.SH,20110428,20751231
2224,300211.SZ,20110505,20751231
2225,300212.SZ,20110505,20751231
2226,300213.SZ,20110505,20751231
2227,002579.SZ,20110506,20751231
2228,002580.SZ,20110506,20751231
2229,601218.SH,20110506,20751231
2230,601113.SH,20110509,20751231
2231,300214.SZ,20110511,20751231
2232,300215.SZ,20110511,20751231
2233,300216.SZ,20110511,20200916
2234,300217.SZ,20110518,20751231
2235,300218.SZ,20110518,20751231
2236,300219.SZ,20110518,20751231
2237,601233.SH,20110518,20751231
2238,002581.SZ,20110520,20751231
2239,002582.SZ,20110520,20751231
2240,601208.SH,20110520,20751231
2241,300220.SZ,20110525,20751231
2242,300221.SZ,20110525,20751231
2243,300222.SZ,20110525,20751231
2244,002583.SZ,20110527,20751231
2245,601599.SH,20110527,20751231
2246,601566.SH,20110530,20751231
2247,300223.SZ,20110531,20751231
2248,300224.SZ,20110531,20751231
2249,300225.SZ,20110531,20751231
2250,002584.SZ,20110602,20751231
2251,002585.SZ,20110602,20751231
2252,002586.SZ,20110602,20751231
2253,601311.SH,20110602,20751231
2254,601010.SH,20110603,20751231
2255,300226.SZ,20110608,20751231
2256,300227.SZ,20110608,20751231
2257,300228.SZ,20110608,20751231
2258,002587.SZ,20110610,20751231
2259,002588.SZ,20110610,20751231
2260,002589.SZ,20110610,20751231
2261,002590.SZ,20110610,20751231
2262,300229.SZ,20110615,20751231
2263,300230.SZ,20110615,20751231
2264,300231.SZ,20110615,20751231
2265,601567.SH,20110615,20751231
2266,002591.SZ,20110621,20751231
2267,300232.SZ,20110622,20751231
2268,300233.SZ,20110622,20751231
2269,300234.SZ,20110622,20751231
2270,601798.SH,20110622,20751231
2271,002593.SZ,20110628,20751231
2272,002595.SZ,20110628,20751231
2273,300235.SZ,20110629,20751231
2274,300236.SZ,20110629,20751231
2275,300237.SZ,20110629,20751231
2276,002594.SZ,20110630,20751231
2277,601058.SH,20110630,20751231
2278,300238.SZ,20110706,20751231
2279,300239.SZ,20110706,20751231
2280,300240.SZ,20110706,20751231
2281,002596.SZ,20110707,20751231
2282,002597.SZ,20110707,20751231
2283,002598.SZ,20110707,20751231
2284,300241.SZ,20110712,20751231
2285,300242.SZ,20110712,20751231
2286,300243.SZ,20110712,20751231
2287,002599.SZ,20110715,20751231
2288,002600.SZ,20110715,20751231
2289,002601.SZ,20110715,20751231
2290,300244.SZ,20110719,20751231
2291,300245.SZ,20110719,20751231
2292,300246.SZ,20110719,20751231
2293,002602.SZ,20110728,20751231
2294,002603.SZ,20110728,20751231
2295,002604.SZ,20110728,20200715
2296,300247.SZ,20110729,20751231
2297,300248.SZ,20110729,20751231
2298,300249.SZ,20110803,20751231
2299,300250.SZ,20110803,20751231
2300,300251.SZ,20110803,20751231
2301,002605.SZ,20110805,20751231
2302,002606.SZ,20110805,20751231
2303,601222.SH,20110808,20751231
2304,002607.SZ,20110810,20751231
2305,002608.SZ,20110810,20751231
2306,601901.SH,20110810,20751231
2307,601636.SH,20110812,20751231
2308,002609.SZ,20110815,20751231
2309,002610.SZ,20110815,20751231
2310,601789.SH,20110816,20751231
2311,300252.SZ,20110818,20751231
2312,300253.SZ,20110818,20751231
2313,601886.SH,20110818,20751231
2314,300254.SZ,20110819,20751231
2315,300255.SZ,20110819,20751231
2316,300256.SZ,20110819,20751231
2317,300257.SZ,20110819,20751231
2318,300258.SZ,20110826,20751231
2319,002611.SZ,20110830,20751231
2320,002612.SZ,20110830,20751231
2321,002613.SZ,20110830,20751231
2322,300259.SZ,20110831,20751231
2323,300260.SZ,20110906,20751231
2324,300261.SZ,20110906,20751231
2325,601908.SH,20110908,20751231
2326,002614.SZ,20110909,20751231
2327,002615.SZ,20110909,20751231
2328,300262.SZ,20110916,20751231
2329,300263.SZ,20110916,20751231
2330,300264.SZ,20110916,20751231
2331,300265.SZ,20110916,20751231
2332,601677.SH,20110919,20751231
2333,002616.SZ,20110920,20751231
2334,002617.SZ,20110920,20751231
2335,002618.SZ,20110920,20751231
2336,300266.SZ,20110927,20751231
2337,300267.SZ,20110927,20751231
2338,300268.SZ,20110927,20751231
2339,601633.SH,20110928,20751231
2340,002619.SZ,20110929,20751231
2341,002620.SZ,20110929,20751231
2342,002621.SZ,20110929,20751231
2343,601996.SH,20110929,20751231
2344,300269.SZ,20111012,20751231
2345,300270.SZ,20111012,20751231
2346,002623.SZ,20111013,20751231
2347,002622.SZ,20111018,20751231
2348,601669.SH,20111018,20751231
2349,300271.SZ,20111026,20751231
2350,300273.SZ,20111026,20751231
2351,002624.SZ,20111028,20751231
2352,002626.SZ,20111028,20751231
2353,601100.SH,20111028,20751231
2354,300272.SZ,20111102,20751231
2355,300274.SZ,20111102,20751231
2356,300275.SZ,20111102,20751231
2357,002625.SZ,20111103,20751231
2358,002627.SZ,20111103,20751231
2359,002628.SZ,20111103,20751231
2360,002629.SZ,20111103,20751231
2361,601028.SH,20111107,20751231
2362,002592.SZ,20111111,20751231
2363,002630.SZ,20111111,20751231
2364,002631.SZ,20111111,20751231
2365,300276.SZ,20111115,20751231
2366,002632.SZ,20111122,20751231
2367,002633.SZ,20111122,20751231
2368,300277.SZ,20111123,20751231
2369,002635.SZ,20111125,20751231
2370,002636.SZ,20111125,20751231
2371,002637.SZ,20111125,20751231
2372,002638.SZ,20111125,20751231
2373,601928.SH,20111130,20751231
2374,002634.SZ,20111205,20751231
2375,002639.SZ,20111205,20751231
2376,002640.SZ,20111208,20751231
2377,002641.SZ,20111208,20751231
2378,601555.SH,20111212,20751231
2379,300278.SZ,20111216,20751231
2380,601336.SH,20111216,20751231
2381,002642.SZ,20111220,20751231
2382,002643.SZ,20111220,20751231
2383,002645.SZ,20111220,20751231
2384,002644.SZ,20111222,20751231
2385,002646.SZ,20111222,20751231
2386,002647.SZ,20111228,20751231
2387,002648.SZ,20111228,20751231
2388,300279.SZ,20111229,20751231
2389,300280.SZ,20111229,20751231
2390,300281.SZ,20111229,20751231
2391,300282.SZ,20111229,20751231
2392,002649.SZ,20120106,20751231
2393,002650.SZ,20120106,20751231
2394,002651.SZ,20120106,20751231
2395,300283.SZ,20120110,20751231
2396,300284.SZ,20120110,20751231
2397,300285.SZ,20120113,20751231
2398,300286.SZ,20120113,20751231
2399,601360.SH,20120116,20751231
2400,002653.SZ,20120117,20751231
2401,002652.SZ,20120119,20751231
2402,300287.SZ,20120201,20751231
2403,300291.SZ,20120209,20751231
2404,300288.SZ,20120216,20751231
2405,300289.SZ,20120216,20751231
2406,300290.SZ,20120216,20751231
2407,601515.SH,20120216,20751231
2408,002654.SZ,20120217,20751231
2409,002655.SZ,20120217,20751231
2410,601231.SH,20120220,20751231
2411,601929.SH,20120223,20751231
2412,002656.SZ,20120228,20751231
2413,002657.SZ,20120228,20751231
2414,300292.SZ,20120229,20751231
2415,300293.SZ,20120308,20751231
2416,300294.SZ,20120308,20751231
2417,002658.SZ,20120309,20751231
2418,002659.SZ,20120309,20751231
2419,002662.SZ,20120309,20751231
2420,601800.SH,20120309,20751231
2421,300295.SZ,20120315,20751231
2422,300296.SZ,20120315,20751231
2423,300297.SZ,20120315,20751231
2424,002660.SZ,20120316,20751231
2425,002661.SZ,20120316,20751231
2426,002663.SZ,20120316,20751231
2427,002664.SZ,20120316,20751231
2428,300298.SZ,20120319,20751231
2429,300299.SZ,20120319,20751231
2430,300300.SZ,20120319,20751231
2431,300303.SZ,20120319,20751231
2432,300301.SZ,20120321,20751231
2433,300302.SZ,20120321,20751231
2434,300304.SZ,20120321,20751231
2435,002665.SZ,20120327,20751231
2436,002666.SZ,20120327,20751231
2437,002667.SZ,20120329,20751231
2438,300305.SZ,20120329,20751231
2439,300306.SZ,20120329,20751231
2440,300307.SZ,20120329,20751231
2441,601238.SH,20120329,20751231
2442,300308.SZ,20120410,20751231
2443,300309.SZ,20120410,20751231
2444,601012.SH,20120411,20751231
2445,002668.SZ,20120416,20751231
2446,002669.SZ,20120416,20751231
2447,002670.SZ,20120416,20751231
2448,601388.SH,20120423,20751231
2449,300310.SZ,20120425,20751231
2450,300311.SZ,20120425,20751231
2451,300313.SZ,20120425,20751231
2452,002671.SZ,20120426,20751231
2453,002672.SZ,20120426,20751231
2454,603001.SH,20120426,20751231
2455,603000.SH,20120427,20751231
2456,002673.SZ,20120503,20751231
2457,603123.SH,20120503,20751231
2458,002674.SZ,20120507,20751231
2459,603333.SH,20120507,20751231
2460,300312.SZ,20120508,20751231
2461,300314.SZ,20120508,20751231
2462,300315.SZ,20120511,20751231
2463,300316.SZ,20120511,20751231
2464,300317.SZ,20120511,20751231
2465,603002.SH,20120518,20751231
2466,603366.SH,20120521,20751231
2467,300318.SZ,20120523,20751231
2468,300319.SZ,20120523,20751231
2469,300321.SZ,20120523,20751231
2470,002675.SZ,20120525,20751231
2471,002676.SZ,20120525,20751231
2472,002677.SZ,20120525,20751231
2473,603128.SH,20120529,20751231
2474,002678.SZ,20120530,20751231
2475,300320.SZ,20120601,20751231
2476,300323.SZ,20120601,20751231
2477,300325.SZ,20120601,20751231
2478,002679.SZ,20120605,20751231
2479,002680.SZ,20120605,20191127
2480,002681.SZ,20120605,20751231
2481,300322.SZ,20120608,20751231
2482,300324.SZ,20120608,20751231
2483,601965.SH,20120611,20751231
2484,002682.SZ,20120612,20751231
2485,002683.SZ,20120612,20751231
2486,002684.SZ,20120612,20751231
2487,002685.SZ,20120612,20751231
2488,601339.SH,20120612,20751231
2489,300326.SZ,20120613,20751231
2490,300327.SZ,20120613,20751231
2491,300328.SZ,20120619,20751231
2492,300329.SZ,20120619,20751231
2493,300330.SZ,20120619,20751231
2494,300331.SZ,20120628,20751231
2495,300332.SZ,20120628,20751231
2496,300333.SZ,20120628,20751231
2497,002686.SZ,20120703,20751231
2498,300334.SZ,20120705,20751231
2499,601608.SH,20120706,20751231
2500,300335.SZ,20120710,20751231
2501,300336.SZ,20120710,20751231
2502,002687.SZ,20120713,20751231
2503,002688.SZ,20120713,20751231
2504,002689.SZ,20120717,20751231
2505,603008.SH,20120717,20751231
2506,300337.SZ,20120718,20751231
2507,300339.SZ,20120718,20751231
2508,300338.SZ,20120726,20751231
2509,300340.SZ,20120726,20751231
2510,300341.SZ,20120726,20751231
2511,300342.SZ,20120726,20751231
2512,002690.SZ,20120731,20751231
2513,002691.SZ,20120731,20751231
2514,603077.SH,20120731,20751231
2515,300343.SZ,20120801,20751231
2516,300344.SZ,20120801,20751231
2517,300345.SZ,20120801,20751231
2518,300346.SZ,20120807,20751231
2519,002692.SZ,20120808,20751231
2520,002693.SZ,20120808,20751231
2521,601038.SH,20120808,20751231
2522,603766.SH,20120810,20751231
2523,002694.SZ,20120816,20751231
2524,300347.SZ,20120817,20751231
2525,300348.SZ,20120817,20751231
2526,300349.SZ,20120817,20751231
2527,603003.SH,20120817,20751231
2528,300350.SZ,20120821,20751231
2529,603399.SH,20120824,20751231
2530,002695.SZ,20120905,20751231
2531,002696.SZ,20120905,20751231
2532,002697.SZ,20120905,20751231
2533,603167.SH,20120906,20751231
2534,002698.SZ,20120911,20751231
2535,002699.SZ,20120911,20751231
2536,300352.SZ,20120912,20751231
2537,300351.SZ,20120920,20751231
2538,300354.SZ,20120920,20751231
2539,002700.SZ,20120921,20751231
2540,300353.SZ,20120927,20751231
2541,300355.SZ,20120927,20751231
2542,300356.SZ,20121009,20751231
2543,603993.SH,20121009,20751231
2544,002701.SZ,20121011,20751231
2545,002702.SZ,20121011,20751231
2546,002703.SZ,20121102,20751231
2547,000333.SZ,20130918,20751231
2548,600023.SH,20131219,20751231
2549,603699.SH,20140117,20751231
2550,002705.SZ,20140121,20751231
2551,002706.SZ,20140121,20751231
2552,002708.SZ,20140121,20751231
2553,300357.SZ,20140121,20751231
2554,300358.SZ,20140121,20751231
2555,300359.SZ,20140121,20751231
2556,300360.SZ,20140121,20751231
2557,300362.SZ,20140121,20210830
2558,603308.SH,20140122,20751231
2559,002707.SZ,20140123,20751231
2560,002709.SZ,20140123,20751231
2561,002712.SZ,20140123,20751231
2562,300365.SZ,20140123,20751231
2563,300368.SZ,20140123,20751231
2564,300370.SZ,20140123,20751231
2565,300371.SZ,20140123,20751231
2566,300373.SZ,20140123,20751231
2567,603555.SH,20140124,20751231
2568,002711.SZ,20140127,20210715
2569,002721.SZ,20140127,20751231
2570,300366.SZ,20140127,20751231
2571,300372.SZ,20140127,20170828
2572,300375.SZ,20140127,20751231
2573,300376.SZ,20140127,20751231
2574,300377.SZ,20140127,20751231
2575,300378.SZ,20140127,20751231
2576,002714.SZ,20140128,20751231
2577,002716.SZ,20140128,20751231
2578,002718.SZ,20140128,20751231
2579,002719.SZ,20140128,20751231
2580,002722.SZ,20140128,20751231
2581,300379.SZ,20140128,20751231
2582,300380.SZ,20140128,20751231
2583,300381.SZ,20140128,20751231
2584,601225.SH,20140128,20751231
2585,002723.SZ,20140129,20751231
2586,002725.SZ,20140129,20751231
2587,300363.SZ,20140129,20751231
2588,300367.SZ,20140129,20751231
2589,300369.SZ,20140129,20751231
2590,300382.SZ,20140129,20751231
2591,300383.SZ,20140129,20751231
2592,603005.SH,20140210,20751231
2593,603288.SH,20140211,20751231
2594,002713.SZ,20140219,20751231
2595,002715.SZ,20140219,20751231
2596,002717.SZ,20140219,20751231
2597,002726.SZ,20140626,20751231
2598,300385.SZ,20140626,20751231
2599,300386.SZ,20140626,20751231
2600,603006.SH,20140630,20751231
2601,603328.SH,20140701,20751231
2602,002727.SZ,20140702,20751231
2603,300387.SZ,20140702,20751231
2604,603168.SH,20140702,20751231
2605,603369.SH,20140703,20751231
2606,603009.SH,20140718,20751231
2607,002728.SZ,20140731,20751231
2608,300390.SZ,20140731,20751231
2609,603126.SH,20140731,20751231
2610,300384.SZ,20140801,20751231
2611,300388.SZ,20140801,20751231
2612,300389.SZ,20140801,20751231
2613,300391.SZ,20140801,20751231
2614,603111.SH,20140801,20751231
2615,603100.SH,20140805,20751231
2616,603609.SH,20140808,20751231
2617,603099.SH,20140822,20751231
2618,601579.SH,20140825,20751231
2619,603806.SH,20140905,20751231
2620,603188.SH,20140909,20751231
2621,300392.SZ,20140910,20751231
2622,300395.SZ,20140910,20751231
2623,300396.SZ,20140910,20751231
2624,300397.SZ,20140910,20751231
2625,002729.SZ,20140912,20751231
2626,300393.SZ,20140912,20751231
2627,603306.SH,20140926,20751231
2628,601016.SH,20140929,20751231
2629,600917.SH,20140930,20751231
2630,002730.SZ,20141009,20751231
2631,300398.SZ,20141009,20751231
2632,300399.SZ,20141009,20751231
2633,300401.SZ,20141009,20751231
2634,603169.SH,20141009,20751231
2635,300400.SZ,20141010,20751231
2636,300402.SZ,20141010,20751231
2637,603010.SH,20141010,20751231
2638,603456.SH,20141010,20751231
2639,603018.SH,20141013,20751231
2640,603606.SH,20141015,20751231
2641,300403.SZ,20141030,20751231
2642,300405.SZ,20141030,20751231
2643,300406.SZ,20141030,20751231
2644,603688.SH,20141031,20751231
2645,002724.SZ,20141104,20751231
2646,002731.SZ,20141104,20751231
2647,603988.SH,20141104,20751231
2648,601015.SH,20141105,20751231
2649,603019.SH,20141106,20751231
2650,603011.SH,20141107,20751231
2651,603088.SH,20141111,20751231
2652,603166.SH,20141127,20751231
2653,002733.SZ,20141203,20751231
2654,002735.SZ,20141203,20751231
2655,300407.SZ,20141203,20751231
2656,300408.SZ,20141203,20751231
2657,300409.SZ,20141203,20751231
2658,603518.SH,20141203,20751231
2659,603368.SH,20141204,20751231
2660,002732.SZ,20141205,20751231
2661,603998.SH,20141205,20751231
2662,601969.SH,20141209,20751231
2663,601226.SH,20141211,20751231
2664,002736.SZ,20141229,20751231
2665,603588.SH,20141229,20751231
2666,002737.SZ,20141230,20751231
2667,002738.SZ,20141230,20751231
2668,603636.SH,20141230,20751231
2669,300410.SZ,20141231,20751231
2670,300411.SZ,20141231,20751231
2671,300412.SZ,20141231,20751231
2672,603017.SH,20141231,20751231
2673,603889.SH,20141231,20751231
2674,603788.SH,20150120,20751231
2675,300364.SZ,20150121,20751231
2676,300413.SZ,20150121,20751231
2677,300418.SZ,20150121,20751231
2678,601021.SH,20150121,20751231
2679,002739.SZ,20150122,20751231
2680,002740.SZ,20150122,20751231
2681,300416.SZ,20150122,20751231
2682,300419.SZ,20150122,20751231
2683,601069.SH,20150122,20751231
2684,603601.SH,20150122,20751231
2685,300415.SZ,20150123,20751231
2686,300417.SZ,20150123,20751231
2687,603600.SH,20150123,20751231
2688,000166.SZ,20150126,20751231
2689,603678.SH,20150126,20751231
2690,603686.SH,20150126,20751231
2691,002734.SZ,20150127,20751231
2692,603558.SH,20150127,20751231
2693,603899.SH,20150127,20751231
2694,603611.SH,20150128,20751231
2695,603698.SH,20150128,20751231
2696,603799.SH,20150129,20751231
2697,002741.SZ,20150216,20751231
2698,002746.SZ,20150216,20751231
2699,300425.SZ,20150216,20751231
2700,002742.SZ,20150217,20751231
2701,002743.SZ,20150217,20751231
2702,002745.SZ,20150217,20751231
2703,300394.SZ,20150217,20751231
2704,300420.SZ,20150217,20751231
2705,300421.SZ,20150217,20751231
2706,300422.SZ,20150217,20751231
2707,300423.SZ,20150217,20751231
2708,300426.SZ,20150217,20751231
2709,300427.SZ,20150217,20751231
2710,603222.SH,20150217,20751231
2711,603618.SH,20150217,20751231
2712,603898.SH,20150217,20751231
2713,603939.SH,20150217,20751231
2714,603118.SH,20150225,20751231
2715,601198.SH,20150226,20751231
2716,603828.SH,20150226,20751231
2717,603969.SH,20150227,20751231
2718,603309.SH,20150302,20751231
2719,603997.SH,20150302,20751231
2720,603015.SH,20150303,20751231
2721,300433.SZ,20150318,20751231
2722,002748.SZ,20150319,20751231
2723,300374.SZ,20150319,20751231
2724,300428.SZ,20150319,20751231
2725,300430.SZ,20150319,20751231
2726,300432.SZ,20150319,20751231
2727,601689.SH,20150319,20751231
2728,603268.SH,20150319,20751231
2729,603519.SH,20150319,20751231
2730,002747.SZ,20150320,20751231
2731,002749.SZ,20150320,20751231
2732,603012.SH,20150320,20751231
2733,603030.SH,20150320,20751231
2734,603158.SH,20150320,20751231
2735,600958.SH,20150323,20751231
2736,002750.SZ,20150324,20751231
2737,300429.SZ,20150324,20751231
2738,300431.SZ,20150324,20201110
2739,603729.SH,20150324,20751231
2740,603020.SH,20150325,20751231
2741,603338.SH,20150325,20751231
2742,300435.SZ,20150326,20751231
2743,603199.SH,20150326,20751231
2744,603869.SH,20150326,20751231
2745,002752.SZ,20150422,20751231
2746,300424.SZ,20150422,20751231
2747,300436.SZ,20150422,20751231
2748,300439.SZ,20150422,20751231
2749,300443.SZ,20150422,20751231
2750,300447.SZ,20150422,20751231
2751,300449.SZ,20150422,20751231
2752,603025.SH,20150422,20751231
2753,603808.SH,20150422,20751231
2754,603818.SH,20150422,20751231
2755,300437.SZ,20150423,20751231
2756,300440.SZ,20150423,20751231
2757,300441.SZ,20150423,20751231
2758,300444.SZ,20150423,20751231
2759,300446.SZ,20150423,20751231
2760,603021.SH,20150423,20751231
2761,603703.SH,20150423,20751231
2762,603883.SH,20150423,20751231
2763,002751.SZ,20150424,20751231
2764,300404.SZ,20150424,20751231
2765,300434.SZ,20150424,20751231
2766,300438.SZ,20150424,20751231
2767,300442.SZ,20150424,20751231
2768,300445.SZ,20150424,20751231
2769,300448.SZ,20150424,20751231
2770,603315.SH,20150424,20751231
2771,603318.SH,20150424,20751231
2772,603567.SH,20150424,20751231
2773,603789.SH,20150427,20751231
2774,600959.SH,20150428,20751231
2775,300414.SZ,20150513,20751231
2776,603355.SH,20150513,20751231
2777,603599.SH,20150513,20751231
2778,300451.SZ,20150514,20751231
2779,300456.SZ,20150514,20751231
2780,300457.SZ,20150514,20751231
2781,002755.SZ,20150515,20751231
2782,002756.SZ,20150515,20751231
2783,300452.SZ,20150515,20751231
2784,300453.SZ,20150515,20751231
2785,300455.SZ,20150515,20751231
2786,300458.SZ,20150515,20751231
2787,300459.SZ,20150515,20751231
2788,300460.SZ,20150515,20751231
2789,603227.SH,20150515,20751231
2790,603718.SH,20150515,20751231
2791,603989.SH,20150515,20751231
2792,300450.SZ,20150518,20751231
2793,603022.SH,20150518,20751231
2794,603311.SH,20150518,20751231
2795,603566.SH,20150518,20751231
2796,603968.SH,20150518,20751231
2797,002753.SZ,20150519,20751231
2798,300461.SZ,20150519,20751231
2799,002757.SZ,20150527,20751231
2800,002758.SZ,20150527,20751231
2801,300462.SZ,20150527,20751231
2802,300467.SZ,20150527,20751231
2803,300468.SZ,20150527,20751231
2804,603023.SH,20150527,20751231
2805,603108.SH,20150527,20751231
2806,603598.SH,20150527,20751231
2807,603885.SH,20150527,20751231
2808,002759.SZ,20150528,20751231
2809,300463.SZ,20150528,20751231
2810,300465.SZ,20150528,20751231
2811,300466.SZ,20150528,20751231
2812,603198.SH,20150528,20751231
2813,603568.SH,20150528,20751231
2814,603669.SH,20150528,20751231
2815,603918.SH,20150528,20751231
2816,603026.SH,20150529,20751231
2817,603300.SH,20150529,20751231
2818,603901.SH,20150529,20751231
2819,002761.SZ,20150610,20751231
2820,002762.SZ,20150610,20751231
2821,002763.SZ,20150610,20751231
2822,300464.SZ,20150610,20751231
2823,300475.SZ,20150610,20751231
2824,300477.SZ,20150610,20751231
2825,300478.SZ,20150610,20751231
2826,601985.SH,20150610,20751231
2827,002760.SZ,20150611,20751231
2828,002766.SZ,20150611,20751231
2829,300469.SZ,20150611,20751231
2830,300471.SZ,20150611,20751231
2831,300472.SZ,20150611,20751231
2832,300476.SZ,20150611,20751231
2833,601968.SH,20150611,20751231
2834,603066.SH,20150611,20751231
2835,603616.SH,20150611,20751231
2836,002765.SZ,20150612,20751231
2837,002767.SZ,20150612,20751231
2838,300470.SZ,20150612,20751231
2839,300473.SZ,20150612,20751231
2840,300479.SZ,20150612,20751231
2841,601368.SH,20150612,20751231
2842,002772.SZ,20150626,20751231
2843,002773.SZ,20150626,20751231
2844,002776.SZ,20150626,20751231
2845,300485.SZ,20150626,20751231
2846,601211.SH,20150626,20751231
2847,002769.SZ,20150629,20751231
2848,002771.SZ,20150629,20751231
2849,002775.SZ,20150629,20751231
2850,603116.SH,20150629,20751231
2851,603117.SH,20150629,20751231
2852,603589.SH,20150629,20751231
2853,002768.SZ,20150630,20751231
2854,002770.SZ,20150630,20751231
2855,300481.SZ,20150630,20751231
2856,300482.SZ,20150630,20751231
2857,300483.SZ,20150630,20751231
2858,300486.SZ,20150630,20751231
2859,603085.SH,20150630,20751231
2860,603223.SH,20150630,20751231
2861,603979.SH,20150630,20751231
2862,300488.SZ,20150701,20751231
2863,300489.SZ,20150701,20751231
2864,603838.SH,20150701,20751231
2865,300480.SZ,20150702,20751231
2866,300487.SZ,20150702,20751231
2867,300498.SZ,20151102,20751231
2868,601155.SH,20151204,20751231
2869,002779.SZ,20151209,20751231
2870,002780.SZ,20151209,20751231
2871,002783.SZ,20151209,20751231
2872,603398.SH,20151209,20751231
2873,603696.SH,20151209,20751231
2874,603936.SH,20151209,20751231
2875,300493.SZ,20151210,20751231
2876,300496.SZ,20151210,20751231
2877,603800.SH,20151210,20751231
2878,603999.SH,20151210,20751231
2879,002781.SZ,20151222,20751231
2880,002782.SZ,20151222,20751231
2881,300495.SZ,20151222,20751231
2882,300497.SZ,20151222,20751231
2883,603866.SH,20151222,20751231
2884,603996.SH,20151222,20751231
2885,002785.SZ,20151223,20751231
2886,002786.SZ,20151223,20751231
2887,300492.SZ,20151223,20751231
2888,603508.SH,20151224,20751231
2889,001979.SZ,20151230,20751231
2890,002777.SZ,20151231,20751231
2891,002787.SZ,20151231,20751231
2892,300490.SZ,20151231,20751231
2893,300491.SZ,20151231,20751231
2894,300494.SZ,20151231,20751231
2895,603299.SH,20151231,20751231
2896,603778.SH,20151231,20751231
2897,002778.SZ,20160106,20751231
2898,300499.SZ,20160202,20751231
2899,300500.SZ,20160204,20751231
2900,300501.SZ,20160204,20751231
2901,603377.SH,20160205,20751231
2902,601900.SH,20160215,20751231
2903,002788.SZ,20160218,20751231
2904,603608.SH,20160218,20751231
2905,300502.SZ,20160303,20751231
2906,603027.SH,20160307,20751231
2907,002790.SZ,20160308,20751231
2908,300503.SZ,20160309,20751231
2909,603520.SH,20160309,20751231
2910,603919.SH,20160310,20751231
2911,002789.SZ,20160311,20751231
2912,300505.SZ,20160315,20751231
2913,601020.SH,20160316,20751231
2914,300484.SZ,20160322,20751231
2915,603861.SH,20160322,20751231
2916,300506.SZ,20160324,20751231
2917,002792.SZ,20160328,20751231
2918,002791.SZ,20160329,20751231
2919,300474.SZ,20160331,20751231
2920,603028.SH,20160331,20751231
2921,603798.SH,20160406,20751231
2922,603701.SH,20160412,20751231
2923,002793.SZ,20160415,20751231
2924,603868.SH,20160418,20751231
2925,300508.SZ,20160419,20751231
2926,603726.SH,20160421,20751231
2927,300509.SZ,20160425,20751231
2928,603029.SH,20160427,20751231
2929,002795.SZ,20160428,20751231
2930,603822.SH,20160428,20751231
2931,300507.SZ,20160429,20751231
2932,603528.SH,20160503,20751231
2933,300511.SZ,20160504,20751231
2934,300510.SZ,20160506,20751231
2935,603101.SH,20160506,20751231
2936,002796.SZ,20160510,20751231
2937,002797.SZ,20160511,20751231
2938,603779.SH,20160516,20751231
2939,603959.SH,20160517,20751231
2940,603339.SH,20160519,20751231
2941,002798.SZ,20160525,20751231
2942,300512.SZ,20160526,20751231
2943,002800.SZ,20160530,20751231
2944,300513.SZ,20160530,20751231
2945,300516.SZ,20160602,20751231
2946,603737.SH,20160603,20751231
2947,601611.SH,20160606,20751231
2948,603131.SH,20160607,20751231
2949,002799.SZ,20160608,20751231
2950,300515.SZ,20160608,20751231
2951,601127.SH,20160615,20751231
2952,002801.SZ,20160622,20751231
2953,300518.SZ,20160624,20751231
2954,300519.SZ,20160624,20751231
2955,603909.SH,20160628,20751231
2956,002802.SZ,20160629,20751231
2957,603958.SH,20160629,20751231
2958,603016.SH,20160701,20751231
2959,300521.SZ,20160705,20751231
2960,300522.SZ,20160705,20751231
2961,601966.SH,20160706,20751231
2962,002805.SZ,20160707,20751231
2963,300520.SZ,20160708,20751231
2964,002803.SZ,20160712,20751231
2965,603069.SH,20160712,20751231
2966,300517.SZ,20160719,20751231
2967,002806.SZ,20160726,20751231
2968,300523.SZ,20160726,20751231
2969,300525.SZ,20160726,20751231
2970,603322.SH,20160728,20751231
2971,603663.SH,20160801,20751231
2972,300526.SZ,20160802,20751231
2973,300529.SZ,20160802,20751231
2974,600919.SH,20160802,20751231
2975,300527.SZ,20160805,20751231
2976,300528.SZ,20160808,20751231
2977,601811.SH,20160808,20751231
2978,300530.SZ,20160809,20751231
2979,300531.SZ,20160809,20751231
2980,600977.SH,20160809,20751231
2981,603569.SH,20160810,20751231
2982,002808.SZ,20160812,20751231
2983,300535.SZ,20160812,20751231
2984,603159.SH,20160812,20751231
2985,600936.SH,20160815,20751231
2986,601997.SH,20160816,20751231
2987,601595.SH,20160817,20751231
2988,300532.SZ,20160818,20751231
2989,300533.SZ,20160818,20751231
2990,603986.SH,20160818,20751231
2991,603515.SH,20160819,20751231
2992,603031.SH,20160822,20751231
2993,002809.SZ,20160823,20751231
2994,300540.SZ,20160823,20751231
2995,002810.SZ,20160826,20751231
2996,300538.SZ,20160826,20751231
2997,603007.SH,20160826,20751231
2998,300537.SZ,20160830,20751231
2999,300539.SZ,20160830,20751231
3000,603090.SH,20160831,20751231
3001,603658.SH,20160901,20751231
3002,002807.SZ,20160902,20751231
3003,603843.SH,20160905,20751231
3004,002811.SZ,20160908,20751231
3005,300543.SZ,20160908,20751231
3006,601163.SH,20160909,20751231
3007,603393.SH,20160912,20751231
3008,300534.SZ,20160913,20751231
3009,300541.SZ,20160913,20751231
3010,603067.SH,20160913,20751231
3011,002812.SZ,20160914,20751231
3012,603189.SH,20160914,20751231
3013,601500.SH,20160919,20751231
3014,300536.SZ,20160920,20751231
3015,300542.SZ,20160920,20751231
3016,600908.SH,20160923,20751231
3017,300545.SZ,20160928,20751231
3018,300546.SZ,20160928,20751231
3019,603738.SH,20160928,20751231
3020,300547.SZ,20160930,20751231
3021,300549.SZ,20160930,20751231
3022,601128.SH,20160930,20751231
3023,603887.SH,20161010,20751231
3024,603421.SH,20161011,20751231
3025,002813.SZ,20161012,20751231
3026,002815.SZ,20161012,20751231
3027,300548.SZ,20161012,20751231
3028,603777.SH,20161012,20751231
3029,603313.SH,20161013,20751231
3030,603816.SH,20161014,20751231
3031,603160.SH,20161017,20751231
3032,300550.SZ,20161018,20751231
3033,300551.SZ,20161018,20751231
3034,300555.SZ,20161018,20751231
3035,300552.SZ,20161021,20751231
3036,300553.SZ,20161021,20751231
3037,603859.SH,20161021,20751231
3038,002816.SZ,20161025,20751231
3039,002817.SZ,20161025,20751231
3040,603667.SH,20161025,20751231
3041,603258.SH,20161026,20751231
3042,600926.SH,20161027,20751231
3043,603888.SH,20161028,20751231
3044,603716.SH,20161031,20751231
3045,300557.SZ,20161101,20751231
3046,300559.SZ,20161101,20751231
3047,300560.SZ,20161101,20751231
3048,300556.SZ,20161104,20751231
3049,300558.SZ,20161107,20751231
3050,601882.SH,20161107,20751231
3051,603203.SH,20161108,20751231
3052,002818.SZ,20161109,20751231
3053,603060.SH,20161109,20751231
3054,603556.SH,20161110,20751231
3055,002819.SZ,20161111,20751231
3056,603977.SH,20161111,20751231
3057,300563.SZ,20161114,20751231
3058,300566.SZ,20161115,20751231
3059,300562.SZ,20161116,20751231
3060,601229.SH,20161116,20751231
3061,300561.SZ,20161117,20751231
3062,603633.SH,20161117,20751231
3063,002820.SZ,20161118,20751231
3064,002821.SZ,20161118,20751231
3065,603858.SH,20161118,20751231
3066,603987.SH,20161121,20751231
3067,300565.SZ,20161122,20751231
3068,300567.SZ,20161122,20751231
3069,603727.SH,20161122,20751231
3070,603900.SH,20161123,20751231
3071,002823.SZ,20161124,20751231
3072,603336.SH,20161124,20751231
3073,300569.SZ,20161125,20751231
3074,603819.SH,20161125,20751231
3075,002822.SZ,20161129,20751231
3076,002825.SZ,20161129,20751231
3077,603323.SH,20161129,20751231
3078,603319.SH,20161130,20751231
3079,300568.SZ,20161201,20751231
3080,603660.SH,20161201,20751231
3081,603559.SH,20161202,20751231
3082,300570.SZ,20161206,20751231
3083,300572.SZ,20161206,20751231
3084,600909.SH,20161206,20751231
3085,603033.SH,20161207,20751231
3086,002828.SZ,20161208,20751231
3087,300573.SZ,20161208,20751231
3088,603990.SH,20161208,20751231
3089,002826.SZ,20161209,20751231
3090,002827.SZ,20161209,20751231
3091,603036.SH,20161209,20751231
3092,603928.SH,20161212,20751231
3093,002829.SZ,20161213,20751231
3094,002830.SZ,20161213,20751231
3095,300571.SZ,20161213,20751231
3096,603708.SH,20161213,20751231
3097,603585.SH,20161214,20751231
3098,603389.SH,20161215,20751231
3099,002831.SZ,20161216,20751231
3100,603098.SH,20161216,20751231
3101,603878.SH,20161219,20751231
3102,300575.SZ,20161220,20751231
3103,300576.SZ,20161220,20751231
3104,300581.SZ,20161220,20751231
3105,603823.SH,20161220,20751231
3106,300577.SZ,20161221,20751231
3107,603416.SH,20161221,20751231
3108,603577.SH,20161222,20751231
3109,002832.SZ,20161223,20751231
3110,300579.SZ,20161223,20751231
3111,603058.SH,20161223,20751231
3112,600996.SH,20161226,20751231
3113,603298.SH,20161227,20751231
3114,002833.SZ,20161228,20751231
3115,002835.SZ,20161228,20751231
3116,300582.SZ,20161228,20751231
3117,603218.SH,20161228,20751231
3118,603886.SH,20161228,20751231
3119,002836.SZ,20161229,20751231
3120,002837.SZ,20161229,20751231
3121,300585.SZ,20161229,20751231
3122,603239.SH,20161230,20751231
3123,603929.SH,20161230,20751231
3124,601375.SH,20170103,20751231
3125,603186.SH,20170103,20751231
3126,300586.SZ,20170104,20751231
3127,603444.SH,20170104,20751231
3128,300587.SZ,20170105,20751231
3129,300588.SZ,20170105,20751231
3130,603032.SH,20170105,20751231
3131,603035.SH,20170105,20751231
3132,002838.SZ,20170106,20751231
3133,300583.SZ,20170106,20751231
3134,603228.SH,20170106,20751231
3135,603877.SH,20170109,20751231
3136,002840.SZ,20170110,20751231
3137,300591.SZ,20170110,20751231
3138,603266.SH,20170110,20751231
3139,603689.SH,20170110,20751231
3140,300580.SZ,20170111,20751231
3141,300590.SZ,20170111,20751231
3142,603579.SH,20170111,20751231
3143,002824.SZ,20170112,20751231
3144,300584.SZ,20170112,20751231
3145,603628.SH,20170112,20751231
3146,603639.SH,20170112,20751231
3147,300589.SZ,20170113,20751231
3148,300593.SZ,20170113,20751231
3149,603039.SH,20170113,20751231
3150,603690.SH,20170113,20751231
3151,603038.SH,20170116,20751231
3152,300595.SZ,20170117,20751231
3153,603165.SH,20170117,20751231
3154,603668.SH,20170117,20751231
3155,601858.SH,20170118,20751231
3156,002841.SZ,20170119,20751231
3157,002842.SZ,20170119,20751231
3158,300596.SZ,20170119,20751231
3159,603337.SH,20170119,20751231
3160,002843.SZ,20170120,20751231
3161,300592.SZ,20170120,20751231
3162,300598.SZ,20170120,20751231
3163,603037.SH,20170120,20751231
3164,603638.SH,20170120,20751231
3165,300597.SZ,20170123,20751231
3166,300599.SZ,20170123,20751231
3167,601881.SH,20170123,20751231
3168,002839.SZ,20170124,20751231
3169,603429.SH,20170124,20751231
3170,002845.SZ,20170125,20751231
3171,300578.SZ,20170125,20751231
3172,300600.SZ,20170125,20751231
3173,603358.SH,20170125,20751231
3174,603966.SH,20170125,20751231
3175,300602.SZ,20170126,20751231
3176,300603.SZ,20170126,20751231
3177,603089.SH,20170126,20751231
3178,603360.SH,20170206,20751231
3179,603677.SH,20170206,20751231
3180,002846.SZ,20170207,20751231
3181,300601.SZ,20170207,20751231
3182,603177.SH,20170207,20751231
3183,002847.SZ,20170208,20751231
3184,300605.SZ,20170208,20751231
3185,300606.SZ,20170208,20751231
3186,603637.SH,20170208,20751231
3187,603881.SH,20170208,20751231
3188,300607.SZ,20170209,20751231
3189,603040.SH,20170209,20751231
3190,603626.SH,20170209,20751231
3191,603208.SH,20170210,20751231
3192,002848.SZ,20170213,20751231
3193,300608.SZ,20170213,20751231
3194,300610.SZ,20170213,20751231
3195,603330.SH,20170213,20751231
3196,603615.SH,20170213,20751231
3197,603839.SH,20170214,20751231
3198,300609.SZ,20170215,20751231
3199,300612.SZ,20170215,20751231
3200,300615.SZ,20170215,20751231
3201,601212.SH,20170215,20751231
3202,002849.SZ,20170217,20751231
3203,603603.SH,20170217,20751231
3204,300611.SZ,20170220,20751231
3205,300613.SZ,20170220,20751231
3206,603817.SH,20170220,20751231
3207,600939.SH,20170221,20751231
3208,603238.SH,20170222,20751231
3209,603345.SH,20170222,20751231
3210,300617.SZ,20170228,20751231
3211,300619.SZ,20170301,20751231
3212,002850.SZ,20170302,20751231
3213,002851.SZ,20170306,20751231
3214,300618.SZ,20170306,20751231
3215,603138.SH,20170306,20751231
3216,603578.SH,20170306,20751231
3217,300616.SZ,20170307,20751231
3218,603908.SH,20170307,20751231
3219,603991.SH,20170308,20751231
3220,002852.SZ,20170310,20751231
3221,002853.SZ,20170310,20751231
3222,300620.SZ,20170310,20751231
3223,603955.SH,20170310,20751231
3224,603630.SH,20170313,20751231
3225,603665.SH,20170313,20751231
3226,300623.SZ,20170314,20751231
3227,603903.SH,20170314,20751231
3228,603960.SH,20170314,20751231
3229,300622.SZ,20170315,20751231
3230,603811.SH,20170315,20751231
3231,300621.SZ,20170316,20751231
3232,300625.SZ,20170317,20751231
3233,300628.SZ,20170317,20751231
3234,603179.SH,20170317,20751231
3235,603517.SH,20170317,20751231
3236,002856.SZ,20170320,20751231
3237,300626.SZ,20170320,20751231
3238,603133.SH,20170320,20751231
3239,002855.SZ,20170321,20751231
3240,300627.SZ,20170321,20751231
3241,603656.SH,20170321,20751231
3242,002857.SZ,20170323,20751231
3243,300631.SZ,20170323,20751231
3244,002774.SZ,20170324,20751231
3245,002858.SZ,20170324,20751231
3246,300629.SZ,20170324,20751231
3247,603388.SH,20170324,20751231
3248,603768.SH,20170324,20751231
3249,603717.SH,20170327,20751231
3250,300630.SZ,20170328,20751231
3251,603178.SH,20170328,20751231
3252,603833.SH,20170328,20751231
3253,601228.SH,20170329,20751231
3254,603041.SH,20170330,20751231
3255,603303.SH,20170330,20751231
3256,300635.SZ,20170331,20751231
3257,300636.SZ,20170331,20751231
3258,601200.SH,20170331,20751231
3259,603385.SH,20170405,20751231
3260,300632.SZ,20170406,20751231
3261,300633.SZ,20170406,20751231
3262,603586.SH,20170406,20751231
3263,002859.SZ,20170407,20751231
3264,603538.SH,20170407,20751231
3265,603078.SH,20170410,20751231
3266,603906.SH,20170410,20751231
3267,002862.SZ,20170411,20751231
3268,002860.SZ,20170412,20751231
3269,300637.SZ,20170412,20751231
3270,300639.SZ,20170412,20751231
3271,601366.SH,20170412,20751231
3272,002861.SZ,20170413,20751231
3273,300638.SZ,20170413,20751231
3274,603797.SH,20170413,20751231
3275,603050.SH,20170414,20751231
3276,603826.SH,20170414,20751231
3277,300604.SZ,20170417,20751231
3278,300640.SZ,20170417,20751231
3279,002863.SZ,20170418,20751231
3280,300641.SZ,20170418,20751231
3281,603225.SH,20170418,20751231
3282,603081.SH,20170420,20751231
3283,603803.SH,20170420,20751231
3284,300554.SZ,20170421,20751231
3285,300642.SZ,20170421,20751231
3286,300645.SZ,20170421,20751231
3287,603139.SH,20170421,20751231
3288,603232.SH,20170421,20751231
3289,002865.SZ,20170425,20751231
3290,300648.SZ,20170425,20751231
3291,603096.SH,20170425,20751231
3292,002866.SZ,20170426,20751231
3293,300514.SZ,20170426,20751231
3294,603920.SH,20170426,20751231
3295,002867.SZ,20170427,20751231
3296,603787.SH,20170427,20751231
3297,603320.SH,20170502,20751231
3298,002868.SZ,20170503,20751231
3299,300647.SZ,20170503,20751231
3300,300650.SZ,20170503,20751231
3301,603505.SH,20170503,20751231
3302,603501.SH,20170504,20751231
3303,300643.SZ,20170505,20751231
3304,300649.SZ,20170505,20751231
3305,603985.SH,20170505,20751231
3306,300651.SZ,20170509,20751231
3307,603229.SH,20170509,20751231
3308,603728.SH,20170509,20751231
3309,603896.SH,20170510,20751231
3310,603926.SH,20170510,20751231
3311,002871.SZ,20170511,20751231
3312,603086.SH,20170511,20751231
3313,603113.SH,20170511,20751231
3314,603180.SH,20170512,20751231
3315,002869.SZ,20170515,20751231
3316,002870.SZ,20170515,20751231
3317,601952.SH,20170515,20751231
3318,300652.SZ,20170516,20751231
3319,300653.SZ,20170516,20751231
3320,603488.SH,20170516,20751231
3321,603269.SH,20170517,20751231
3322,603758.SH,20170517,20751231
3323,002872.SZ,20170519,20751231
3324,002873.SZ,20170519,20751231
3325,300656.SZ,20170519,20751231
3326,603197.SH,20170519,20751231
3327,603383.SH,20170522,20751231
3328,300655.SZ,20170523,20751231
3329,300657.SZ,20170523,20751231
3330,603855.SH,20170524,20751231
3331,002876.SZ,20170525,20751231
3332,603580.SH,20170525,20751231
3333,300659.SZ,20170526,20751231
3334,603196.SH,20170531,20751231
3335,002875.SZ,20170601,20751231
3336,603200.SH,20170601,20751231
3337,300658.SZ,20170602,20751231
3338,300660.SZ,20170602,20751231
3339,603042.SH,20170602,20751231
3340,002877.SZ,20170605,20751231
3341,002878.SZ,20170606,20751231
3342,300661.SZ,20170606,20751231
3343,603496.SH,20170607,20751231
3344,300662.SZ,20170608,20751231
3345,300663.SZ,20170608,20751231
3346,300665.SZ,20170613,20751231
3347,603536.SH,20170613,20751231
3348,603767.SH,20170613,20751231
3349,603879.SH,20170614,20751231
3350,300666.SZ,20170615,20751231
3351,603226.SH,20170615,20751231
3352,603980.SH,20170615,20751231
3353,002880.SZ,20170616,20751231
3354,603326.SH,20170616,20751231
3355,300667.SZ,20170619,20751231
3356,300668.SZ,20170619,20751231
3357,603316.SH,20170619,20751231
3358,002883.SZ,20170620,20751231
3359,603335.SH,20170620,20751231
3360,603679.SH,20170621,20751231
3361,002881.SZ,20170622,20751231
3362,603380.SH,20170622,20751231
3363,601878.SH,20170626,20751231
3364,002885.SZ,20170627,20751231
3365,002886.SZ,20170627,20751231
3366,603043.SH,20170627,20751231
3367,603286.SH,20170627,20751231
3368,603938.SH,20170628,20751231
3369,300669.SZ,20170629,20751231
3370,603801.SH,20170630,20751231
3371,300670.SZ,20170703,20751231
3372,603617.SH,20170703,20751231
3373,300671.SZ,20170705,20751231
3374,603331.SH,20170705,20751231
3375,603933.SH,20170706,20751231
3376,002879.SZ,20170707,20751231
3377,603305.SH,20170710,20751231
3378,002884.SZ,20170711,20751231
3379,300673.SZ,20170711,20751231
3380,603757.SH,20170711,20751231
3381,300672.SZ,20170712,20751231
3382,603595.SH,20170712,20751231
3383,300676.SZ,20170714,20751231
3384,002882.SZ,20170717,20751231
3385,603387.SH,20170717,20751231
3386,603612.SH,20170718,20751231
3387,300675.SZ,20170719,20751231
3388,603707.SH,20170719,20751231
3389,601619.SH,20170720,20751231
3390,002888.SZ,20170721,20751231
3391,300677.SZ,20170721,20751231
3392,603676.SH,20170721,20751231
3393,300680.SZ,20170725,20751231
3394,300681.SZ,20170725,20751231
3395,300678.SZ,20170728,20751231
3396,603063.SH,20170728,20751231
3397,603730.SH,20170728,20751231
3398,002889.SZ,20170731,20751231
3399,300679.SZ,20170731,20751231
3400,603233.SH,20170731,20751231
3401,002887.SZ,20170801,20751231
3402,300682.SZ,20170801,20751231
3403,603357.SH,20170801,20751231
3404,002890.SZ,20170802,20751231
3405,300685.SZ,20170802,20751231
3406,603825.SH,20170802,20751231
3407,603860.SH,20170802,20751231
3408,300687.SZ,20170803,20751231
3409,300686.SZ,20170804,20751231
3410,603880.SH,20170807,20751231
3411,603978.SH,20170807,20751231
3412,300683.SZ,20170808,20751231
3413,300690.SZ,20170808,20751231
3414,603535.SH,20170808,20751231
3415,300689.SZ,20170809,20751231
3416,603458.SH,20170809,20751231
3417,300688.SZ,20170810,20751231
3418,603602.SH,20170810,20751231
3419,300691.SZ,20170811,20751231
3420,603721.SH,20170811,20751231
3421,601326.SH,20170816,20751231
3422,002892.SZ,20170817,20751231
3423,603776.SH,20170817,20751231
3424,603129.SH,20170818,20751231
3425,603557.SH,20170818,20751231
3426,002891.SZ,20170821,20751231
3427,300692.SZ,20170821,20751231
3428,601949.SH,20170821,20751231
3429,300693.SZ,20170822,20751231
3430,300696.SZ,20170822,20751231
3431,603976.SH,20170822,20751231
3432,603079.SH,20170823,20751231
3433,603181.SH,20170824,20751231
3434,002895.SZ,20170825,20751231
3435,603127.SH,20170825,20751231
3436,002896.SZ,20170829,20751231
3437,300698.SZ,20170831,20751231
3438,300699.SZ,20170901,20751231
3439,603359.SH,20170901,20751231
3440,603500.SH,20170904,20751231
3441,603183.SH,20170905,20751231
3442,603725.SH,20170906,20751231
3443,002897.SZ,20170907,20751231
3444,300697.SZ,20170907,20751231
3445,603527.SH,20170907,20751231
3446,300695.SZ,20170908,20751231
3447,603882.SH,20170908,20751231
3448,603277.SH,20170911,20751231
3449,002898.SZ,20170912,20751231
3450,300700.SZ,20170912,20751231
3451,603386.SH,20170912,20751231
3452,603648.SH,20170913,20751231
3453,002893.SZ,20170915,20751231
3454,002899.SZ,20170915,20751231
3455,300701.SZ,20170915,20751231
3456,603321.SH,20170915,20751231
3457,603813.SH,20170918,20751231
3458,300702.SZ,20170919,20751231
3459,300703.SZ,20170919,20751231
3460,603106.SH,20170920,20751231
3461,603055.SH,20170921,20751231
3462,603533.SH,20170921,20751231
3463,002900.SZ,20170922,20751231
3464,002901.SZ,20170922,20751231
3465,603963.SH,20170922,20751231
3466,603157.SH,20170925,20751231
3467,300654.SZ,20170926,20751231
3468,300706.SZ,20170926,20751231
3469,603363.SH,20170926,20751231
3470,603136.SH,20170927,20751231
3471,603378.SH,20170928,20751231
3472,002902.SZ,20170929,20751231
3473,601086.SH,20170929,20751231
3474,603367.SH,20170929,20751231
3475,300705.SZ,20171010,20751231
3476,300707.SZ,20171010,20751231
3477,603103.SH,20171012,20751231
3478,002903.SZ,20171013,20751231
3479,002906.SZ,20171013,20751231
3480,603110.SH,20171013,20751231
3481,002905.SZ,20171016,20751231
3482,300708.SZ,20171016,20751231
3483,603499.SH,20171016,20751231
3484,603829.SH,20171017,20751231
3485,603396.SH,20171018,20751231
3486,300709.SZ,20171019,20751231
3487,300710.SZ,20171019,20751231
3488,002907.SZ,20171020,20751231
3489,002908.SZ,20171020,20751231
3490,603466.SH,20171020,20751231
3491,603683.SH,20171020,20751231
3492,603922.SH,20171023,20751231
3493,601108.SH,20171024,20751231
3494,603607.SH,20171025,20751231
3495,603722.SH,20171025,20751231
3496,002909.SZ,20171026,20751231
3497,300715.SZ,20171026,20751231
3498,603260.SH,20171030,20751231
3499,002910.SZ,20171031,20751231
3500,300712.SZ,20171031,20751231
3501,603289.SH,20171031,20751231
3502,300711.SZ,20171101,20751231
3503,300713.SZ,20171101,20751231
3504,603912.SH,20171101,20751231
3505,603937.SH,20171102,20751231
3506,603659.SH,20171103,20751231
3507,300717.SZ,20171106,20751231
3508,300718.SZ,20171106,20751231
3509,300720.SZ,20171106,20751231
3510,603507.SH,20171106,20751231
3511,603856.SH,20171106,20751231
3512,600903.SH,20171107,20751231
3513,300716.SZ,20171109,20751231
3514,300719.SZ,20171109,20751231
3515,300722.SZ,20171110,20751231
3516,300725.SZ,20171110,20751231
3517,603083.SH,20171110,20751231
3518,603916.SH,20171110,20751231
3519,603076.SH,20171113,20751231
3520,603278.SH,20171113,20751231
3521,300721.SZ,20171115,20751231
3522,603605.SH,20171115,20751231
3523,002864.SZ,20171116,20751231
3524,300723.SZ,20171116,20751231
3525,603970.SH,20171116,20751231
3526,600933.SH,20171117,20751231
3527,603619.SH,20171117,20751231
3528,603365.SH,20171120,20751231
3529,002912.SZ,20171121,20751231
3530,300726.SZ,20171121,20751231
3531,603661.SH,20171121,20751231
3532,002911.SZ,20171122,20751231
3533,601019.SH,20171122,20751231
3534,300727.SZ,20171127,20751231
3535,603685.SH,20171127,20751231
3536,603809.SH,20171128,20751231
3537,603711.SH,20171130,20751231
3538,002913.SZ,20171201,20751231
3539,300729.SZ,20171201,20751231
3540,603848.SH,20171201,20751231
3541,603917.SH,20171204,20751231
3542,002915.SZ,20171205,20751231
3543,300730.SZ,20171205,20751231
3544,002917.SZ,20171208,20751231
3545,300731.SZ,20171208,20751231
3546,300732.SZ,20171212,20751231
3547,603890.SH,20171212,20751231
3548,002916.SZ,20171213,20751231
3549,600025.SH,20171215,20751231
3550,002919.SZ,20171218,20751231
3551,603477.SH,20171218,20751231
3552,002918.SZ,20171219,20751231
3553,001965.SZ,20171225,20751231
3554,603283.SH,20171225,20751231
3555,002920.SZ,20171226,20751231
3556,002921.SZ,20171227,20751231
3557,300684.SZ,20171227,20751231
3558,002922.SZ,20171229,20751231
3559,300735.SZ,20171229,20751231
3560,603329.SH,20171229,20751231
3561,603655.SH,20171229,20751231
3562,603080.SH,20180103,20751231
3563,002923.SZ,20180105,20751231
3564,300664.SZ,20180105,20751231
3565,603161.SH,20180105,20751231
3566,300736.SZ,20180109,20751231
3567,002925.SZ,20180115,20751231
3568,300733.SZ,20180116,20751231
3569,603056.SH,20180116,20751231
3570,601828.SH,20180117,20751231
3571,300624.SZ,20180118,20751231
3572,300738.SZ,20180119,20751231
3573,603895.SH,20180122,20751231
3574,603356.SH,20180124,20751231
3575,300737.SZ,20180125,20751231
3576,601838.SH,20180131,20751231
3577,300739.SZ,20180201,20751231
3578,603506.SH,20180201,20751231
3579,603516.SH,20180202,20751231
3580,002926.SZ,20180205,20751231
3581,300644.SZ,20180206,20751231
3582,603871.SH,20180206,20751231
3583,300740.SZ,20180208,20751231
3584,603709.SH,20180208,20751231
3585,603156.SH,20180212,20751231
3586,002927.SZ,20180223,20751231
3587,603712.SH,20180226,20751231
3588,603680.SH,20180227,20751231
3589,002929.SZ,20180301,20751231
3590,300741.SZ,20180301,20751231
3591,600901.SH,20180301,20751231
3592,002928.SZ,20180302,20751231
3593,603059.SH,20180302,20751231
3594,300634.SZ,20180323,20751231
3595,600929.SH,20180326,20751231
3596,002930.SZ,20180328,20751231
3597,300504.SZ,20180330,20751231
3598,603214.SH,20180330,20751231
3599,002931.SZ,20180403,20751231
3600,603897.SH,20180410,20751231
3601,603301.SH,20180412,20751231
3602,603773.SH,20180417,20751231
3603,603876.SH,20180418,20751231
3604,603733.SH,20180420,20751231
3605,603348.SH,20180426,20751231
3606,300743.SZ,20180427,20751231
3607,603596.SH,20180427,20751231
3608,300742.SZ,20180508,20751231
3609,603259.SH,20180508,20751231
3610,603013.SH,20180509,20751231
3611,300454.SZ,20180516,20751231
3612,603045.SH,20180517,20751231
3613,300745.SZ,20180523,20751231
3614,300746.SZ,20180525,20751231
3615,603486.SH,20180528,20751231
3616,601138.SH,20180608,20751231
3617,300750.SZ,20180611,20751231
3618,601330.SH,20180611,20751231
3619,603666.SH,20180612,20751231
3620,601990.SH,20180613,20751231
3621,601066.SH,20180620,20751231
3622,603587.SH,20180622,20751231
3623,300747.SZ,20180625,20751231
3624,603650.SH,20180627,20751231
3625,603693.SH,20180703,20751231
3626,603105.SH,20180709,20751231
3627,603706.SH,20180709,20751231
3628,002932.SZ,20180710,20751231
3629,603713.SH,20180713,20751231
3630,601869.SH,20180720,20751231
3631,603657.SH,20180730,20751231
3632,601606.SH,20180806,20751231
3633,300724.SZ,20180810,20751231
3634,603590.SH,20180827,20751231
3635,002933.SZ,20180828,20751231
3636,603192.SH,20180828,20751231
3637,601068.SH,20180831,20751231
3638,002935.SZ,20180903,20751231
3639,603297.SH,20180910,20751231
3640,603790.SH,20180912,20751231
3641,603810.SH,20180917,20751231
3642,002938.SZ,20180918,20751231
3643,002936.SZ,20180919,20751231
3644,300748.SZ,20180921,20751231
3645,603583.SH,20180921,20751231
3646,300749.SZ,20180925,20751231
3647,002937.SZ,20180926,20751231
3648,601577.SH,20180926,20751231
3649,300694.SZ,20181015,20751231
3650,300760.SZ,20181016,20751231
3651,601162.SH,20181019,20751231
3652,002940.SZ,20181023,20751231
3653,002939.SZ,20181026,20751231
3654,300674.SZ,20181107,20751231
3655,300751.SZ,20181109,20751231
3656,603220.SH,20181115,20751231
3657,601319.SH,20181116,20751231
3658,002941.SZ,20181128,20751231
3659,002943.SZ,20181129,20751231
3660,603187.SH,20181129,20751231
3661,300752.SZ,20181130,20751231
3662,002942.SZ,20181205,20751231
3663,300753.SZ,20181213,20751231
3664,603629.SH,20181224,20751231
3665,300756.SZ,20181228,20751231
3666,603185.SH,20181228,20751231
3667,601860.SH,20190103,20751231
3668,300757.SZ,20190108,20751231
3669,601975.SH,20190108,20751231
3670,603121.SH,20190111,20751231
3671,002948.SZ,20190116,20751231
3672,603739.SH,20190116,20751231
3673,002945.SZ,20190117,20751231
3674,603332.SH,20190117,20751231
3675,601598.SH,20190118,20751231
3676,601298.SH,20190121,20751231
3677,603700.SH,20190122,20751231
3678,601615.SH,20190123,20751231
3679,002946.SZ,20190125,20751231
3680,300759.SZ,20190128,20751231
3681,300755.SZ,20190129,20751231
3682,603351.SH,20190130,20751231
3683,002947.SZ,20190201,20751231
3684,601865.SH,20190215,20751231
3685,300761.SZ,20190218,20751231
3686,300758.SZ,20190222,20751231
3687,603956.SH,20190222,20751231
3688,002949.SZ,20190226,20751231
3689,600928.SH,20190301,20751231
3690,002950.SZ,20190311,20751231
3691,300762.SZ,20190314,20751231
3692,002951.SZ,20190315,20751231
3693,300763.SZ,20190319,20751231
3694,300765.SZ,20190322,20751231
3695,300766.SZ,20190325,20751231
3696,002958.SZ,20190326,20751231
3697,603681.SH,20190326,20751231
3698,002952.SZ,20190328,20751231
3699,300767.SZ,20190329,20751231
3700,603379.SH,20190402,20751231
3701,300768.SZ,20190412,20751231
3702,300769.SZ,20190415,20751231
3703,603068.SH,20190415,20751231
3704,603317.SH,20190416,20751231
3705,300770.SZ,20190419,20751231
3706,300771.SZ,20190422,20751231
3707,300773.SZ,20190425,20751231
3708,300772.SZ,20190426,20751231
3709,603967.SH,20190429,20751231
3710,603697.SH,20190508,20751231
3711,002953.SZ,20190509,20751231
3712,300778.SZ,20190510,20751231
3713,603267.SH,20190515,20751231
3714,300777.SZ,20190516,20751231
3715,600989.SH,20190516,20751231
3716,300776.SZ,20190517,20751231
3717,300775.SZ,20190521,20751231
3718,300779.SZ,20190522,20751231
3719,603982.SH,20190522,20751231
3720,002955.SZ,20190523,20751231
3721,603327.SH,20190523,20751231
3722,300780.SZ,20190531,20751231
3723,300781.SZ,20190606,20751231
3724,603915.SH,20190614,20751231
3725,300782.SZ,20190618,20751231
3726,002956.SZ,20190619,20751231
3727,603217.SH,20190620,20751231
3728,300594.SZ,20190621,20751231
3729,603863.SH,20190621,20751231
3730,600968.SH,20190626,20751231
3731,603867.SH,20190627,20751231
3732,601698.SH,20190628,20751231
3733,300788.SZ,20190705,20751231
3734,601236.SH,20190705,20751231
3735,300783.SZ,20190712,20751231
3736,300785.SZ,20190715,20751231
3737,603236.SH,20190716,20751231
3738,603256.SH,20190719,20751231
3739,688001.SH,20190722,20751231
3740,688002.SH,20190722,20751231
3741,688003.SH,20190722,20751231
3742,688005.SH,20190722,20751231
3743,688006.SH,20190722,20751231
3744,688007.SH,20190722,20751231
3745,688008.SH,20190722,20751231
3746,688009.SH,20190722,20751231
3747,688010.SH,20190722,20751231
3748,688011.SH,20190722,20751231
3749,688012.SH,20190722,20751231
3750,688015.SH,20190722,20751231
3751,688016.SH,20190722,20751231
3752,688018.SH,20190722,20751231
3753,688019.SH,20190722,20751231
3754,688020.SH,20190722,20751231
3755,688022.SH,20190722,20751231
3756,688028.SH,20190722,20751231
3757,688029.SH,20190722,20751231
3758,688033.SH,20190722,20751231
3759,688066.SH,20190722,20751231
3760,688088.SH,20190722,20751231
3761,688122.SH,20190722,20751231
3762,688333.SH,20190722,20751231
3763,688388.SH,20190722,20751231
3764,300786.SZ,20190723,20751231
3765,603983.SH,20190725,20751231
3766,002957.SZ,20190726,20751231
3767,603687.SH,20190726,20751231
3768,603279.SH,20190729,20751231
3769,603613.SH,20190730,20751231
3770,002966.SZ,20190802,20751231
3771,603530.SH,20190805,20751231
3772,603662.SH,20190806,20751231
3773,688099.SH,20190808,20751231
3774,688188.SH,20190808,20751231
3775,002960.SZ,20190809,20751231
3776,603115.SH,20190809,20751231
3777,688321.SH,20190812,20751231
3778,300787.SZ,20190815,20751231
3779,002959.SZ,20190823,20751231
3780,003816.SZ,20190826,20751231
3781,603992.SH,20190826,20751231
3782,300789.SZ,20190828,20751231
3783,603755.SH,20190828,20751231
3784,603093.SH,20190830,20751231
3785,002961.SZ,20190905,20751231
3786,688168.SH,20190906,20751231
3787,603927.SH,20190909,20751231
3788,002962.SZ,20190917,20751231
3789,300790.SZ,20190920,20751231
3790,300791.SZ,20190925,20751231
3791,688116.SH,20190925,20751231
3792,300792.SZ,20190927,20751231
3793,688030.SH,20190930,20751231
3794,688036.SH,20190930,20751231
3795,688068.SH,20190930,20751231
3796,688368.SH,20191014,20751231
3797,603786.SH,20191015,20751231
3798,300793.SZ,20191018,20751231
3799,603815.SH,20191021,20751231
3800,300795.SZ,20191022,20751231
3801,002965.SZ,20191025,20751231
3802,688139.SH,20191025,20751231
3803,002963.SZ,20191028,20751231
3804,688098.SH,20191028,20751231
3805,300799.SZ,20191029,20751231
3806,601077.SH,20191029,20751231
3807,603610.SH,20191029,20751231
3808,688108.SH,20191030,20751231
3809,688366.SH,20191030,20751231
3810,688025.SH,20191031,20751231
3811,688369.SH,20191031,20751231
3812,300797.SZ,20191101,20751231
3813,688058.SH,20191101,20751231
3814,688023.SH,20191105,20751231
3815,688128.SH,20191105,20751231
3816,688199.SH,20191105,20751231
3817,688202.SH,20191105,20751231
3818,688389.SH,20191105,20751231
3819,300800.SZ,20191106,20751231
3820,688021.SH,20191106,20751231
3821,688288.SH,20191106,20751231
3822,688299.SH,20191106,20751231
3823,688363.SH,20191106,20751231
3824,002967.SZ,20191108,20751231
3825,300564.SZ,20191108,20751231
3826,688166.SH,20191108,20751231
3827,603489.SH,20191111,20751231
3828,300802.SZ,20191114,20751231
3829,300796.SZ,20191115,20751231
3830,688101.SH,20191115,20751231
3831,688300.SH,20191115,20751231
3832,300803.SZ,20191118,20751231
3833,688111.SH,20191118,20751231
3834,688138.SH,20191120,20751231
3835,300805.SZ,20191121,20751231
3836,688196.SH,20191121,20751231
3837,300798.SZ,20191122,20751231
3838,300806.SZ,20191125,20751231
3839,603390.SH,20191125,20751231
3840,601916.SH,20191126,20751231
3841,300801.SZ,20191128,20751231
3842,300808.SZ,20191129,20751231
3843,002969.SZ,20191202,20751231
3844,002968.SZ,20191203,20751231
3845,688310.SH,20191203,20751231
3846,688358.SH,20191203,20751231
3847,300809.SZ,20191204,20751231
3848,688118.SH,20191204,20751231
3849,688357.SH,20191204,20751231
3850,688399.SH,20191205,20751231
3851,300810.SZ,20191206,20751231
3852,688198.SH,20191209,20751231
3853,688258.SH,20191209,20751231
3854,601658.SH,20191210,20751231
3855,688039.SH,20191211,20751231
3856,688218.SH,20191211,20751231
3857,688037.SH,20191216,20751231
3858,002970.SZ,20191217,20751231
3859,603053.SH,20191217,20751231
3860,300807.SZ,20191219,20751231
3861,688089.SH,20191219,20751231
3862,601512.SH,20191220,20751231
3863,688123.SH,20191223,20751231
3864,603995.SH,20191224,20751231
3865,688268.SH,20191226,20751231
3866,002972.SZ,20191227,20751231
3867,300811.SZ,20191230,20751231
3868,688078.SH,20191230,20751231
3869,603109.SH,20191231,20751231
3870,002973.SZ,20200106,20751231
3871,688081.SH,20200106,20751231
3872,688181.SH,20200106,20751231
3873,300812.SZ,20200109,20751231
3874,002971.SZ,20200113,20751231
3875,300813.SZ,20200114,20751231
3876,688178.SH,20200114,20751231
3877,603551.SH,20200115,20751231
3878,601816.SH,20200116,20751231
3879,688278.SH,20200117,20751231
3880,688158.SH,20200120,20751231
3881,688100.SH,20200121,20751231
3882,688026.SH,20200122,20751231
3883,300815.SZ,20200123,20751231
3884,688159.SH,20200123,20751231
3885,688266.SH,20200123,20751231
3886,603290.SH,20200204,20751231
3887,002975.SZ,20200205,20751231
3888,688298.SH,20200205,20751231
3889,603195.SH,20200206,20751231
3890,603893.SH,20200207,20751231
3891,300816.SZ,20200210,20751231
3892,688186.SH,20200211,20751231
3893,688398.SH,20200211,20751231
3894,300818.SZ,20200212,20751231
3895,688080.SH,20200212,20751231
3896,300820.SZ,20200213,20751231
3897,688208.SH,20200213,20751231
3898,688090.SH,20200217,20751231
3899,300817.SZ,20200218,20751231
3900,688200.SH,20200218,20751231
3901,688169.SH,20200221,20751231
3902,688177.SH,20200221,20751231
3903,688233.SH,20200221,20751231
3904,603719.SH,20200224,20751231
3905,601696.SH,20200226,20751231
3906,688086.SH,20200226,20751231
3907,688396.SH,20200227,20751231
3908,603948.SH,20200302,20751231
3909,002976.SZ,20200306,20751231
3910,603949.SH,20200310,20751231
3911,300819.SZ,20200312,20751231
3912,300821.SZ,20200312,20751231
3913,300822.SZ,20200313,20751231
3914,002977.SZ,20200317,20751231
3915,300823.SZ,20200319,20751231
3916,688051.SH,20200320,20751231
3917,603221.SH,20200323,20751231
3918,688189.SH,20200326,20751231
3919,300825.SZ,20200327,20751231
3920,688228.SH,20200327,20751231
3921,300826.SZ,20200403,20751231
3922,603353.SH,20200407,20751231
3923,002979.SZ,20200408,20751231
3924,688085.SH,20200409,20751231
3925,688096.SH,20200409,20751231
3926,300827.SZ,20200410,20751231
3927,002980.SZ,20200415,20751231
3928,603095.SH,20200415,20751231
3929,688222.SH,20200416,20751231
3930,002978.SZ,20200417,20751231
3931,002981.SZ,20200417,20751231
3932,688126.SH,20200420,20751231
3933,300828.SZ,20200421,20751231
3934,603682.SH,20200421,20751231
3935,300829.SZ,20200422,20751231
3936,601609.SH,20200422,20751231
3937,002982.SZ,20200424,20751231
3938,688318.SH,20200427,20751231
3939,002983.SZ,20200428,20751231
3940,603439.SH,20200428,20751231
3941,002985.SZ,20200429,20751231
3942,603392.SH,20200429,20751231
3943,688365.SH,20200429,20751231
3944,603212.SH,20200430,20751231
3945,300830.SZ,20200506,20751231
3946,002987.SZ,20200507,20751231
3947,300831.SZ,20200507,20751231
3948,688466.SH,20200508,20751231
3949,688588.SH,20200511,20751231
3950,300832.SZ,20200512,20751231
3951,002988.SZ,20200518,20751231
3952,688566.SH,20200518,20751231
3953,688598.SH,20200518,20751231
3954,601778.SH,20200519,20751231
3955,300833.SZ,20200520,20751231
3956,688516.SH,20200521,20751231
3957,605001.SH,20200522,20751231
3958,002990.SZ,20200525,20751231
3959,300835.SZ,20200525,20751231
3960,603950.SH,20200526,20751231
3961,300836.SZ,20200528,20751231
3962,605168.SH,20200528,20751231
3963,605288.SH,20200601,20751231
3964,002986.SZ,20200602,20751231
3965,688360.SH,20200602,20751231
3966,600918.SH,20200603,20751231
3967,300837.SZ,20200605,20751231
3968,601827.SH,20200605,20751231
3969,300838.SZ,20200608,20751231
3970,601399.SH,20200608,20751231
3971,688312.SH,20200608,20751231
3972,688157.SH,20200609,20751231
3973,002989.SZ,20200610,20751231
3974,688599.SH,20200610,20751231
3975,688004.SH,20200612,20751231
3976,300841.SZ,20200616,20751231
3977,688106.SH,20200616,20751231
3978,300842.SZ,20200618,20751231
3979,605166.SH,20200618,20751231
3980,300824.SZ,20200619,20751231
3981,688505.SH,20200619,20751231
3982,688518.SH,20200622,20751231
3983,688520.SH,20200622,20751231
3984,688555.SH,20200623,20751231
3985,600956.SH,20200629,20751231
3986,603087.SH,20200629,20751231
3987,300839.SZ,20200630,20751231
3988,688558.SH,20200630,20751231
3989,300846.SZ,20200701,20751231
3990,688528.SH,20200701,20751231
3991,300843.SZ,20200702,20751231
3992,300845.SZ,20200703,20751231
3993,688600.SH,20200703,20751231
3994,688277.SH,20200707,20751231
3995,300840.SZ,20200708,20751231
3996,688377.SH,20200708,20751231
3997,688568.SH,20200708,20751231
3998,300847.SZ,20200709,20751231
3999,688027.SH,20200709,20751231
4000,300849.SZ,20200710,20751231
4001,605199.SH,20200710,20751231
4002,688060.SH,20200710,20751231
4003,300850.SZ,20200713,20751231
4004,300852.SZ,20200713,20751231
4005,688309.SH,20200714,20751231
4006,688165.SH,20200715,20751231
4007,688180.SH,20200715,20751231
4008,605108.SH,20200716,20751231
4009,688500.SH,20200716,20751231
4010,688981.SH,20200716,20751231
4011,300851.SZ,20200717,20751231
4012,688567.SH,20200717,20751231
4013,688579.SH,20200717,20751231
4014,300848.SZ,20200720,20751231
4015,688256.SH,20200720,20751231
4016,688488.SH,20200720,20751231
4017,688580.SH,20200721,20751231
4018,300856.SZ,20200722,20751231
4019,688069.SH,20200722,20751231
4020,688077.SH,20200722,20751231
4021,688336.SH,20200722,20751231
4022,688418.SH,20200722,20751231
4023,688508.SH,20200722,20751231
4024,688561.SH,20200722,20751231
4025,688589.SH,20200722,20751231
4026,300855.SZ,20200723,20751231
4027,300853.SZ,20200724,20751231
4028,300857.SZ,20200727,20751231
4029,300858.SZ,20200727,20751231
4030,605188.SH,20200728,20751231
4031,688050.SH,20200729,20751231
4032,603408.SH,20200730,20751231
4033,605118.SH,20200730,20751231
4034,002991.SZ,20200731,20751231
4035,601456.SH,20200731,20751231
4036,605222.SH,20200731,20751231
4037,688311.SH,20200731,20751231
4038,688586.SH,20200731,20751231
4039,002992.SZ,20200803,20751231
4040,605318.SH,20200803,20751231
4041,605399.SH,20200804,20751231
4042,002995.SZ,20200805,20751231
4043,605158.SH,20200805,20751231
4044,300859.SZ,20200806,20751231
4045,688338.SH,20200806,20751231
4046,605066.SH,20200807,20751231
4047,688556.SH,20200807,20751231
4048,688286.SH,20200810,20751231
4049,688339.SH,20200810,20751231
4050,605100.SH,20200811,20751231
4051,688155.SH,20200811,20751231
4052,605366.SH,20200812,20751231
4053,688065.SH,20200812,20751231
4054,688313.SH,20200812,20751231
4055,688185.SH,20200813,20751231
4056,002993.SZ,20200817,20751231
4057,605088.SH,20200817,20751231
4058,688055.SH,20200817,20751231
4059,688229.SH,20200817,20751231
4060,688335.SH,20200817,20751231
4061,605333.SH,20200818,20751231
4062,605388.SH,20200818,20751231
4063,688519.SH,20200818,20751231
4064,688521.SH,20200818,20751231
4065,603931.SH,20200819,20751231
4066,688379.SH,20200819,20751231
4067,688393.SH,20200820,20751231
4068,688596.SH,20200820,20751231
4069,605008.SH,20200821,20751231
4070,605178.SH,20200821,20751231
4071,300860.SZ,20200824,20751231
4072,300861.SZ,20200824,20751231
4073,300862.SZ,20200824,20751231
4074,300863.SZ,20200824,20751231
4075,300864.SZ,20200824,20751231
4076,300865.SZ,20200824,20751231
4077,300866.SZ,20200824,20751231
4078,300867.SZ,20200824,20751231
4079,300868.SZ,20200824,20751231
4080,300869.SZ,20200824,20751231
4081,300870.SZ,20200824,20751231
4082,300871.SZ,20200824,20751231
4083,300872.SZ,20200824,20751231
4084,300873.SZ,20200824,20751231
4085,300875.SZ,20200824,20751231
4086,300876.SZ,20200824,20751231
4087,300877.SZ,20200824,20751231
4088,300878.SZ,20200824,20751231
4089,605123.SH,20200825,20751231
4090,605255.SH,20200825,20751231
4091,688356.SH,20200826,20751231
4092,002996.SZ,20200828,20751231
4093,688017.SH,20200828,20751231
4094,688215.SH,20200828,20751231
4095,688289.SH,20200828,20751231
4096,688408.SH,20200828,20751231
4097,688569.SH,20200831,20751231
4098,300879.SZ,20200901,20751231
4099,300880.SZ,20200901,20751231
4100,300881.SZ,20200901,20751231
4101,603155.SH,20200901,20751231
4102,688056.SH,20200902,20751231
4103,688513.SH,20200902,20751231
4104,688550.SH,20200902,20751231
4105,002997.SZ,20200903,20751231
4106,002999.SZ,20200903,20751231
4107,605006.SH,20200903,20751231
4108,688378.SH,20200903,20751231
4109,688390.SH,20200904,20751231
4110,601702.SH,20200907,20751231
4111,605003.SH,20200908,20751231
4112,688095.SH,20200908,20751231
4113,688559.SH,20200909,20751231
4114,300882.SZ,20200910,20751231
4115,300883.SZ,20200910,20751231
4116,300885.SZ,20200910,20751231
4117,688551.SH,20200910,20751231
4118,002984.SZ,20200911,20751231
4119,605009.SH,20200911,20751231
4120,605358.SH,20200911,20751231
4121,003000.SZ,20200914,20751231
4122,605128.SH,20200915,20751231
4123,300886.SZ,20200916,20751231
4124,300887.SZ,20200916,20751231
4125,300889.SZ,20200916,20751231
4126,605369.SH,20200916,20751231
4127,688577.SH,20200916,20751231
4128,300888.SZ,20200917,20751231
4129,300890.SZ,20200917,20751231
4130,300891.SZ,20200917,20751231
4131,603112.SH,20200917,20751231
4132,605198.SH,20200918,20751231
4133,688301.SH,20200918,20751231
4134,003003.SZ,20200921,20751231
4135,003006.SZ,20200921,20751231
4136,605116.SH,20200921,20751231
4137,688127.SH,20200921,20751231
4138,688536.SH,20200921,20751231
4139,003002.SZ,20200922,20751231
4140,003005.SZ,20200922,20751231
4141,688156.SH,20200922,20751231
4142,688526.SH,20200922,20751231
4143,003007.SZ,20200923,20751231
4144,003008.SZ,20200923,20751231
4145,300892.SZ,20200924,20751231
4146,300893.SZ,20200924,20751231
4147,300895.SZ,20200924,20751231
4148,605050.SH,20200924,20751231
4149,002998.SZ,20200925,20751231
4150,003009.SZ,20200925,20751231
4151,003010.SZ,20200925,20751231
4152,603565.SH,20200925,20751231
4153,300896.SZ,20200928,20751231
4154,300897.SZ,20200928,20751231
4155,605111.SH,20200928,20751231
4156,605218.SH,20200928,20751231
4157,688013.SH,20200928,20751231
4158,688585.SH,20200928,20751231
4159,688595.SH,20200928,20751231
4160,605018.SH,20200929,20751231
4161,605136.SH,20200929,20751231
4162,003011.SZ,20200930,20751231
4163,605099.SH,20200930,20751231
4164,688093.SH,20200930,20751231
4165,605338.SH,20201012,20751231
4166,003001.SZ,20201013,20751231
4167,300999.SZ,20201015,20751231
4168,688330.SH,20201015,20751231
4169,300898.SZ,20201016,20751231
4170,300899.SZ,20201016,20751231
4171,688386.SH,20201016,20751231
4172,003012.SZ,20201019,20751231
4173,605336.SH,20201019,20751231
4174,601568.SH,20201020,20751231
4175,003015.SZ,20201021,20751231
4176,605058.SH,20201021,20751231
4177,003013.SZ,20201022,20751231
4178,688788.SH,20201022,20751231
4179,688129.SH,20201023,20751231
4180,003016.SZ,20201026,20751231
4181,003017.SZ,20201026,20751231
4182,688179.SH,20201026,20751231
4183,601187.SH,20201027,20751231
4184,688221.SH,20201028,20751231
4185,300900.SZ,20201029,20751231
4186,300901.SZ,20201029,20751231
4187,300902.SZ,20201029,20751231
4188,605169.SH,20201030,20751231
4189,688133.SH,20201030,20751231
4190,601995.SH,20201102,20751231
4191,300903.SZ,20201105,20751231
4192,300905.SZ,20201105,20751231
4193,300906.SZ,20201105,20751231
4194,003018.SZ,20201106,20751231
4195,688529.SH,20201109,20751231
4196,605007.SH,20201110,20751231
4197,688057.SH,20201111,20751231
4198,688135.SH,20201111,20751231
4199,300884.SZ,20201112,20751231
4200,688160.SH,20201112,20751231
4201,003019.SZ,20201117,20751231
4202,300907.SZ,20201118,20751231
4203,300909.SZ,20201118,20751231
4204,688219.SH,20201118,20751231
4205,300908.SZ,20201123,20751231
4206,605068.SH,20201123,20751231
4207,688777.SH,20201124,20751231
4208,605177.SH,20201125,20751231
4209,003004.SZ,20201126,20751231
4210,300910.SZ,20201127,20751231
4211,605266.SH,20201201,20751231
4212,300915.SZ,20201202,20751231
4213,300916.SZ,20201202,20751231
4214,688557.SH,20201202,20751231
4215,688578.SH,20201202,20751231
4216,300911.SZ,20201203,20751231
4217,605258.SH,20201203,20751231
4218,003021.SZ,20201204,20751231
4219,601686.SH,20201204,20751231
4220,300912.SZ,20201207,20751231
4221,300913.SZ,20201207,20751231
4222,605183.SH,20201207,20751231
4223,688590.SH,20201207,20751231
4224,003022.SZ,20201208,20751231
4225,605376.SH,20201208,20751231
4226,688308.SH,20201210,20751231
4227,003023.SZ,20201211,20751231
4228,003025.SZ,20201211,20751231
4229,688571.SH,20201211,20751231
4230,688136.SH,20201214,20751231
4231,003020.SZ,20201215,20751231
4232,605151.SH,20201215,20751231
4233,605299.SH,20201215,20751231
4234,688510.SH,20201216,20751231
4235,688608.SH,20201216,20751231
4236,003027.SZ,20201218,20751231
4237,688699.SH,20201218,20751231
4238,003026.SZ,20201218,20751231
4239,300917.SZ,20201221,20751231
4240,688668.SH,20201221,20751231
4241,300918.SZ,20201222,20751231
4242,300921.SZ,20201222,20751231
4243,605186.SH,20201222,20751231
4244,605500.SH,20201222,20751231
4245,688678.SH,20201223,20751231
4246,300919.SZ,20201223,20751231
4247,003029.SZ,20201224,20751231
4248,300923.SZ,20201224,20751231
4249,688560.SH,20201224,20751231
4250,688658.SH,20201224,20751231
4251,300920.SZ,20201225,20751231
4252,300922.SZ,20201225,20751231
4253,601956.SH,20201225,20751231
4254,688679.SH,20201225,20751231
4255,003028.SZ,20201228,20751231
4256,605179.SH,20201228,20751231
4257,605377.SH,20201228,20751231
4258,688698.SH,20201229,20751231
4259,688063.SH,20201230,20751231
4260,688618.SH,20201230,20751231
4261,300925.SZ,20201230,20751231
4262,605155.SH,20201231,20751231
4263,688686.SH,20201231,20751231
4264,300894.SZ,20201231,20751231
4265,003031.SZ,20210104,20751231
4266,003030.SZ,20210106,20751231
4267,300928.SZ,20210106,20751231
4268,605277.SH,20210106,20751231
4269,300926.SZ,20210107,20751231
4270,300927.SZ,20210107,20751231
4271,688617.SH,20210107,20751231
4272,003033.SZ,20210111,20751231
4273,003032.SZ,20210112,20751231
4274,688656.SH,20210113,20751231
4275,688317.SH,20210118,20751231
4276,688819.SH,20210118,20751231
4277,003035.SZ,20210119,20751231
4278,605005.SH,20210119,20751231
4279,300935.SZ,20210120,20751231
4280,605228.SH,20210120,20751231
4281,300929.SZ,20210120,20751231
4282,300930.SZ,20210121,20751231
4283,300931.SZ,20210121,20751231
4284,605398.SH,20210121,20751231
4285,300932.SZ,20210122,20751231
4286,300933.SZ,20210122,20751231
4287,688680.SH,20210122,20751231
4288,688669.SH,20210125,20751231
4289,300936.SZ,20210126,20751231
4290,300937.SZ,20210127,20751231
4291,300938.SZ,20210127,20751231
4292,688689.SH,20210127,20751231
4293,003036.SZ,20210128,20751231
4294,300939.SZ,20210128,20751231
4295,688350.SH,20210128,20751231
4296,605055.SH,20210129,20751231
4297,605368.SH,20210129,20751231
4298,688607.SH,20210201,20751231
4299,688628.SH,20210201,20751231
4300,300940.SZ,20210203,20751231
4301,003037.SZ,20210204,20751231
4302,600916.SH,20210205,20751231
4303,601963.SH,20210205,20751231
4304,605337.SH,20210208,20751231
4305,688059.SH,20210208,20751231
4306,688687.SH,20210208,20751231
4307,300946.SZ,20210208,20751231
4308,300941.SZ,20210209,20751231
4309,300942.SZ,20210209,20751231
4310,605077.SH,20210209,20751231
4311,605081.SH,20210209,20751231
4312,688665.SH,20210209,20751231
4313,688070.SH,20210210,20751231
4314,003038.SZ,20210210,20751231
4315,300943.SZ,20210210,20751231
4316,300945.SZ,20210210,20751231
4317,300947.SZ,20210210,20751231
4318,688619.SH,20210223,20751231
4319,605133.SH,20210224,20751231
4320,605268.SH,20210224,20751231
4321,300948.SZ,20210225,20751231
4322,688183.SH,20210225,20751231
4323,300949.SZ,20210226,20751231
4324,300951.SZ,20210226,20751231
4325,688677.SH,20210226,20751231
4326,605060.SH,20210301,20751231
4327,605298.SH,20210301,20751231
4328,605303.SH,20210301,20751231
4329,688079.SH,20210302,20751231
4330,300950.SZ,20210303,20751231
4331,688696.SH,20210303,20751231
4332,003039.SZ,20210308,20751231
4333,605208.SH,20210308,20751231
4334,688328.SH,20210309,20751231
4335,688676.SH,20210309,20751231
4336,605122.SH,20210310,20751231
4337,300952.SZ,20210311,20751231
4338,688083.SH,20210311,20751231
4339,688667.SH,20210312,20751231
4340,688316.SH,20210316,20751231
4341,688456.SH,20210317,20751231
4342,300953.SZ,20210318,20751231
4343,688616.SH,20210318,20751231
4344,688092.SH,20210319,20751231
4345,605286.SH,20210322,20751231
4346,605389.SH,20210322,20751231
4347,003040.SZ,20210322,20751231
4348,300959.SZ,20210322,20751231
4349,688609.SH,20210323,20751231
4350,300955.SZ,20210324,20751231
4351,688633.SH,20210324,20751231
4352,688606.SH,20210325,20751231
4353,300957.SZ,20210325,20751231
4354,300956.SZ,20210326,20751231
4355,603759.SH,20210326,20751231
4356,688195.SH,20210326,20751231
4357,300958.SZ,20210329,20751231
4358,300960.SZ,20210329,20751231
4359,688329.SH,20210329,20751231
4360,688661.SH,20210329,20751231
4361,300961.SZ,20210330,20751231
4362,688109.SH,20210330,20751231
4363,688626.SH,20210331,20751231
4364,688659.SH,20210331,20751231
4365,688630.SH,20210401,20751231
4366,688662.SH,20210401,20751231
4367,300965.SZ,20210402,20751231
4368,003041.SZ,20210406,20751231
4369,003042.SZ,20210406,20751231
4370,688260.SH,20210406,20751231
4371,003043.SZ,20210406,20751231
4372,603324.SH,20210407,20751231
4373,688191.SH,20210408,20751231
4374,688636.SH,20210408,20751231
4375,300963.SZ,20210409,20751231
4376,300966.SZ,20210409,20751231
4377,688468.SH,20210409,20751231
4378,300962.SZ,20210409,20751231
4379,300969.SZ,20210412,20751231
4380,300970.SZ,20210412,20751231
4381,605378.SH,20210412,20751231
4382,688611.SH,20210412,20751231
4383,688683.SH,20210412,20751231
4384,300967.SZ,20210413,20751231
4385,688663.SH,20210413,20751231
4386,688315.SH,20210413,20751231
4387,300968.SZ,20210415,20751231
4388,300971.SZ,20210415,20751231
4389,300973.SZ,20210415,20751231
4390,601279.SH,20210415,20751231
4391,605086.SH,20210416,20751231
4392,300972.SZ,20210419,20751231
4393,300976.SZ,20210419,20751231
4394,688533.SH,20210419,20751231
4395,300977.SZ,20210420,20751231
4396,300983.SZ,20210420,20751231
4397,605117.SH,20210420,20751231
4398,688682.SH,20210420,20751231
4399,605016.SH,20210421,20751231
4400,605098.SH,20210421,20751231
4401,300975.SZ,20210421,20751231
4402,300980.SZ,20210421,20751231
4403,688201.SH,20210421,20751231
4404,688639.SH,20210422,20751231
4405,300979.SZ,20210426,20751231
4406,605289.SH,20210426,20751231
4407,300978.SZ,20210426,20751231
4408,300981.SZ,20210427,20751231
4409,300982.SZ,20210427,20751231
4410,605089.SH,20210427,20751231
4411,688323.SH,20210428,20751231
4412,688383.SH,20210428,20751231
4413,001201.SZ,20210428,20751231
4414,688395.SH,20210429,20751231
4415,001202.SZ,20210429,20751231
4416,300985.SZ,20210429,20751231
4417,300986.SZ,20210430,20751231
4418,605180.SH,20210430,20751231
4419,605300.SH,20210430,20751231
4420,605080.SH,20210506,20751231
4421,605305.SH,20210506,20751231
4422,688113.SH,20210506,20751231
4423,300989.SZ,20210507,20751231
4424,600906.SH,20210507,20751231
4425,001203.SZ,20210510,20751231
4426,300987.SZ,20210511,20751231
4427,605196.SH,20210511,20751231
4428,688655.SH,20210511,20751231
4429,300990.SZ,20210512,20751231
4430,688097.SH,20210512,20751231
4431,300988.SZ,20210512,20751231
4432,688355.SH,20210512,20751231
4433,001205.SZ,20210513,20751231
4434,605488.SH,20210513,20751231
4435,688685.SH,20210513,20751231
4436,688565.SH,20210513,20751231
4437,688217.SH,20210517,20751231
4438,688575.SH,20210517,20751231
4439,001206.SZ,20210518,20751231
4440,605339.SH,20210518,20751231
4441,688314.SH,20210518,20751231
4442,688660.SH,20210519,20751231
4443,300991.SZ,20210520,20751231
4444,688076.SH,20210520,20751231
4445,688359.SH,20210521,20751231
4446,688613.SH,20210521,20751231
4447,300993.SZ,20210524,20751231
4448,300614.SZ,20210525,20751231
4449,300992.SZ,20210525,20751231
4450,600032.SH,20210525,20751231
4451,605090.SH,20210525,20751231
4452,603836.SH,20210526,20751231
4453,300995.SZ,20210526,20751231
4454,605499.SH,20210527,20751231
4455,301000.SZ,20210528,20751231
4456,605189.SH,20210528,20751231
4457,605296.SH,20210528,20751231
4458,688538.SH,20210528,20751231
4459,301001.SZ,20210528,20751231
4460,603511.SH,20210531,20751231
4461,301003.SZ,20210601,20751231
4462,301005.SZ,20210601,20751231
4463,300997.SZ,20210602,20751231
4464,300998.SZ,20210602,20751231
4465,300996.SZ,20210603,20751231
4466,688117.SH,20210603,20751231
4467,301006.SZ,20210607,20751231
4468,605319.SH,20210607,20751231
4469,301002.SZ,20210607,20751231
4470,688625.SH,20210607,20751231
4471,688319.SH,20210608,20751231
4472,688131.SH,20210608,20751231
4473,601156.SH,20210609,20751231
4474,688269.SH,20210609,20751231
4475,600905.SH,20210610,20751231
4476,301008.SZ,20210611,20751231
4477,688345.SH,20210611,20751231
4478,603529.SH,20210615,20751231
4479,605259.SH,20210615,20751231
4480,688700.SH,20210615,20751231
4481,301007.SZ,20210616,20751231
4482,688067.SH,20210616,20751231
4483,688681.SH,20210616,20751231
4484,301009.SZ,20210617,20751231
4485,301011.SZ,20210617,20751231
4486,688597.SH,20210617,20751231
4487,300984.SZ,20210618,20751231
4488,601665.SH,20210618,20751231
4489,688517.SH,20210618,20751231
4490,301010.SZ,20210618,20751231
4491,688621.SH,20210621,20751231
4492,301012.SZ,20210622,20751231
4493,688425.SH,20210622,20751231
4494,001207.SZ,20210623,20751231
4495,688216.SH,20210623,20751231
4496,688690.SH,20210623,20751231
4497,001208.SZ,20210624,20751231
4498,301004.SZ,20210625,20751231
4499,601528.SH,20210625,20751231
4500,688276.SH,20210625,20751231
4501,688367.SH,20210628,20751231
4502,301019.SZ,20210628,20751231
4503,688601.SH,20210628,20751231
4504,301013.SZ,20210629,20751231
4505,301015.SZ,20210630,20751231
4506,301016.SZ,20210630,20751231
4507,603171.SH,20210630,20751231
4508,605011.SH,20210630,20751231
4509,688161.SH,20210630,20751231
4510,688499.SH,20210701,20751231
4511,301022.SZ,20210702,20751231
4512,301017.SZ,20210705,20751231
4513,688239.SH,20210705,20751231
4514,301020.SZ,20210706,20751231
4515,301021.SZ,20210706,20751231
4516,605287.SH,20210706,20751231
4517,301018.SZ,20210707,20751231
4518,688226.SH,20210707,20751231
4519,301023.SZ,20210707,20751231
4520,605162.SH,20210707,20751231
4521,301039.SZ,20210708,20751231
4522,688789.SH,20210708,20751231
4523,605020.SH,20210709,20751231
4524,688087.SH,20210709,20751231
4525,688305.SH,20210709,20751231
4526,605028.SH,20210712,20751231
4527,688038.SH,20210713,20751231
4528,688799.SH,20210713,20751231
4529,301027.SZ,20210715,20751231
4530,301031.SZ,20210715,20751231
4531,688793.SH,20210715,20751231
4532,301026.SZ,20210716,20751231
4533,688501.SH,20210716,20751231
4534,301025.SZ,20210719,20751231
4535,301028.SZ,20210720,20751231
4536,605056.SH,20210720,20751231
4537,605365.SH,20210720,20751231
4538,301030.SZ,20210722,20751231
4539,688303.SH,20210722,20751231
4540,688800.SH,20210722,20751231
4541,301032.SZ,20210722,20751231
4542,001209.SZ,20210723,20751231
4543,301029.SZ,20210723,20751231
4544,601921.SH,20210723,20751231
4545,605167.SH,20210726,20751231
4546,688768.SH,20210726,20751231
4547,301033.SZ,20210726,20751231
4548,688296.SH,20210727,20751231
4549,301024.SZ,20210728,20751231
4550,688718.SH,20210728,20751231
4551,301035.SZ,20210728,20751231
4552,001210.SZ,20210729,20751231
4553,301036.SZ,20210729,20751231
4554,688071.SH,20210729,20751231
4555,301037.SZ,20210730,20751231
4556,688509.SH,20210730,20751231
4557,688511.SH,20210730,20751231
4558,605507.SH,20210802,20751231
4559,688670.SH,20210802,20751231
4560,301040.SZ,20210803,20751231
4561,301038.SZ,20210804,20751231
4562,688385.SH,20210804,20751231
4563,300774.SZ,20210804,20751231
4564,001211.SZ,20210805,20751231
4565,301042.SZ,20210805,20751231
4566,688778.SH,20210805,20751231
4567,300964.SZ,20210805,20751231
4568,688148.SH,20210806,20751231
4569,605589.SH,20210810,20751231
4570,301041.SZ,20210811,20751231
4571,301043.SZ,20210811,20751231
4572,688779.SH,20210811,20751231
4573,300814.SZ,20210812,20751231
4574,300994.SZ,20210812,20751231
4575,605588.SH,20210812,20751231
4576,300844.SZ,20210813,20751231
4577,301045.SZ,20210813,20751231
4578,688787.SH,20210813,20751231
4579,301047.SZ,20210816,20751231
4580,605069.SH,20210816,20751231
4581,688798.SH,20210816,20751231
4582,301046.SZ,20210817,20751231
4583,688733.SH,20210817,20751231
4584,301048.SZ,20210818,20751231
4585,688728.SH,20210818,20751231
4586,601825.SH,20210819,20751231
4587,605580.SH,20210819,20751231
4588,601728.SH,20210820,20751231
4589,001212.SZ,20210823,20751231
4590,688766.SH,20210823,20751231
4591,301049.SZ,20210824,20751231
4592,301050.SZ,20210824,20751231
4593,605577.SH,20210824,20751231
4594,688786.SH,20210826,20751231
4595,301051.SZ,20210827,20751231
4596,301052.SZ,20210830,20751231
4597,688776.SH,20210831,20751231
4598,301053.SZ,20210901,20751231
4599,688711.SH,20210901,20751231
4600,001215.SZ,20210906,20751231
4601,301055.SZ,20210906,20751231
4602,688121.SH,20210906,20751231
4603,301056.SZ,20210907,20751231
4604,688187.SH,20210907,20751231
4605,001213.SZ,20210908,20751231
4606,688767.SH,20210908,20751231
4607,301057.SZ,20210909,20751231
4608,605599.SH,20210909,20751231
4609,688091.SH,20210909,20751231
4610,301058.SZ,20210909,20751231
4611,688103.SH,20210910,20751231
4612,301059.SZ,20210913,20751231
4613,301060.SZ,20210913,20751231
4614,301061.SZ,20210913,20751231
4615,688622.SH,20210913,20751231
4616,301062.SZ,20210914,20751231
4617,301065.SZ,20210914,20751231
4618,688707.SH,20210914,20751231
4619,600955.SH,20210915,20751231
4620,300854.SZ,20210916,20751231
4621,605033.SH,20210916,20751231
4622,688701.SH,20210916,20751231
4623,605598.SH,20210917,20751231
4624,688697.SH,20210917,20751231
4625,301066.SZ,20210922,20751231
4626,301067.SZ,20210922,20751231
4627,301070.SZ,20210923,20751231
4628,301063.SZ,20210924,20751231
4629,301071.SZ,20210924,20751231
4630,301069.SZ,20210927,20751231
4631,301068.SZ,20210928,20751231
4632,601868.SH,20210928,20751231
4633,301072.SZ,20210929,20751231
4634,001217.SZ,20210929,20751231
4635,301075.SZ,20210929,20751231
4636,301073.SZ,20210930,20751231
4637,301077.SZ,20210930,20751231
4638,301076.SZ,20211011,20751231
4639,605567.SH,20211013,20751231
4640,301078.SZ,20211014,20751231
4641,001218.SZ,20211015,20751231
4642,688772.SH,20211015,20751231
4643,301080.SZ,20211018,20751231
4644,301085.SZ,20211018,20751231
4645,688272.SH,20211018,20751231
4646,001216.SZ,20211019,20751231
4647,301079.SZ,20211019,20751231
4648,688722.SH,20211019,20751231
4649,301081.SZ,20211020,20751231
4650,301086.SZ,20211020,20751231
4651,688285.SH,20211020,20751231
4652,001219.SZ,20211021,20751231
4653,301083.SZ,20211021,20751231
4654,605555.SH,20211021,20751231
4655,688737.SH,20211022,20751231
4656,301087.SZ,20211025,20751231
4657,605566.SH,20211025,20751231
4658,688255.SH,20211025,20751231
4659,301090.SZ,20211026,20751231
4660,688211.SH,20211026,20751231
4661,688553.SH,20211026,20751231
4662,301082.SZ,20211027,20751231
4663,301089.SZ,20211027,20751231
4664,605138.SH,20211027,20751231
4665,688257.SH,20211027,20751231
4666,688280.SH,20211027,20751231
4667,301088.SZ,20211028,20751231
4668,688739.SH,20211028,20751231
4669,301091.SZ,20211029,20751231
4670,001288.SZ,20211101,20751231
4671,301093.SZ,20211101,20751231
4672,301092.SZ,20211102,20751231
4673,301129.SZ,20211102,20751231
4674,301169.SZ,20211103,20751231
4675,301128.SZ,20211110,20751231
4676,301149.SZ,20211110,20751231
4677,688162.SH,20211110,20751231
4678,301188.SZ,20211111,20751231
4679,603213.SH,20211111,20751231
4680,301098.SZ,20211112,20751231
4681,688107.SH,20211112,20751231
4682,301178.SZ,20211112,20751231
4683,001267.SZ,20211117,20751231
4684,688105.SH,20211115,20751231
4685,688212.SH,20211115,20751231
4686,301180.SZ,20211116,20751231
4687,603048.SH,20211116,20751231
4688,688182.SH,20211116,20751231
4689,688232.SH,20211117,20751231
4690,688075.SH,20211118,20751231
4691,688082.SH,20211118,20751231
4692,301118.SZ,20211118,20751231
4693,301185.SZ,20211119,20751231
4694,301099.SZ,20211122,20751231
4695,301119.SZ,20211122,20751231
4696,603219.SH,20211122,20751231
4697,301155.SZ,20211124,20751231
4698,600935.SH,20211126,20751231
4699,688190.SH,20211126,20751231
4700,301133.SZ,20211126,20751231
4701,688049.SH,20211129,20751231
4702,001317.SZ,20211130,20751231
4703,688112.SH,20211201,20751231
4704,688230.SH,20211201,20751231
4705,301198.SZ,20211202,20751231
4706,301108.SZ,20211203,20751231
4707,301167.SZ,20211206,20751231
4708,301213.SZ,20211206,20751231
4709,688151.SH,20211206,20751231
4710,301111.SZ,20211207,20751231
4711,301126.SZ,20211207,20751231
4712,301199.SZ,20211207,20751231
4713,301179.SZ,20211208,20751231
4714,301193.SZ,20211209,20751231
4715,688110.SH,20211210,20751231
4716,688192.SH,20211210,20751231
4717,301168.SZ,20211210,20751231
4718,688246.SH,20211214,20751231
4719,301138.SZ,20211215,20751231
4720,301177.SZ,20211215,20751231
4721,603216.SH,20211215,20751231
4722,688235.SH,20211215,20751231
4723,301101.SZ,20211216,20751231
4724,603071.SH,20211216,20751231
4725,301100.SZ,20211217,20751231
4726,688032.SH,20211220,20751231
4727,301096.SZ,20211220,20751231
4728,301113.SZ,20211222,20751231
4729,301211.SZ,20211222,20751231
4730,301221.SZ,20211222,20751231
4731,688248.SH,20211222,20751231
4732,301182.SZ,20211223,20751231
4733,301186.SZ,20211223,20751231
4734,600927.SH,20211223,20751231
4735,001296.SZ,20211224,20751231
4736,301190.SZ,20211224,20751231
4737,603230.SH,20211224,20751231
4738,688167.SH,20211224,20751231
4739,688210.SH,20211227,20751231
4740,301166.SZ,20211228,20751231
4741,301189.SZ,20211228,20751231
4742,688206.SH,20211228,20751231
4743,688265.SH,20211228,20751231
4744,301127.SZ,20211230,20751231
4745,688227.SH,20211230,20751231
4746,688236.SH,20211230,20751231
4747,603176.SH,20211231,20751231
4748,600941.SH,20220105,20751231
4749,688262.SH,20220106,20751231
4750,301159.SZ,20220107,20751231
4751,688176.SH,20220107,20751231
4752,001234.SZ,20220111,20751231
4753,301136.SZ,20220111,20751231
4754,301196.SZ,20220111,20751231
4755,688234.SH,20220112,20751231
4756,688259.SH,20220112,20751231
4757,300834.SZ,20220113,20751231
4758,688220.SH,20220114,20751231
4759,001227.SZ,20220117,20751231
4760,301117.SZ,20220117,20751231
4761,301158.SZ,20220117,20751231
4762,301116.SZ,20220118,20751231
4763,688062.SH,20220118,20751231
4764,301201.SZ,20220120,20751231
4765,688173.SH,20220121,20751231
4766,001289.SZ,20220124,20751231
4767,603150.SH,20220124,20751231
4768,301123.SZ,20220125,20751231
4769,603102.SH,20220125,20751231
4770,301122.SZ,20220126,20751231
4771,688223.SH,20220126,20751231
4772,301217.SZ,20220127,20751231
4773,688171.SH,20220127,20751231
4774,688270.SH,20220127,20751231
4775,301106.SZ,20220128,20751231
4776,301228.SZ,20220128,20751231
4777,301235.SZ,20220128,20751231
4778,688225.SH,20220209,20751231
4779,301206.SZ,20220210,20751231
4780,688261.SH,20220210,20751231
4781,688283.SH,20220215,20751231
4782,001313.SZ,20220216,20751231
4783,603122.SH,20220216,20751231
4784,688267.SH,20220216,20751231
4785,301207.SZ,20220218,20751231
4786,603215.SH,20220218,20751231
4787,301181.SZ,20220221,20751231
4788,301229.SZ,20220222,20751231
4789,603132.SH,20220222,20751231
4790,301130.SZ,20220223,20751231
4791,001266.SZ,20220228,20751231
4792,301200.SZ,20220228,20751231
4793,301218.SZ,20220307,20751231
4794,688281.SH,20220307,20751231
